category,variant,scenario,history,phase,sample,elapsedMs,historyMs,measurementMs,kind,replayed,restored,remeasured,reusedMeasurements,recycleReason,reusedPrimitives,solveMs,regenMs,radius,kernelMs,jsMs,bodyWidth,inputToWorkerRequestMs,requestToWorkerResponseMs,workerResponseToBodiesMs,bodyInstallationMs,bodiesToNextFrameMs,inputToFrameMs,observedAfterMs
adapter,baseline,extrude,30,cold,0,94.03222000000005,32.092295000000036,59.67518200000086,full-rebuild,30,0,29,0,,,,,,,,,,,,,,,
adapter,baseline,extrude,30,warm-repeat,0,14.893338000000085,4.215151999999989,10.335360000000037,prefix-restore,2,28,2,27,,,,,,,,,,,,,,,
adapter,baseline,extrude,30,operation-warmup,0,11.801241000000118,2.327731999999969,9.170921999999337,prefix-restore,2,28,2,27,,,,,,,,,,,,,,,
adapter,baseline,extrude,30,operation-warm,1,14.268982000000051,1.987720999999965,11.972702000000027,prefix-restore,2,28,2,27,,,,,,,,,,,,,,,
adapter,baseline,extrude,30,operation-warm,2,16.83634300000017,2.591707000000042,13.870620999999346,prefix-restore,2,28,2,27,,,,,,,,,,,,,,,
adapter,baseline,extrude,30,operation-warm,3,12.485186999999996,1.8975960000000214,10.250705999999354,prefix-restore,2,28,2,27,,,,,,,,,,,,,,,
adapter,baseline,extrude,30,operation-warm,4,12.43732399999999,2.4922479999997904,9.554191000000628,prefix-restore,2,28,2,27,,,,,,,,,,,,,,,
adapter,baseline,extrude,30,operation-warm,5,11.093599999999924,1.6428339999999935,9.178230000000212,prefix-restore,2,28,2,27,,,,,,,,,,,,,,,
adapter,baseline,extrude,30,operation-warm,6,9.893790000000081,1.3726489999999103,8.226250000000164,prefix-restore,2,28,2,27,,,,,,,,,,,,,,,
adapter,baseline,extrude,30,operation-warm,7,10.51180700000009,1.6575370000000476,8.57083300000022,prefix-restore,2,28,2,27,,,,,,,,,,,,,,,
adapter,baseline,extrude,30,operation-warm,8,10.42217299999993,1.5491230000000087,8.528350000000046,prefix-restore,2,28,2,27,,,,,,,,,,,,,,,
adapter,baseline,extrude,30,operation-warm,9,11.44682899999998,2.628292999999985,8.573127999999542,prefix-restore,2,28,2,27,,,,,,,,,,,,,,,
adapter,baseline,extrude,30,operation-warm,10,10.354640000000018,1.3415019999999913,8.774600999999393,prefix-restore,2,28,2,27,,,,,,,,,,,,,,,
adapter,baseline,extrude,30,operation-warm,11,10.081762000000026,1.437947000000122,8.391425000000027,prefix-restore,2,28,2,27,,,,,,,,,,,,,,,
adapter,baseline,extrude,30,operation-warm,12,9.806378999999879,1.5843870000001061,8.022863000000143,prefix-restore,2,28,2,27,,,,,,,,,,,,,,,
adapter,baseline,extrude,30,operation-warm,13,10.550615000000107,1.4361140000000887,8.895472000000382,prefix-restore,2,28,2,27,,,,,,,,,,,,,,,
adapter,baseline,extrude,30,operation-warm,14,10.071717000000035,1.4704160000001139,8.391578999999638,prefix-restore,2,28,2,27,,,,,,,,,,,,,,,
adapter,baseline,extrude,30,operation-warm,15,11.881460999999945,1.962774999999965,9.670829000001277,prefix-restore,2,28,2,27,,,,,,,,,,,,,,,
adapter,baseline,extrude,30,operation-warm,16,11.241670999999997,1.7619130000000496,9.211353999998892,prefix-restore,2,28,2,27,,,,,,,,,,,,,,,
adapter,baseline,extrude,30,operation-warm,17,10.362773000000061,1.486911000000191,8.711987000000363,prefix-restore,2,28,2,27,,,,,,,,,,,,,,,
adapter,baseline,extrude,30,operation-warm,18,11.002071999999998,1.9288729999998395,8.896375000000035,prefix-restore,2,28,2,27,,,,,,,,,,,,,,,
adapter,baseline,extrude,30,operation-warm,19,10.61708499999986,1.4343209999999544,9.014190000000326,prefix-restore,2,28,2,27,,,,,,,,,,,,,,,
adapter,baseline,extrude,30,operation-warm,20,9.666208000000097,1.4590789999999743,8.055533000000423,prefix-restore,2,28,2,27,,,,,,,,,,,,,,,
adapter,baseline,extrude,30,operation-warm,21,9.3790469999999,1.3661090000000513,7.82832099999996,prefix-restore,2,28,2,27,,,,,,,,,,,,,,,
adapter,baseline,extrude,30,operation-warm,22,9.984355999999934,1.4034750000000713,8.423642000000655,prefix-restore,2,28,2,27,,,,,,,,,,,,,,,
adapter,baseline,extrude,30,operation-warm,23,9.664596000000074,1.507050000000163,8.00770999999986,prefix-restore,2,28,2,27,,,,,,,,,,,,,,,
adapter,baseline,extrude,30,operation-warm,24,9.765436000000136,1.4929290000000037,8.085848999998689,prefix-restore,2,28,2,27,,,,,,,,,,,,,,,
adapter,baseline,extrude,30,operation-warm,25,10.408391000000393,1.5985180000002401,8.638196000000335,prefix-restore,2,28,2,27,,,,,,,,,,,,,,,
adapter,baseline,extrude,30,operation-warm,26,9.445688000000246,1.360501000000113,7.911771000001863,prefix-restore,2,28,2,27,,,,,,,,,,,,,,,
adapter,baseline,extrude,30,operation-warm,27,10.451896999999917,1.4007809999998244,8.6993250000005,prefix-restore,2,28,2,27,,,,,,,,,,,,,,,
adapter,baseline,extrude,30,operation-warm,28,9.791715999999724,1.3388880000002246,8.298800000000938,prefix-restore,2,28,2,27,,,,,,,,,,,,,,,
adapter,baseline,extrude,30,operation-warm,29,10.522183000000041,1.751636999999846,8.604094000001623,prefix-restore,2,28,2,27,,,,,,,,,,,,,,,
adapter,baseline,extrude,30,operation-warm,30,10.98374399999966,1.8153529999999591,8.996311999998397,prefix-restore,2,28,2,27,,,,,,,,,,,,,,,
adapter,baseline,extrude,30,early-warmup,0,10.703804999999647,1.8107260000001588,8.739368000000923,prefix-restore,2,28,2,27,,,,,,,,,,,,,,,
adapter,baseline,extrude,30,early-warm,1,31.834909000000152,11.220770000000357,20.358406999999715,full-rebuild,30,0,29,0,,,,,,,,,,,,,,,
adapter,baseline,extrude,30,early-warm,2,25.462340999999924,7.250123999999687,18.020230999999058,full-rebuild,30,0,29,0,,,,,,,,,,,,,,,
adapter,baseline,extrude,30,early-warm,3,25.06104899999991,6.817575999999917,17.85326600000053,full-rebuild,30,0,29,0,,,,,,,,,,,,,,,
adapter,baseline,extrude,30,early-warm,4,31.354909000000134,7.381610999999793,23.772413999999117,full-rebuild,30,0,29,0,,,,,,,,,,,,,,,
adapter,baseline,extrude,30,early-warm,5,26.308730999999625,6.8643050000000585,19.233005000002322,full-rebuild,30,0,29,0,,,,,,,,,,,,,,,
adapter,baseline,extrude,30,early-warm,6,31.452526000000034,11.050415000000157,20.190112000001136,full-rebuild,30,0,29,0,,,,,,,,,,,,,,,
adapter,baseline,extrude,30,early-warm,7,26.209562000000005,6.933690000000297,19.071756999999707,full-rebuild,30,0,29,0,,,,,,,,,,,,,,,
adapter,baseline,extrude,30,early-warm,8,26.678895999999895,6.778295999999955,19.684736000000612,full-rebuild,30,0,29,0,,,,,,,,,,,,,,,
adapter,baseline,extrude,30,early-warm,9,42.74227999999994,12.716714000000138,29.760359999999764,full-rebuild,30,0,29,0,,,,,,,,,,,,,,,
adapter,baseline,extrude,30,early-warm,10,25.675902000000406,6.902082999999948,18.505114999999478,full-rebuild,30,0,29,0,,,,,,,,,,,,,,,
adapter,baseline,extrude,30,early-warm,11,28.327437999999802,7.095472999999856,21.03496900000073,full-rebuild,30,0,29,0,,,,,,,,,,,,,,,
adapter,baseline,extrude,30,early-warm,12,26.239555999999993,6.508101999999781,19.456323000002612,full-rebuild,30,0,29,0,,,,,,,,,,,,,,,
adapter,baseline,extrude,30,early-warm,13,25.828829999999925,6.830555000000004,18.799580999998398,full-rebuild,30,0,29,0,,,,,,,,,,,,,,,
adapter,baseline,extrude,30,early-warm,14,26.197492999999668,7.39073499999995,18.607187000000977,full-rebuild,30,0,29,0,,,,,,,,,,,,,,,
adapter,baseline,extrude,30,early-warm,15,26.04876000000013,6.951696999999967,18.86270299999933,full-rebuild,30,0,29,0,,,,,,,,,,,,,,,
adapter,baseline,extrude,30,early-warm,16,30.280988000000434,6.252116999999998,23.820629999999255,full-rebuild,30,0,29,0,,,,,,,,,,,,,,,
adapter,baseline,extrude,30,early-warm,17,24.730984000000262,6.555542999999943,17.968802999999753,full-rebuild,30,0,29,0,,,,,,,,,,,,,,,
adapter,baseline,extrude,30,early-warm,18,24.505094999999983,6.144405000000006,18.151912999999695,full-rebuild,30,0,29,0,,,,,,,,,,,,,,,
adapter,baseline,extrude,30,early-warm,19,24.897743999999875,6.1343110000002525,18.552843999999823,full-rebuild,30,0,29,0,,,,,,,,,,,,,,,
adapter,baseline,extrude,30,early-warm,20,24.840237999999772,6.265498000000207,18.367899999998826,full-rebuild,30,0,29,0,,,,,,,,,,,,,,,
adapter,baseline,extrude,30,early-warm,21,28.953796999999668,7.136242999999922,21.599272999999812,full-rebuild,30,0,29,0,,,,,,,,,,,,,,,
adapter,baseline,extrude,30,early-warm,22,25.005204999999933,6.191906000000017,18.589422000000013,full-rebuild,30,0,29,0,,,,,,,,,,,,,,,
adapter,baseline,extrude,30,early-warm,23,27.19402799999989,8.531777000000147,18.426216000000295,full-rebuild,30,0,29,0,,,,,,,,,,,,,,,
adapter,baseline,extrude,30,early-warm,24,30.441521000000193,7.5833339999999225,22.621539999999186,full-rebuild,30,0,29,0,,,,,,,,,,,,,,,
adapter,baseline,extrude,30,early-warm,25,28.313168000000132,6.409454000000096,21.670573999997487,full-rebuild,30,0,29,0,,,,,,,,,,,,,,,
adapter,baseline,extrude,30,early-warm,26,32.71179099999972,8.680846000000201,23.68834299999844,full-rebuild,30,0,29,0,,,,,,,,,,,,,,,
adapter,baseline,extrude,30,early-warm,27,25.53726400000005,6.517245000000003,18.79051600000048,full-rebuild,30,0,29,0,,,,,,,,,,,,,,,
adapter,baseline,extrude,30,early-warm,28,28.126326999999947,9.113940000000184,18.777822000001834,full-rebuild,30,0,29,0,,,,,,,,,,,,,,,
adapter,baseline,extrude,30,early-warm,29,24.420037999999295,6.133830000000671,18.063423999997212,full-rebuild,30,0,29,0,,,,,,,,,,,,,,,
adapter,baseline,extrude,30,early-warm,30,24.842553000000407,6.565156999999999,18.068921000000046,full-rebuild,30,0,29,0,,,,,,,,,,,,,,,
adapter,baseline,extrude,30,late-warmup,0,10.127790999999888,1.3718369999996867,8.567830999998478,prefix-restore,2,28,2,27,,,,,,,,,,,,,,,
adapter,baseline,extrude,30,late-warm,1,9.497835999999552,1.256424999999581,8.046236000001954,prefix-restore,2,28,2,27,,,,,,,,,,,,,,,
adapter,baseline,extrude,30,late-warm,2,9.697555999999167,1.4836559999994279,8.015832000000046,prefix-restore,2,28,2,27,,,,,,,,,,,,,,,
adapter,baseline,extrude,30,late-warm,3,14.272447999999713,2.043504999999641,11.962569999999687,prefix-restore,2,28,2,27,,,,,,,,,,,,,,,
adapter,baseline,extrude,30,late-warm,4,11.643554000000222,3.6583669999999984,7.819996999999603,prefix-restore,2,28,2,27,,,,,,,,,,,,,,,
adapter,baseline,extrude,30,late-warm,5,11.602042999999867,1.488933999999972,9.941534999999021,prefix-restore,2,28,2,27,,,,,,,,,,,,,,,
adapter,baseline,extrude,30,late-warm,6,13.695252000000437,3.8196490000000267,9.679970000002868,prefix-restore,2,28,2,27,,,,,,,,,,,,,,,
adapter,baseline,extrude,30,late-warm,7,10.477845999999772,1.252639000000272,9.04903700000068,prefix-restore,2,28,2,27,,,,,,,,,,,,,,,
adapter,baseline,extrude,30,late-warm,8,9.413228999999774,1.2803400000002512,7.959938000000875,prefix-restore,2,28,2,27,,,,,,,,,,,,,,,
adapter,baseline,extrude,30,late-warm,9,11.845381999999518,1.3766649999997753,10.276048999999148,prefix-restore,2,28,2,27,,,,,,,,,,,,,,,
adapter,baseline,extrude,30,late-warm,10,9.605327999999645,1.557065999999395,7.830426000000443,prefix-restore,2,28,2,27,,,,,,,,,,,,,,,
adapter,baseline,extrude,30,late-warm,11,9.322333000000071,1.4640650000001187,7.6762469999985115,prefix-restore,2,28,2,27,,,,,,,,,,,,,,,
adapter,baseline,extrude,30,late-warm,12,9.394390999999814,1.379729999999654,7.84363399999711,prefix-restore,2,28,2,27,,,,,,,,,,,,,,,
adapter,baseline,extrude,30,late-warm,13,9.30220300000019,1.3869709999999031,7.733006000002206,prefix-restore,2,28,2,27,,,,,,,,,,,,,,,
adapter,baseline,extrude,30,late-warm,14,9.426939999999377,1.429493999999977,7.819394999999531,prefix-restore,2,28,2,27,,,,,,,,,,,,,,,
adapter,baseline,extrude,30,late-warm,15,9.140610000000379,1.4771860000000743,7.497563000001719,prefix-restore,2,28,2,27,,,,,,,,,,,,,,,
adapter,baseline,extrude,30,late-warm,16,9.320991000000504,1.4797799999996641,7.655068999998548,prefix-restore,2,28,2,27,,,,,,,,,,,,,,,
adapter,baseline,extrude,30,late-warm,17,9.418157000000065,1.4911670000001322,7.750275000002148,prefix-restore,2,28,2,27,,,,,,,,,,,,,,,
adapter,baseline,extrude,30,late-warm,18,9.243163999999524,1.4761850000004415,7.597196000002441,prefix-restore,2,28,2,27,,,,,,,,,,,,,,,
adapter,baseline,extrude,30,late-warm,19,8.922222999999576,1.3285729999997784,7.433080999997401,prefix-restore,2,28,2,27,,,,,,,,,,,,,,,
adapter,baseline,extrude,30,late-warm,20,9.094672000000173,1.3445670000000973,7.552613000000747,prefix-restore,2,28,2,27,,,,,,,,,,,,,,,
adapter,baseline,extrude,30,late-warm,21,9.366990000000442,1.4862389999998413,7.68937299999925,prefix-restore,2,28,2,27,,,,,,,,,,,,,,,
adapter,baseline,extrude,30,late-warm,22,9.319609000000128,1.4804809999995996,7.658059000001231,prefix-restore,2,28,2,27,,,,,,,,,,,,,,,
adapter,baseline,extrude,30,late-warm,23,9.989002999999684,1.5109259999999267,8.261938000001464,prefix-restore,2,28,2,27,,,,,,,,,,,,,,,
adapter,baseline,extrude,30,late-warm,24,9.076524000000063,1.4516370000001189,7.457586999998966,prefix-restore,2,28,2,27,,,,,,,,,,,,,,,
adapter,baseline,extrude,30,late-warm,25,9.32997499999965,1.417435999999725,7.723703000001478,prefix-restore,2,28,2,27,,,,,,,,,,,,,,,
adapter,baseline,extrude,30,late-warm,26,9.531347000000096,1.4444670000002588,7.911716000004162,prefix-restore,2,28,2,27,,,,,,,,,,,,,,,
adapter,baseline,extrude,30,late-warm,27,9.286388999999872,1.3963539999995191,7.7209910000028685,prefix-restore,2,28,2,27,,,,,,,,,,,,,,,
adapter,baseline,extrude,30,late-warm,28,9.212297999999464,1.444126000000324,7.606631999995443,prefix-restore,2,28,2,27,,,,,,,,,,,,,,,
adapter,baseline,extrude,30,late-warm,29,9.340401000000384,1.419169000000693,7.753750000002583,prefix-restore,2,28,2,27,,,,,,,,,,,,,,,
adapter,baseline,extrude,30,late-warm,30,9.416924999999537,1.6213319999997111,7.636434000002737,prefix-restore,2,28,2,27,,,,,,,,,,,,,,,
adapter,baseline,extrude,100,cold,0,91.48978799999986,24.903474000000642,65.34879299999739,full-rebuild,100,0,99,0,,,,,,,,,,,,,,,
adapter,baseline,extrude,100,warm-repeat,0,38.831473999999616,5.5452980000000025,32.35069600000406,prefix-restore,20,80,20,79,,,,,,,,,,,,,,,
adapter,baseline,extrude,100,operation-warmup,0,41.98087899999973,8.939879000000474,32.237990000002355,prefix-restore,20,80,20,79,,,,,,,,,,,,,,,
adapter,baseline,extrude,100,operation-warm,1,38.253687999999784,5.399008000000322,31.923337999997784,prefix-restore,20,80,20,79,,,,,,,,,,,,,,,
adapter,baseline,extrude,100,operation-warm,2,41.81700300000011,5.768090999999913,35.16170299999885,prefix-restore,20,80,20,79,,,,,,,,,,,,,,,
adapter,baseline,extrude,100,operation-warm,3,38.08397299999979,5.552858000000015,31.868652000008296,prefix-restore,20,80,20,79,,,,,,,,,,,,,,,
adapter,baseline,extrude,100,operation-warm,4,42.65321700000004,5.540140000000065,36.358069000005344,prefix-restore,20,80,20,79,,,,,,,,,,,,,,,
adapter,baseline,extrude,100,operation-warm,5,50.18056799999977,7.069865000000391,42.41345300000194,prefix-restore,20,80,20,79,,,,,,,,,,,,,,,
adapter,baseline,extrude,100,operation-warm,6,41.733807999999954,5.633689000000231,35.41598900000554,prefix-restore,20,80,20,79,,,,,,,,,,,,,,,
adapter,baseline,extrude,100,operation-warm,7,37.97722299999987,5.453580000000329,31.972177000003285,prefix-restore,20,80,20,79,,,,,,,,,,,,,,,
adapter,baseline,extrude,100,operation-warm,8,42.74897999999939,5.796945000000051,36.061597999994774,prefix-restore,20,80,20,79,,,,,,,,,,,,,,,
adapter,baseline,extrude,100,operation-warm,9,37.525024999999914,5.652288000000226,31.352263000001585,prefix-restore,20,80,20,79,,,,,,,,,,,,,,,
adapter,baseline,extrude,100,operation-warm,10,46.77848499999982,6.302243999999519,39.610680999999204,prefix-restore,20,80,20,79,,,,,,,,,,,,,,,
adapter,baseline,extrude,100,operation-warm,11,41.011365000000296,6.39955000000009,34.02000399999906,prefix-restore,20,80,20,79,,,,,,,,,,,,,,,
adapter,baseline,extrude,100,operation-warm,12,42.780587999999625,6.006709999999657,35.98975800000608,prefix-restore,20,80,20,79,,,,,,,,,,,,,,,
adapter,baseline,extrude,100,operation-warm,13,39.71188499999971,5.790374999999585,33.355827000003046,prefix-restore,20,80,20,79,,,,,,,,,,,,,,,
adapter,baseline,extrude,100,operation-warm,14,43.41833399999996,6.068733000000066,36.62388500000543,prefix-restore,20,80,20,79,,,,,,,,,,,,,,,
adapter,baseline,extrude,100,operation-warm,15,39.36593599999924,6.052257999999711,32.78891000000749,prefix-restore,20,80,20,79,,,,,,,,,,,,,,,
adapter,baseline,extrude,100,operation-warm,16,54.63273500000014,9.134170000000267,44.62162699999499,prefix-restore,20,80,20,79,,,,,,,,,,,,,,,
adapter,baseline,extrude,100,operation-warm,17,44.72786900000028,8.085708000000523,35.90265999999974,prefix-restore,20,80,20,79,,,,,,,,,,,,,,,
adapter,baseline,extrude,100,operation-warm,18,43.96687699999893,6.4325580000004265,36.788383000004615,prefix-restore,20,80,20,79,,,,,,,,,,,,,,,
adapter,baseline,extrude,100,operation-warm,19,40.628349999999045,5.975812999999107,34.10436799999843,prefix-restore,20,80,20,79,,,,,,,,,,,,,,,
adapter,baseline,extrude,100,operation-warm,20,44.31490000000122,7.009754000000612,36.61315000001741,prefix-restore,20,80,20,79,,,,,,,,,,,,,,,
adapter,baseline,extrude,100,operation-warm,21,39.35698299999967,6.603855999999723,32.24728600000344,prefix-restore,20,80,20,79,,,,,,,,,,,,,,,
adapter,baseline,extrude,100,operation-warm,22,44.14522500000021,6.413280000000668,36.98708900000565,prefix-restore,20,80,20,79,,,,,,,,,,,,,,,
adapter,baseline,extrude,100,operation-warm,23,44.590173000000505,6.32756100000006,37.74689099999705,prefix-restore,20,80,20,79,,,,,,,,,,,,,,,
adapter,baseline,extrude,100,operation-warm,24,44.17176500000096,6.610916000001453,36.85775499999909,prefix-restore,20,80,20,79,,,,,,,,,,,,,,,
adapter,baseline,extrude,100,operation-warm,25,96.37627299999986,19.281236000000717,76.0251390000085,full-rebuild,100,0,99,0,replay-budget,,,,,,,,,,,,,,
adapter,baseline,extrude,100,operation-warm,26,37.90583699999843,5.360219000000143,31.544600999999602,prefix-restore,20,80,20,79,,,,,,,,,,,,,,,
adapter,baseline,extrude,100,operation-warm,27,45.55688399999963,6.393980999999258,38.31363799999417,prefix-restore,20,80,20,79,,,,,,,,,,,,,,,
adapter,baseline,extrude,100,operation-warm,28,45.721268999999666,6.640529999998762,38.087109000000055,prefix-restore,20,80,20,79,,,,,,,,,,,,,,,
adapter,baseline,extrude,100,operation-warm,29,49.26105900000039,5.536415000000488,42.912285000003976,prefix-restore,20,80,20,79,,,,,,,,,,,,,,,
adapter,baseline,extrude,100,operation-warm,30,43.83181499999955,6.71454199999971,36.16206799999782,prefix-restore,20,80,20,79,,,,,,,,,,,,,,,
adapter,baseline,extrude,100,early-warmup,0,49.30459300000075,7.554761999999755,40.851706000003105,prefix-restore,20,80,20,79,,,,,,,,,,,,,,,
adapter,baseline,extrude,100,early-warm,1,107.30194600000141,25.546186999999918,80.78762499998993,full-rebuild,100,0,99,0,,,,,,,,,,,,,,,
adapter,baseline,extrude,100,early-warm,2,146.18468799999937,19.89026400000148,125.10575400000562,full-rebuild,100,0,99,0,,,,,,,,,,,,,,,
adapter,baseline,extrude,100,early-warm,3,99.08138599999984,20.469292000001587,77.86135200000354,full-rebuild,100,0,99,0,,,,,,,,,,,,,,,
adapter,baseline,extrude,100,early-warm,4,98.21126999999979,19.378355999999258,77.89665700000842,full-rebuild,100,0,99,0,,,,,,,,,,,,,,,
adapter,baseline,extrude,100,early-warm,5,99.54911800000082,21.32078999999976,77.46923900000183,full-rebuild,100,0,99,0,,,,,,,,,,,,,,,
adapter,baseline,extrude,100,early-warm,6,109.47415499999988,20.073458999999275,88.26966399998128,full-rebuild,100,0,99,0,,,,,,,,,,,,,,,
adapter,baseline,extrude,100,early-warm,7,95.75900200000069,19.705376000001706,75.1740970000028,full-rebuild,100,0,99,0,,,,,,,,,,,,,,,
adapter,baseline,extrude,100,early-warm,8,94.03016000000025,19.49690499999997,73.51224100000582,full-rebuild,100,0,99,0,,,,,,,,,,,,,,,
adapter,baseline,extrude,100,early-warm,9,92.77431500000057,18.696914000000106,73.3672129999959,full-rebuild,100,0,99,0,,,,,,,,,,,,,,,
adapter,baseline,extrude,100,early-warm,10,96.05126100000052,18.278996999999436,76.80793000000085,full-rebuild,100,0,99,0,,,,,,,,,,,,,,,
adapter,baseline,extrude,100,early-warm,11,92.18222699999933,18.89970799999901,72.55064200001652,full-rebuild,100,0,99,0,,,,,,,,,,,,,,,
adapter,baseline,extrude,100,early-warm,12,132.47255099999893,31.865466000001106,99.4978680000022,full-rebuild,100,0,99,0,,,,,,,,,,,,,,,
adapter,baseline,extrude,100,early-warm,13,87.87368500000048,21.35417999999845,65.80409700000018,full-rebuild,100,0,99,0,,,,,,,,,,,,,,,
adapter,baseline,extrude,100,early-warm,14,93.06947899999977,22.489222000000154,69.67380299999604,full-rebuild,100,0,99,0,,,,,,,,,,,,,,,
adapter,baseline,extrude,100,early-warm,15,90.66018500000064,22.82083000000057,67.14694199999758,full-rebuild,100,0,99,0,,,,,,,,,,,,,,,
adapter,baseline,extrude,100,early-warm,16,92.20177599999988,23.170885000001363,68.07076099999722,full-rebuild,100,0,99,0,,,,,,,,,,,,,,,
adapter,baseline,extrude,100,early-warm,17,93.522187999999,24.114199999999983,68.61704999999347,full-rebuild,100,0,99,0,,,,,,,,,,,,,,,
adapter,baseline,extrude,100,early-warm,18,95.22008900000037,22.424691000000166,71.80554900000243,full-rebuild,100,0,99,0,,,,,,,,,,,,,,,
adapter,baseline,extrude,100,early-warm,19,89.65866199999982,20.52990300000056,68.29165200000534,full-rebuild,100,0,99,0,,,,,,,,,,,,,,,
adapter,baseline,extrude,100,early-warm,20,88.9397540000009,21.168009999999413,66.786629000002,full-rebuild,100,0,99,0,,,,,,,,,,,,,,,
adapter,baseline,extrude,100,early-warm,21,91.94243800000004,21.250403999998525,69.94025099999635,full-rebuild,100,0,99,0,,,,,,,,,,,,,,,
adapter,baseline,extrude,100,early-warm,22,117.17573599999923,37.227860000000874,78.47203200000149,full-rebuild,100,0,99,0,,,,,,,,,,,,,,,
adapter,baseline,extrude,100,early-warm,23,100.74463099999957,28.334380000000237,71.19983800000591,full-rebuild,100,0,99,0,,,,,,,,,,,,,,,
adapter,baseline,extrude,100,early-warm,24,94.46616300000096,21.932567999998355,71.33092699999725,full-rebuild,100,0,99,0,,,,,,,,,,,,,,,
adapter,baseline,extrude,100,early-warm,25,90.02232700000059,21.698936999999205,67.66208900001038,full-rebuild,100,0,99,0,,,,,,,,,,,,,,,
adapter,baseline,extrude,100,early-warm,26,93.72764600000119,21.87949899999876,70.94690600000285,full-rebuild,100,0,99,0,,,,,,,,,,,,,,,
adapter,baseline,extrude,100,early-warm,27,92.97727999999915,22.905817000000752,69.40741599999092,full-rebuild,100,0,99,0,,,,,,,,,,,,,,,
adapter,baseline,extrude,100,early-warm,28,90.9853030000013,21.885968000002322,68.22431199999846,full-rebuild,100,0,99,0,,,,,,,,,,,,,,,
adapter,baseline,extrude,100,early-warm,29,93.30018399999972,21.20416500000283,71.41649899999538,full-rebuild,100,0,99,0,,,,,,,,,,,,,,,
adapter,baseline,extrude,100,early-warm,30,95.3508010000005,21.692017000001215,72.79802699999345,full-rebuild,100,0,99,0,,,,,,,,,,,,,,,
adapter,baseline,extrude,100,late-warmup,0,49.77152399999977,5.916414999999688,43.16449000000648,prefix-restore,20,80,20,79,,,,,,,,,,,,,,,
adapter,baseline,extrude,100,late-warm,1,41.9450050000014,5.151466999999684,36.06226099999549,prefix-restore,20,80,20,79,,,,,,,,,,,,,,,
adapter,baseline,extrude,100,late-warm,2,46.939125999997486,6.148442000001523,40.05388199999652,prefix-restore,20,80,20,79,,,,,,,,,,,,,,,
adapter,baseline,extrude,100,late-warm,3,39.72302200000195,5.636764999999286,33.52899599999728,prefix-restore,20,80,20,79,,,,,,,,,,,,,,,
adapter,baseline,extrude,100,late-warm,4,45.859245999999985,6.264105999998719,38.59564799999862,prefix-restore,20,80,20,79,,,,,,,,,,,,,,,
adapter,baseline,extrude,100,late-warm,5,40.31676300000254,6.54304399999819,33.21877400000449,prefix-restore,20,80,20,79,,,,,,,,,,,,,,,
adapter,baseline,extrude,100,late-warm,6,44.95675200000187,5.598887000000104,38.58520100001988,prefix-restore,20,80,20,79,,,,,,,,,,,,,,,
adapter,baseline,extrude,100,late-warm,7,40.72615699999733,6.39213799999925,33.82318900001701,prefix-restore,20,80,20,79,,,,,,,,,,,,,,,
adapter,baseline,extrude,100,late-warm,8,45.02292200000011,5.966028999999253,38.293112999992445,prefix-restore,20,80,20,79,,,,,,,,,,,,,,,
adapter,baseline,extrude,100,late-warm,9,39.59143399999812,5.781932000001689,33.25053399998433,prefix-restore,20,80,20,79,,,,,,,,,,,,,,,
adapter,baseline,extrude,100,late-warm,10,43.40572600000087,5.833899999997811,36.855763999985356,prefix-restore,20,80,20,79,,,,,,,,,,,,,,,
adapter,baseline,extrude,100,late-warm,11,39.94948199999999,5.952808999998524,33.46138000002247,prefix-restore,20,80,20,79,,,,,,,,,,,,,,,
adapter,baseline,extrude,100,late-warm,12,41.145173999997496,6.711616000000504,33.63373700000011,prefix-restore,20,80,20,79,,,,,,,,,,,,,,,
adapter,baseline,extrude,100,late-warm,13,40.40913100000034,6.299839999999676,33.59885199999917,prefix-restore,20,80,20,79,,,,,,,,,,,,,,,
adapter,baseline,extrude,100,late-warm,14,47.14491900000212,6.5141809999986435,39.826281999994535,prefix-restore,20,80,20,79,,,,,,,,,,,,,,,
adapter,baseline,extrude,100,late-warm,15,38.322822000001906,5.546970000003057,32.2748840000022,prefix-restore,20,80,20,79,,,,,,,,,,,,,,,
adapter,baseline,extrude,100,late-warm,16,45.32990200000131,6.046669999999722,38.49484500001563,prefix-restore,20,80,20,79,,,,,,,,,,,,,,,
adapter,baseline,extrude,100,late-warm,17,38.845305999999255,5.597094999997353,32.529668000006495,prefix-restore,20,80,20,79,,,,,,,,,,,,,,,
adapter,baseline,extrude,100,late-warm,18,44.89789400000154,6.13379999999961,38.114930999989156,prefix-restore,20,80,20,79,,,,,,,,,,,,,,,
adapter,baseline,extrude,100,late-warm,19,49.738846999996895,6.47637499999837,42.4570879999992,prefix-restore,20,80,20,79,,,,,,,,,,,,,,,
adapter,baseline,extrude,100,late-warm,20,46.81297800000175,6.094561999998405,39.94871999998941,prefix-restore,20,80,20,79,,,,,,,,,,,,,,,
adapter,baseline,extrude,100,late-warm,21,40.43576200000098,6.491546999997809,33.41449999999895,prefix-restore,20,80,20,79,,,,,,,,,,,,,,,
adapter,baseline,extrude,100,late-warm,22,45.39512199999808,6.110776000001351,38.575602999986586,prefix-restore,20,80,20,79,,,,,,,,,,,,,,,
adapter,baseline,extrude,100,late-warm,23,45.08964399999968,6.756244000000152,37.64357700000619,prefix-restore,20,80,20,79,,,,,,,,,,,,,,,
adapter,baseline,extrude,100,late-warm,24,46.265746999997646,6.13628400000016,39.43466800000897,prefix-restore,20,80,20,79,,,,,,,,,,,,,,,
adapter,baseline,extrude,100,late-warm,25,41.890394999998534,5.713961000001291,35.66295900000114,prefix-restore,20,80,20,79,,,,,,,,,,,,,,,
adapter,baseline,extrude,100,late-warm,26,99.42967200000203,25.351966999998695,72.9926329999762,full-rebuild,100,0,99,0,replay-budget,,,,,,,,,,,,,,
adapter,baseline,extrude,100,late-warm,27,44.932708000000275,5.403835000000981,38.78288599998996,prefix-restore,20,80,20,79,,,,,,,,,,,,,,,
adapter,baseline,extrude,100,late-warm,28,43.910415000002104,6.277745999999752,36.5608970000103,prefix-restore,20,80,20,79,,,,,,,,,,,,,,,
adapter,baseline,extrude,100,late-warm,29,51.81516199999896,6.046288999998069,44.7763469999918,prefix-restore,20,80,20,79,,,,,,,,,,,,,,,
adapter,baseline,extrude,100,late-warm,30,40.368052000001626,5.915522999999666,33.30191900000136,prefix-restore,20,80,20,79,,,,,,,,,,,,,,,
adapter,baseline,boolean,30,cold,0,123.25066399999923,90.02892699999938,32.484119000000646,full-rebuild,30,0,29,0,,,,,,,,,,,,,,,
adapter,baseline,boolean,30,warm-repeat,0,19.2090640000024,8.329873999999108,10.512865999993664,prefix-restore,2,28,2,27,,,,,,,,,,,,,,,
adapter,baseline,boolean,30,operation-warmup,0,25.803424999998242,11.73982999999862,13.504327999991801,prefix-restore,2,28,2,27,,,,,,,,,,,,,,,
adapter,baseline,boolean,30,operation-warm,1,25.16660000000047,13.20593899999949,11.287901000010606,prefix-restore,2,28,2,27,,,,,,,,,,,,,,,
adapter,baseline,boolean,30,operation-warm,2,21.159639000001334,12.113430000001244,8.657316999993782,prefix-restore,2,28,2,27,,,,,,,,,,,,,,,
adapter,baseline,boolean,30,operation-warm,3,22.75743599999987,9.557595999998739,12.815103999982966,prefix-restore,2,28,2,27,,,,,,,,,,,,,,,
adapter,baseline,boolean,30,operation-warm,4,15.477365000002465,7.537985999999364,7.6277029999910155,prefix-restore,2,28,2,27,,,,,,,,,,,,,,,
adapter,baseline,boolean,30,operation-warm,5,16.698467000001983,5.752328000002308,10.708816000009392,prefix-restore,2,28,2,27,,,,,,,,,,,,,,,
adapter,baseline,boolean,30,operation-warm,6,13.848773000001529,5.957055000002583,7.609486000012112,prefix-restore,2,28,2,27,,,,,,,,,,,,,,,
adapter,baseline,boolean,30,operation-warm,7,18.16365500000029,7.230906999997387,10.603479000001244,prefix-restore,2,28,2,27,,,,,,,,,,,,,,,
adapter,baseline,boolean,30,operation-warm,8,15.243685000001278,7.139048000000912,7.740697999990516,prefix-restore,2,28,2,27,,,,,,,,,,,,,,,
adapter,baseline,boolean,30,operation-warm,9,16.545619000000443,4.774592000001576,11.453328999996302,prefix-restore,2,28,2,27,,,,,,,,,,,,,,,
adapter,baseline,boolean,30,operation-warm,10,16.122503999999026,7.184978000001138,8.626196999997774,prefix-restore,2,28,2,27,,,,,,,,,,,,,,,
adapter,baseline,boolean,30,operation-warm,11,13.609653999999864,5.1743119999991904,8.211704999997892,prefix-restore,2,28,2,27,,,,,,,,,,,,,,,
adapter,baseline,boolean,30,operation-warm,12,13.758578000000853,5.081833000000188,8.380268999990221,prefix-restore,2,28,2,27,,,,,,,,,,,,,,,
adapter,baseline,boolean,30,operation-warm,13,14.134610999997676,5.172568999998475,8.712578999995458,prefix-restore,2,28,2,27,,,,,,,,,,,,,,,
adapter,baseline,boolean,30,operation-warm,14,13.491777999999613,5.093259000001126,8.112028999996255,prefix-restore,2,28,2,27,,,,,,,,,,,,,,,
adapter,baseline,boolean,30,operation-warm,15,15.923415000001114,6.947862000000896,8.719488999984605,prefix-restore,2,28,2,27,,,,,,,,,,,,,,,
adapter,baseline,boolean,30,operation-warm,16,13.468884000001708,4.902233000000706,8.237076999987039,prefix-restore,2,28,2,27,,,,,,,,,,,,,,,
adapter,baseline,boolean,30,operation-warm,17,14.069633999999496,5.021783000000141,8.795350999986113,prefix-restore,2,28,2,27,,,,,,,,,,,,,,,
adapter,baseline,boolean,30,operation-warm,18,15.8305849999997,7.007000000001426,8.403785999984393,prefix-restore,2,28,2,27,,,,,,,,,,,,,,,
adapter,baseline,boolean,30,operation-warm,19,14.361182000000554,5.315152999999555,8.804175000001123,prefix-restore,2,28,2,27,,,,,,,,,,,,,,,
adapter,baseline,boolean,30,operation-warm,20,15.736495000001014,5.366819999999279,10.048377999995864,prefix-restore,2,28,2,27,,,,,,,,,,,,,,,
adapter,baseline,boolean,30,operation-warm,21,13.444156000001385,5.5935110000027635,7.617058000021643,prefix-restore,2,28,2,27,,,,,,,,,,,,,,,
adapter,baseline,boolean,30,operation-warm,22,13.797866999997495,5.179919999998674,8.250845000005938,prefix-restore,2,28,2,27,,,,,,,,,,,,,,,
adapter,baseline,boolean,30,operation-warm,23,12.751336999997875,4.8207709999987856,7.687541999992391,prefix-restore,2,28,2,27,,,,,,,,,,,,,,,
adapter,baseline,boolean,30,operation-warm,24,13.710745000000315,5.343675000000076,8.038999999989755,prefix-restore,2,28,2,27,,,,,,,,,,,,,,,
adapter,baseline,boolean,30,operation-warm,25,14.728382000001147,4.809944999997242,9.674946999992244,prefix-restore,2,28,2,27,,,,,,,,,,,,,,,
adapter,baseline,boolean,30,operation-warm,26,13.038237000000663,5.1404810000021826,7.5796760000012,prefix-restore,2,28,2,27,,,,,,,,,,,,,,,
adapter,baseline,boolean,30,operation-warm,27,12.376334999997198,4.629484999997658,7.552498000000924,prefix-restore,2,28,2,27,,,,,,,,,,,,,,,
adapter,baseline,boolean,30,operation-warm,28,12.838017000001855,5.111827999997331,7.458495999999286,prefix-restore,2,28,2,27,,,,,,,,,,,,,,,
adapter,baseline,boolean,30,operation-warm,29,15.328230999999505,4.761551999999938,10.343672999992123,prefix-restore,2,28,2,27,,,,,,,,,,,,,,,
adapter,baseline,boolean,30,operation-warm,30,15.634380999999848,7.506468999999925,7.807476999998471,prefix-restore,2,28,2,27,,,,,,,,,,,,,,,
adapter,baseline,boolean,30,early-warmup,0,12.88353499999721,5.115223000000697,7.510917000010522,prefix-restore,2,28,2,27,,,,,,,,,,,,,,,
adapter,baseline,boolean,30,early-warm,1,34.27718400000231,12.331257000001642,21.50392699999793,full-rebuild,30,0,29,0,,,,,,,,,,,,,,,
adapter,baseline,boolean,30,early-warm,2,40.61828699999751,20.684876999999688,19.534874999997555,full-rebuild,30,0,29,0,,,,,,,,,,,,,,,
adapter,baseline,boolean,30,early-warm,3,31.57361999999921,10.030604999999923,21.209380999996938,full-rebuild,30,0,29,0,,,,,,,,,,,,,,,
adapter,baseline,boolean,30,early-warm,4,28.61204699999871,9.875482999999804,18.38733200000206,full-rebuild,30,0,29,0,,,,,,,,,,,,,,,
adapter,baseline,boolean,30,early-warm,5,38.10114600000088,14.03825599999982,23.711491000001843,full-rebuild,30,0,29,0,,,,,,,,,,,,,,,
adapter,baseline,boolean,30,early-warm,6,32.792027999999846,12.388772999998764,19.941619999997783,full-rebuild,30,0,29,0,,,,,,,,,,,,,,,
adapter,baseline,boolean,30,early-warm,7,30.43179699999746,9.89433199999985,20.149128999983077,full-rebuild,30,0,29,0,,,,,,,,,,,,,,,
adapter,baseline,boolean,30,early-warm,8,29.016294000000926,10.813631000000896,17.817875000007916,full-rebuild,30,0,29,0,,,,,,,,,,,,,,,
adapter,baseline,boolean,30,early-warm,9,30.2843660000035,10.377806000000419,19.531549000006635,full-rebuild,30,0,29,0,,,,,,,,,,,,,,,
adapter,baseline,boolean,30,early-warm,10,30.526990000002115,9.514351000001625,20.671024999999645,full-rebuild,30,0,29,0,,,,,,,,,,,,,,,
adapter,baseline,boolean,30,early-warm,11,29.23342000000048,9.842633000000205,19.0619089999891,full-rebuild,30,0,29,0,,,,,,,,,,,,,,,
adapter,baseline,boolean,30,early-warm,12,29.298796999999468,9.689925000002404,19.176385000002483,full-rebuild,30,0,29,0,,,,,,,,,,,,,,,
adapter,baseline,boolean,30,early-warm,13,30.302363000002515,9.907771000001958,20.06973399999697,full-rebuild,30,0,29,0,,,,,,,,,,,,,,,
adapter,baseline,boolean,30,early-warm,14,29.897124999999505,9.986919999999373,19.377006999991863,full-rebuild,30,0,29,0,,,,,,,,,,,,,,,
adapter,baseline,boolean,30,early-warm,15,33.36270400000285,9.822083000002749,23.218565999995917,full-rebuild,30,0,29,0,,,,,,,,,,,,,,,
adapter,baseline,boolean,30,early-warm,16,29.058977000000596,9.610685999999987,18.997706999998627,full-rebuild,30,0,29,0,,,,,,,,,,,,,,,
adapter,baseline,boolean,30,early-warm,17,30.97244800000044,11.588132000000769,19.070737000009103,full-rebuild,30,0,29,0,,,,,,,,,,,,,,,
adapter,baseline,boolean,30,early-warm,18,30.3689830000003,10.608611999999994,19.38924300000508,full-rebuild,30,0,29,0,,,,,,,,,,,,,,,
adapter,baseline,boolean,30,early-warm,19,30.252807000000757,10.96846199999709,18.954552000002877,full-rebuild,30,0,29,0,,,,,,,,,,,,,,,
adapter,baseline,boolean,30,early-warm,20,32.639477000000625,9.99150599999848,21.990723000002617,full-rebuild,30,0,29,0,,,,,,,,,,,,,,,
adapter,baseline,boolean,30,early-warm,21,28.04564599999867,9.86403600000267,17.89591099999234,full-rebuild,30,0,29,0,,,,,,,,,,,,,,,
adapter,baseline,boolean,30,early-warm,22,31.402161000001797,12.202742999998009,18.83126299999276,full-rebuild,30,0,29,0,,,,,,,,,,,,,,,
adapter,baseline,boolean,30,early-warm,23,29.024284000002808,9.894581000000471,18.84041299999808,full-rebuild,30,0,29,0,,,,,,,,,,,,,,,
adapter,baseline,boolean,30,early-warm,24,29.63074400000187,10.88039000000208,18.345499000010022,full-rebuild,30,0,29,0,,,,,,,,,,,,,,,
adapter,baseline,boolean,30,early-warm,25,31.811484999998356,9.594531999999163,21.897654999993392,full-rebuild,30,0,29,0,,,,,,,,,,,,,,,
adapter,baseline,boolean,30,early-warm,26,32.33184600000095,11.492848000001686,20.343628999980865,full-rebuild,30,0,29,0,,,,,,,,,,,,,,,
adapter,baseline,boolean,30,early-warm,27,29.544034000002284,10.769774000000325,18.437306000007084,full-rebuild,30,0,29,0,,,,,,,,,,,,,,,
adapter,baseline,boolean,30,early-warm,28,34.109621999999945,10.613979999998264,23.076642000010906,full-rebuild,30,0,29,0,,,,,,,,,,,,,,,
adapter,baseline,boolean,30,early-warm,29,29.197103999998944,9.456172999998671,19.430703999998514,full-rebuild,30,0,29,0,,,,,,,,,,,,,,,
adapter,baseline,boolean,30,early-warm,30,32.89910599999712,11.529133000000002,20.98480600000039,full-rebuild,30,0,29,0,,,,,,,,,,,,,,,
adapter,baseline,boolean,30,late-warmup,0,12.576262999999017,4.466147999999521,7.846180999989883,prefix-restore,2,28,2,27,,,,,,,,,,,,,,,
adapter,baseline,boolean,30,late-warm,1,12.697684999999183,4.210025000000314,8.243280000002414,prefix-restore,2,28,2,27,,,,,,,,,,,,,,,
adapter,baseline,boolean,30,late-warm,2,13.406229000000167,4.974612000001798,8.125985999995464,prefix-restore,2,28,2,27,,,,,,,,,,,,,,,
adapter,baseline,boolean,30,late-warm,3,11.994010000002163,4.33991899999819,7.487700000001496,prefix-restore,2,28,2,27,,,,,,,,,,,,,,,
adapter,baseline,boolean,30,late-warm,4,13.065377000002627,4.8402900000000955,7.960105000005569,prefix-restore,2,28,2,27,,,,,,,,,,,,,,,
adapter,baseline,boolean,30,late-warm,5,12.353588999998465,4.66117099999974,7.527341999997589,prefix-restore,2,28,2,27,,,,,,,,,,,,,,,
adapter,baseline,boolean,30,late-warm,6,12.626678999997239,4.602001999999629,7.790553000009822,prefix-restore,2,28,2,27,,,,,,,,,,,,,,,
adapter,baseline,boolean,30,late-warm,7,14.103574000000663,4.998666999999841,8.882304000006116,prefix-restore,2,28,2,27,,,,,,,,,,,,,,,
adapter,baseline,boolean,30,late-warm,8,12.75329899999997,4.835563000000548,7.677304000008007,prefix-restore,2,28,2,27,,,,,,,,,,,,,,,
adapter,baseline,boolean,30,late-warm,9,13.882172000001447,5.113620000000083,8.54529800000455,prefix-restore,2,28,2,27,,,,,,,,,,,,,,,
adapter,baseline,boolean,30,late-warm,10,12.227560999999696,4.666388999998162,7.3470390000074985,prefix-restore,2,28,2,27,,,,,,,,,,,,,,,
adapter,baseline,boolean,30,late-warm,11,15.059047000002465,5.8532390000000305,8.997405999998591,prefix-restore,2,28,2,27,,,,,,,,,,,,,,,
adapter,baseline,boolean,30,late-warm,12,13.227990999999747,5.274560999998357,7.618327999996836,prefix-restore,2,28,2,27,,,,,,,,,,,,,,,
adapter,baseline,boolean,30,late-warm,13,13.253648999998404,5.347271000002365,7.720510999988619,prefix-restore,2,28,2,27,,,,,,,,,,,,,,,
adapter,baseline,boolean,30,late-warm,14,12.903555000000779,4.722823999996763,7.955935000005411,prefix-restore,2,28,2,27,,,,,,,,,,,,,,,
adapter,baseline,boolean,30,late-warm,15,14.242984000000433,5.364766000002419,8.6764140000123,prefix-restore,2,28,2,27,,,,,,,,,,,,,,,
adapter,baseline,boolean,30,late-warm,16,13.12922299999991,4.880901000000449,8.005661000002874,prefix-restore,2,28,2,27,,,,,,,,,,,,,,,
adapter,baseline,boolean,30,late-warm,17,13.664365000000544,4.930926000000909,8.531604999996489,prefix-restore,2,28,2,27,,,,,,,,,,,,,,,
adapter,baseline,boolean,30,late-warm,18,13.369722999999794,5.012208000000101,8.091748999995616,prefix-restore,2,28,2,27,,,,,,,,,,,,,,,
adapter,baseline,boolean,30,late-warm,19,13.77148699999816,5.523926000001666,8.062743000005867,prefix-restore,2,28,2,27,,,,,,,,,,,,,,,
adapter,baseline,boolean,30,late-warm,20,13.760248999999021,5.08698000000004,8.420529000002716,prefix-restore,2,28,2,27,,,,,,,,,,,,,,,
adapter,baseline,boolean,30,late-warm,21,12.892417999999452,5.075391999998828,7.648905000009108,prefix-restore,2,28,2,27,,,,,,,,,,,,,,,
adapter,baseline,boolean,30,late-warm,22,13.725257000001875,5.585168000001431,7.893769999998767,prefix-restore,2,28,2,27,,,,,,,,,,,,,,,
adapter,baseline,boolean,30,late-warm,23,13.937034999999014,5.97356999999829,7.762169000005088,prefix-restore,2,28,2,27,,,,,,,,,,,,,,,
adapter,baseline,boolean,30,late-warm,24,13.666119000001345,5.2309150000000955,8.216275000006135,prefix-restore,2,28,2,27,,,,,,,,,,,,,,,
adapter,baseline,boolean,30,late-warm,25,13.657745999997132,5.386019000001397,8.063867000004393,prefix-restore,2,28,2,27,,,,,,,,,,,,,,,
adapter,baseline,boolean,30,late-warm,26,14.611125999999786,5.8080210000007355,8.551816999985022,prefix-restore,2,28,2,27,,,,,,,,,,,,,,,
adapter,baseline,boolean,30,late-warm,27,14.24966399999903,5.474802000000636,8.523465999995096,prefix-restore,2,28,2,27,,,,,,,,,,,,,,,
adapter,baseline,boolean,30,late-warm,28,13.81773599999724,5.850105000001349,7.730776999997033,prefix-restore,2,28,2,27,,,,,,,,,,,,,,,
adapter,baseline,boolean,30,late-warm,29,13.310175000002346,5.364505999998073,7.780829999999696,prefix-restore,2,28,2,27,,,,,,,,,,,,,,,
adapter,baseline,boolean,30,late-warm,30,14.222953000000416,6.3813220000010915,7.543466999999509,prefix-restore,2,28,2,27,,,,,,,,,,,,,,,
adapter,baseline,boolean,100,cold,0,89.64964800000234,23.017755999997462,65.7088209999929,full-rebuild,100,0,99,0,,,,,,,,,,,,,,,
adapter,baseline,boolean,100,warm-repeat,0,41.00242100000105,8.703334000001632,31.72061400000166,prefix-restore,20,80,20,79,,,,,,,,,,,,,,,
adapter,baseline,boolean,100,operation-warmup,0,54.46856800000023,12.4819920000009,41.434307999981684,prefix-restore,20,80,20,79,,,,,,,,,,,,,,,
adapter,baseline,boolean,100,operation-warm,1,47.908949999997276,8.466769999999087,38.645287000010285,prefix-restore,20,80,20,79,,,,,,,,,,,,,,,
adapter,baseline,boolean,100,operation-warm,2,45.48241000000053,8.558026999999129,36.318015000011656,prefix-restore,20,80,20,79,,,,,,,,,,,,,,,
adapter,baseline,boolean,100,operation-warm,3,41.464724999998,8.596173000001727,32.294983000017965,prefix-restore,20,80,20,79,,,,,,,,,,,,,,,
adapter,baseline,boolean,100,operation-warm,4,44.14273099999991,8.549383000001399,35.05906800001321,prefix-restore,20,80,20,79,,,,,,,,,,,,,,,
adapter,baseline,boolean,100,operation-warm,5,41.65646199999901,8.880711000001611,32.1541780000116,prefix-restore,20,80,20,79,,,,,,,,,,,,,,,
adapter,baseline,boolean,100,operation-warm,6,64.23510499999975,10.195583000000624,53.418203999997786,prefix-restore,20,80,20,79,,,,,,,,,,,,,,,
adapter,baseline,boolean,100,operation-warm,7,47.36358299999847,10.158808000000136,36.55510000001232,prefix-restore,20,80,20,79,,,,,,,,,,,,,,,
adapter,baseline,boolean,100,operation-warm,8,45.7438230000007,9.315282999999908,35.90385199999582,prefix-restore,20,80,20,79,,,,,,,,,,,,,,,
adapter,baseline,boolean,100,operation-warm,9,42.30818100000033,9.336354999999458,32.398755999998684,prefix-restore,20,80,20,79,,,,,,,,,,,,,,,
adapter,baseline,boolean,100,operation-warm,10,48.351715000000695,9.675642999998672,38.10383199999342,prefix-restore,20,80,20,79,,,,,,,,,,,,,,,
adapter,baseline,boolean,100,operation-warm,11,43.08270099999936,9.29957899999863,33.2271519999922,prefix-restore,20,80,20,79,,,,,,,,,,,,,,,
adapter,baseline,boolean,100,operation-warm,12,46.14345300000059,9.973880000001373,35.639983999986725,prefix-restore,20,80,20,79,,,,,,,,,,,,,,,
adapter,baseline,boolean,100,operation-warm,13,43.375670999997965,9.855353000002651,32.974015000010695,prefix-restore,20,80,20,79,,,,,,,,,,,,,,,
adapter,baseline,boolean,100,operation-warm,14,45.56782000000021,9.327862000001915,35.707148000001325,prefix-restore,20,80,20,79,,,,,,,,,,,,,,,
adapter,baseline,boolean,100,operation-warm,15,46.61345799999981,10.516744999997172,35.509341000008135,prefix-restore,20,80,20,79,,,,,,,,,,,,,,,
adapter,baseline,boolean,100,operation-warm,16,47.64262200000303,9.637065999999322,37.43992100000105,prefix-restore,20,80,20,79,,,,,,,,,,,,,,,
adapter,baseline,boolean,100,operation-warm,17,44.60315199999968,10.06457600000067,33.94610699999612,prefix-restore,20,80,20,79,,,,,,,,,,,,,,,
adapter,baseline,boolean,100,operation-warm,18,68.74457800000164,13.610083999999915,54.365803000018786,prefix-restore,20,80,20,79,,,,,,,,,,,,,,,
adapter,baseline,boolean,100,operation-warm,19,44.775721000001795,10.57894799999849,33.525969999987865,prefix-restore,20,80,20,79,,,,,,,,,,,,,,,
adapter,baseline,boolean,100,operation-warm,20,47.52881100000013,9.857375999999931,37.13760000000548,prefix-restore,20,80,20,79,,,,,,,,,,,,,,,
adapter,baseline,boolean,100,operation-warm,21,44.633928999999625,10.118137000001298,33.8619720000097,prefix-restore,20,80,20,79,,,,,,,,,,,,,,,
adapter,baseline,boolean,100,operation-warm,22,52.962610999999015,11.759087999998883,40.598499000006996,prefix-restore,20,80,20,79,,,,,,,,,,,,,,,
adapter,baseline,boolean,100,operation-warm,23,42.432918000002246,9.3952019999997,32.30411699999604,prefix-restore,20,80,20,79,,,,,,,,,,,,,,,
adapter,baseline,boolean,100,operation-warm,24,46.30432400000063,10.032368000000133,35.71629300000495,prefix-restore,20,80,20,79,,,,,,,,,,,,,,,
adapter,baseline,boolean,100,operation-warm,25,98.81605900000068,23.32654900000125,74.71828700000697,full-rebuild,100,0,99,0,replay-budget,,,,,,,,,,,,,,
adapter,baseline,boolean,100,operation-warm,26,42.461348999997426,8.11820599999919,33.80697699999655,prefix-restore,20,80,20,79,,,,,,,,,,,,,,,
adapter,baseline,boolean,100,operation-warm,27,55.890457000001334,13.553550000000541,41.567863999996916,prefix-restore,20,80,20,79,,,,,,,,,,,,,,,
adapter,baseline,boolean,100,operation-warm,28,43.35103499999968,9.8914569999979,32.933396000003995,prefix-restore,20,80,20,79,,,,,,,,,,,,,,,
adapter,baseline,boolean,100,operation-warm,29,51.94119900000078,13.35135700000319,37.97710299997925,prefix-restore,20,80,20,79,,,,,,,,,,,,,,,
adapter,baseline,boolean,100,operation-warm,30,46.55182600000262,14.511706999997841,31.517959999993764,prefix-restore,20,80,20,79,,,,,,,,,,,,,,,
adapter,baseline,boolean,100,early-warmup,0,45.95629199999894,11.626319999999396,33.81511999997383,prefix-restore,20,80,20,79,,,,,,,,,,,,,,,
adapter,baseline,boolean,100,early-warm,1,102.39330500000506,27.054321000003256,74.43604100000812,full-rebuild,100,0,99,0,,,,,,,,,,,,,,,
adapter,baseline,boolean,100,early-warm,2,98.08961999999883,22.985776999994414,74.40213300001051,full-rebuild,100,0,99,0,,,,,,,,,,,,,,,
adapter,baseline,boolean,100,early-warm,3,93.27366600000096,21.531645999995817,71.00805899999978,full-rebuild,100,0,99,0,,,,,,,,,,,,,,,
adapter,baseline,boolean,100,early-warm,4,94.35758099999657,21.747409999996307,71.94274499995663,full-rebuild,100,0,99,0,,,,,,,,,,,,,,,
adapter,baseline,boolean,100,early-warm,5,95.47625999999582,22.109412999998312,72.47242899999401,full-rebuild,100,0,99,0,,,,,,,,,,,,,,,
adapter,baseline,boolean,100,early-warm,6,94.83769200000097,22.196703999994497,71.96995200004312,full-rebuild,100,0,99,0,,,,,,,,,,,,,,,
adapter,baseline,boolean,100,early-warm,7,118.1435199999978,20.872928999997384,96.34430900000734,full-rebuild,100,0,99,0,,,,,,,,,,,,,,,
adapter,baseline,boolean,100,early-warm,8,103.68695599999774,25.445497000000614,77.4517039999555,full-rebuild,100,0,99,0,,,,,,,,,,,,,,,
adapter,baseline,boolean,100,early-warm,9,101.7979919999998,25.119948999999906,75.85531400000036,full-rebuild,100,0,99,0,,,,,,,,,,,,,,,
adapter,baseline,boolean,100,early-warm,10,99.76415100000304,22.842773000003945,76.16706000002159,full-rebuild,100,0,99,0,,,,,,,,,,,,,,,
adapter,baseline,boolean,100,early-warm,11,99.76143700000102,24.486439000000246,74.5422610000387,full-rebuild,100,0,99,0,,,,,,,,,,,,,,,
adapter,baseline,boolean,100,early-warm,12,97.3287679999994,27.65646299999935,69.00118800000928,full-rebuild,100,0,99,0,,,,,,,,,,,,,,,
adapter,baseline,boolean,100,early-warm,13,106.74737499999901,31.49442999999883,74.456465999996,full-rebuild,100,0,99,0,,,,,,,,,,,,,,,
adapter,baseline,boolean,100,early-warm,14,95.83783200000471,26.58624800000689,68.58130999995774,full-rebuild,100,0,99,0,,,,,,,,,,,,,,,
adapter,baseline,boolean,100,early-warm,15,94.12445599999774,26.087891000002855,67.35428999995929,full-rebuild,100,0,99,0,,,,,,,,,,,,,,,
adapter,baseline,boolean,100,early-warm,16,100.91723600000114,25.880262999999104,74.27427799999714,full-rebuild,100,0,99,0,,,,,,,,,,,,,,,
adapter,baseline,boolean,100,early-warm,17,100.67598299999372,29.655455000000075,70.30985900000087,full-rebuild,100,0,99,0,,,,,,,,,,,,,,,
adapter,baseline,boolean,100,early-warm,18,95.01983899999323,26.3354760000002,67.96820599996136,full-rebuild,100,0,99,0,,,,,,,,,,,,,,,
adapter,baseline,boolean,100,early-warm,19,97.99673500000063,28.893412999997963,68.36398700000427,full-rebuild,100,0,99,0,,,,,,,,,,,,,,,
adapter,baseline,boolean,100,early-warm,20,99.37752600000385,28.58231599999999,70.03225999999268,full-rebuild,100,0,99,0,,,,,,,,,,,,,,,
adapter,baseline,boolean,100,early-warm,21,103.16824199999974,27.434845000003406,74.91386200003035,full-rebuild,100,0,99,0,,,,,,,,,,,,,,,
adapter,baseline,boolean,100,early-warm,22,105.09288899999956,27.29975199999899,76.73817100001179,full-rebuild,100,0,99,0,,,,,,,,,,,,,,,
adapter,baseline,boolean,100,early-warm,23,104.23077700000431,28.657139000002644,74.79686399996717,full-rebuild,100,0,99,0,,,,,,,,,,,,,,,
adapter,baseline,boolean,100,early-warm,24,98.55315900000278,27.04990700000053,70.68500399999903,full-rebuild,100,0,99,0,,,,,,,,,,,,,,,
adapter,baseline,boolean,100,early-warm,25,98.9593789999999,28.699140999997326,69.57945299996936,full-rebuild,100,0,99,0,,,,,,,,,,,,,,,
adapter,baseline,boolean,100,early-warm,26,101.17371899999853,27.33773900000233,73.10575500000414,full-rebuild,100,0,99,0,,,,,,,,,,,,,,,
adapter,baseline,boolean,100,early-warm,27,98.4323480000021,27.043527999994694,70.46649700004491,full-rebuild,100,0,99,0,,,,,,,,,,,,,,,
adapter,baseline,boolean,100,early-warm,28,100.07937900000252,28.0714799999987,71.3145289999593,full-rebuild,100,0,99,0,,,,,,,,,,,,,,,
adapter,baseline,boolean,100,early-warm,29,104.47949900000094,26.752221000002464,76.96981699999014,full-rebuild,100,0,99,0,,,,,,,,,,,,,,,
adapter,baseline,boolean,100,early-warm,30,93.2192240000004,25.695702999997593,66.68994499994733,full-rebuild,100,0,99,0,,,,,,,,,,,,,,,
adapter,baseline,boolean,100,late-warmup,0,44.81792400000268,12.999848999999813,31.326732999987144,prefix-restore,20,80,20,79,,,,,,,,,,,,,,,
adapter,baseline,boolean,100,late-warm,1,40.158235000002605,8.228832000000693,31.308671000020695,prefix-restore,20,80,20,79,,,,,,,,,,,,,,,
adapter,baseline,boolean,100,late-warm,2,45.942401000000245,8.591387000000395,36.81440999998449,prefix-restore,20,80,20,79,,,,,,,,,,,,,,,
adapter,baseline,boolean,100,late-warm,3,41.97604199999478,8.798977999998897,32.62049500003923,prefix-restore,20,80,20,79,,,,,,,,,,,,,,,
adapter,baseline,boolean,100,late-warm,4,45.37456999999995,9.349522999997134,35.446970999961195,prefix-restore,20,80,20,79,,,,,,,,,,,,,,,
adapter,baseline,boolean,100,late-warm,5,41.58642699999473,8.888921999998274,32.16727100002754,prefix-restore,20,80,20,79,,,,,,,,,,,,,,,
adapter,baseline,boolean,100,late-warm,6,46.36866000000009,9.268792000002577,36.566734,prefix-restore,20,80,20,79,,,,,,,,,,,,,,,
adapter,baseline,boolean,100,late-warm,7,57.637173000002804,11.11460100000113,45.79271800001152,prefix-restore,20,80,20,79,,,,,,,,,,,,,,,
adapter,baseline,boolean,100,late-warm,8,47.07403900000645,9.134289999994508,37.42076900003303,prefix-restore,20,80,20,79,,,,,,,,,,,,,,,
adapter,baseline,boolean,100,late-warm,9,42.05180599999585,9.121321999999054,32.35776399997121,prefix-restore,20,80,20,79,,,,,,,,,,,,,,,
adapter,baseline,boolean,100,late-warm,10,46.239004999995814,9.12857200000144,36.556551999972726,prefix-restore,20,80,20,79,,,,,,,,,,,,,,,
adapter,baseline,boolean,100,late-warm,11,43.27233599999454,9.512668000003032,33.19638199998735,prefix-restore,20,80,20,79,,,,,,,,,,,,,,,
adapter,baseline,boolean,100,late-warm,12,46.63936599999579,9.386218999999983,36.70458300002065,prefix-restore,20,80,20,79,,,,,,,,,,,,,,,
adapter,baseline,boolean,100,late-warm,13,43.30398399999831,9.62584799999604,33.078634000026796,prefix-restore,20,80,20,79,,,,,,,,,,,,,,,
adapter,baseline,boolean,100,late-warm,14,46.56153999999515,9.177946999996493,36.85798399997293,prefix-restore,20,80,20,79,,,,,,,,,,,,,,,
adapter,baseline,boolean,100,late-warm,15,44.74630700000125,9.309743999998318,34.86312399999588,prefix-restore,20,80,20,79,,,,,,,,,,,,,,,
adapter,baseline,boolean,100,late-warm,16,63.48947600000247,12.752102999998897,48.83578399998805,prefix-restore,20,80,20,79,,,,,,,,,,,,,,,
adapter,baseline,boolean,100,late-warm,17,44.46671800000331,9.882943999997224,33.9429979999768,prefix-restore,20,80,20,79,,,,,,,,,,,,,,,
adapter,baseline,boolean,100,late-warm,18,48.247027999997954,9.56518700000015,38.133748000036576,prefix-restore,20,80,20,79,,,,,,,,,,,,,,,
adapter,baseline,boolean,100,late-warm,19,43.286818000000494,9.759168000004138,32.99126799995429,prefix-restore,20,80,20,79,,,,,,,,,,,,,,,
adapter,baseline,boolean,100,late-warm,20,45.77569099999528,8.991826999998011,36.24233400005323,prefix-restore,20,80,20,79,,,,,,,,,,,,,,,
adapter,baseline,boolean,100,late-warm,21,41.8038130000059,9.455232000000251,31.822193999985757,prefix-restore,20,80,20,79,,,,,,,,,,,,,,,
adapter,baseline,boolean,100,late-warm,22,46.92214999999851,9.512237000002642,36.45885700004146,prefix-restore,20,80,20,79,,,,,,,,,,,,,,,
adapter,baseline,boolean,100,late-warm,23,43.71363800000108,9.332568000005267,33.835382000004756,prefix-restore,20,80,20,79,,,,,,,,,,,,,,,
adapter,baseline,boolean,100,late-warm,24,46.95411900000181,10.457265999997617,35.96061999997619,prefix-restore,20,80,20,79,,,,,,,,,,,,,,,
adapter,baseline,boolean,100,late-warm,25,45.40200000000186,11.838627999997698,32.9823909999468,prefix-restore,20,80,20,79,,,,,,,,,,,,,,,
adapter,baseline,boolean,100,late-warm,26,97.1542150000023,26.242882999998983,69.93370099999447,full-rebuild,100,0,99,0,replay-budget,,,,,,,,,,,,,,
adapter,baseline,boolean,100,late-warm,27,44.63204499999847,8.173710000002757,35.897475000041595,prefix-restore,20,80,20,79,,,,,,,,,,,,,,,
adapter,baseline,boolean,100,late-warm,28,42.18557700000383,8.524265000000014,32.81867700006114,prefix-restore,20,80,20,79,,,,,,,,,,,,,,,
adapter,baseline,boolean,100,late-warm,29,47.223135000000184,8.779610999998113,37.88807399997313,prefix-restore,20,80,20,79,,,,,,,,,,,,,,,
adapter,baseline,boolean,100,late-warm,30,41.93125500000315,8.440793000001577,32.93527699993865,prefix-restore,20,80,20,79,,,,,,,,,,,,,,,
adapter,baseline,fillet,30,cold,0,74.82690100000036,39.290133999995305,34.929675000021234,full-rebuild,30,0,30,0,,,,,,,,,,,,,,,
adapter,baseline,fillet,30,warm-repeat,0,13.676678000003449,4.100962999997137,9.194555000016408,prefix-restore,2,28,2,28,,,,,,,,,,,,,,,
adapter,baseline,fillet,30,operation-warmup,0,13.657819000000018,4.229745000004186,9.151438999993843,prefix-restore,2,28,2,28,,,,,,,,,,,,,,,
adapter,baseline,fillet,30,operation-warm,1,22.843999999997322,7.136986999998044,15.382057000009809,prefix-restore,2,28,2,28,,,,,,,,,,,,,,,
adapter,baseline,fillet,30,operation-warm,2,13.612352000003739,3.78541899999982,9.30691300000035,prefix-restore,2,28,2,28,,,,,,,,,,,,,,,
adapter,baseline,fillet,30,operation-warm,3,12.462887000001501,3.592068999998446,8.658606999983022,prefix-restore,2,28,2,28,,,,,,,,,,,,,,,
adapter,baseline,fillet,30,operation-warm,4,13.91143000000011,3.8032660000026226,9.830576000007568,prefix-restore,2,28,2,28,,,,,,,,,,,,,,,
adapter,baseline,fillet,30,operation-warm,5,11.935344999998051,3.293641000003845,8.436356000005617,prefix-restore,2,28,2,28,,,,,,,,,,,,,,,
adapter,baseline,fillet,30,operation-warm,6,17.436028000003716,7.456645999998727,9.658021999988705,prefix-restore,2,28,2,28,,,,,,,,,,,,,,,
adapter,baseline,fillet,30,operation-warm,7,19.890339999998105,5.206970999999612,14.333219000014651,prefix-restore,2,28,2,28,,,,,,,,,,,,,,,
adapter,baseline,fillet,30,operation-warm,8,12.869776999999885,3.679920000002312,8.899152999998478,prefix-restore,2,28,2,28,,,,,,,,,,,,,,,
adapter,baseline,fillet,30,operation-warm,9,12.8249599999981,3.3619140000009793,9.19258400000399,prefix-restore,2,28,2,28,,,,,,,,,,,,,,,
adapter,baseline,fillet,30,operation-warm,10,13.349997999997868,3.7354339999947115,9.326071000024967,prefix-restore,2,28,2,28,,,,,,,,,,,,,,,
adapter,baseline,fillet,30,operation-warm,11,14.053808999997273,4.320176000001084,9.494991999999911,prefix-restore,2,28,2,28,,,,,,,,,,,,,,,
adapter,baseline,fillet,30,operation-warm,12,12.5706979999959,3.3737309999996796,8.912550000015472,prefix-restore,2,28,2,28,,,,,,,,,,,,,,,
adapter,baseline,fillet,30,operation-warm,13,13.584670000003825,3.876936000000569,9.425648000011279,prefix-restore,2,28,2,28,,,,,,,,,,,,,,,
adapter,baseline,fillet,30,operation-warm,14,12.79326299999957,3.2809919999999693,9.23982599998999,prefix-restore,2,28,2,28,,,,,,,,,,,,,,,
adapter,baseline,fillet,30,operation-warm,15,13.413713000001735,3.544486999999208,9.61536299999716,prefix-restore,2,28,2,28,,,,,,,,,,,,,,,
adapter,baseline,fillet,30,operation-warm,16,13.133022000001802,3.850706999997783,8.651118999987375,prefix-restore,2,28,2,28,,,,,,,,,,,,,,,
adapter,baseline,fillet,30,operation-warm,17,12.583659000003536,3.4380680000031134,8.927674000005936,prefix-restore,2,28,2,28,,,,,,,,,,,,,,,
adapter,baseline,fillet,30,operation-warm,18,11.938991000002716,3.1994290000002366,8.491115999990143,prefix-restore,2,28,2,28,,,,,,,,,,,,,,,
adapter,baseline,fillet,30,operation-warm,19,12.373782999995456,3.3403509999989183,8.789817000033509,prefix-restore,2,28,2,28,,,,,,,,,,,,,,,
adapter,baseline,fillet,30,operation-warm,20,13.526182000001427,3.2408619999987422,10.013226999988547,prefix-restore,2,28,2,28,,,,,,,,,,,,,,,
adapter,baseline,fillet,30,operation-warm,21,18.810901000004378,3.661943999999494,14.894322999993165,prefix-restore,2,28,2,28,,,,,,,,,,,,,,,
adapter,baseline,fillet,30,operation-warm,22,12.361434999998892,3.1587989999970887,8.936281999987841,prefix-restore,2,28,2,28,,,,,,,,,,,,,,,
adapter,baseline,fillet,30,operation-warm,23,13.21414399999776,3.0887740000034682,9.931437000006554,prefix-restore,2,28,2,28,,,,,,,,,,,,,,,
adapter,baseline,fillet,30,operation-warm,24,12.139822000004642,3.4458300000042072,8.426252000012028,prefix-restore,2,28,2,28,,,,,,,,,,,,,,,
adapter,baseline,fillet,30,operation-warm,25,12.159371999994619,3.4739709999994375,8.457568999976502,prefix-restore,2,28,2,28,,,,,,,,,,,,,,,
adapter,baseline,fillet,30,operation-warm,26,13.008785999998508,3.311917999999423,9.421302000017022,prefix-restore,2,28,2,28,,,,,,,,,,,,,,,
adapter,baseline,fillet,30,operation-warm,27,12.20152500000404,3.660781999999017,8.334224999998696,prefix-restore,2,28,2,28,,,,,,,,,,,,,,,
adapter,baseline,fillet,30,operation-warm,28,11.994854000004125,3.1826139999975567,8.491016999993008,prefix-restore,2,28,2,28,,,,,,,,,,,,,,,
adapter,baseline,fillet,30,operation-warm,29,16.73382400000264,6.738068999999086,9.742223999994167,prefix-restore,2,28,2,28,,,,,,,,,,,,,,,
adapter,baseline,fillet,30,operation-warm,30,14.248886999994284,3.3996100000003935,10.620630999997957,prefix-restore,2,28,2,28,,,,,,,,,,,,,,,
adapter,baseline,fillet,30,early-warmup,0,12.634593999995559,3.5780180000001565,8.864798000009614,prefix-restore,2,28,2,28,,,,,,,,,,,,,,,
adapter,baseline,fillet,30,early-warm,1,27.632563999999547,7.74503900000127,19.62942899999325,full-rebuild,30,0,30,0,,,,,,,,,,,,,,,
adapter,baseline,fillet,30,early-warm,2,31.144584000001487,8.66718199999741,22.177779999998165,full-rebuild,30,0,30,0,,,,,,,,,,,,,,,
adapter,baseline,fillet,30,early-warm,3,38.83349799999996,8.95669700000144,29.268766999994114,full-rebuild,30,0,30,0,,,,,,,,,,,,,,,
adapter,baseline,fillet,30,early-warm,4,28.968598999999813,8.424237999999605,20.276405000011437,full-rebuild,30,0,30,0,,,,,,,,,,,,,,,
adapter,baseline,fillet,30,early-warm,5,30.88923100000102,11.089516999993066,19.589330999988306,full-rebuild,30,0,30,0,,,,,,,,,,,,,,,
adapter,baseline,fillet,30,early-warm,6,28.351793999994698,8.319120000000112,19.73677099998895,full-rebuild,30,0,30,0,,,,,,,,,,,,,,,
adapter,baseline,fillet,30,early-warm,7,32.25367700000061,13.103017000001273,18.93177999998443,full-rebuild,30,0,30,0,,,,,,,,,,,,,,,
adapter,baseline,fillet,30,early-warm,8,30.64557500000228,8.076587000003201,22.268567000020994,full-rebuild,30,0,30,0,,,,,,,,,,,,,,,
adapter,baseline,fillet,30,early-warm,9,28.01802200000384,8.264429000002565,19.540581999994174,full-rebuild,30,0,30,0,,,,,,,,,,,,,,,
adapter,baseline,fillet,30,early-warm,10,27.297051000001375,8.002234999999928,19.03918999999587,full-rebuild,30,0,30,0,,,,,,,,,,,,,,,
adapter,baseline,fillet,30,early-warm,11,31.908168999994814,8.09248099999968,23.601407999987714,full-rebuild,30,0,30,0,,,,,,,,,,,,,,,
adapter,baseline,fillet,30,early-warm,12,29.14669600000343,9.352350000001024,19.49541899999167,full-rebuild,30,0,30,0,,,,,,,,,,,,,,,
adapter,baseline,fillet,30,early-warm,13,27.72355100000277,8.03110800000286,19.462397999988752,full-rebuild,30,0,30,0,,,,,,,,,,,,,,,
adapter,baseline,fillet,30,early-warm,14,30.072495000000345,8.47176899999613,21.330953999990015,full-rebuild,30,0,30,0,,,,,,,,,,,,,,,
adapter,baseline,fillet,30,early-warm,15,27.953765999998723,8.35190899999725,19.398602000022947,full-rebuild,30,0,30,0,,,,,,,,,,,,,,,
adapter,baseline,fillet,30,early-warm,16,31.725033999995503,11.028635000002396,20.4277269999875,full-rebuild,30,0,30,0,,,,,,,,,,,,,,,
adapter,baseline,fillet,30,early-warm,17,31.929771000002802,8.61276099999668,23.09578699999838,full-rebuild,30,0,30,0,,,,,,,,,,,,,,,
adapter,baseline,fillet,30,early-warm,18,29.124894000000495,7.999571000000287,20.85326599999098,full-rebuild,30,0,30,0,,,,,,,,,,,,,,,
adapter,baseline,fillet,30,early-warm,19,30.297843000000285,8.262475000003178,21.818892999988748,full-rebuild,30,0,30,0,,,,,,,,,,,,,,,
adapter,baseline,fillet,30,early-warm,20,28.80031600000075,8.767523000002257,19.730135000034352,full-rebuild,30,0,30,0,,,,,,,,,,,,,,,
adapter,baseline,fillet,30,early-warm,21,27.69057099999918,8.301272999997309,19.180236000007426,full-rebuild,30,0,30,0,,,,,,,,,,,,,,,
adapter,baseline,fillet,30,early-warm,22,31.406285999997635,8.329405999997107,22.748367999993206,full-rebuild,30,0,30,0,,,,,,,,,,,,,,,
adapter,baseline,fillet,30,early-warm,23,29.918753999998444,9.171840000002703,20.45591300001979,full-rebuild,30,0,30,0,,,,,,,,,,,,,,,
adapter,baseline,fillet,30,early-warm,24,27.89989500000229,8.14690200000041,19.459543000026315,full-rebuild,30,0,30,0,,,,,,,,,,,,,,,
adapter,baseline,fillet,30,early-warm,25,28.59885399999621,8.257188000003225,20.017852000004495,full-rebuild,30,0,30,0,,,,,,,,,,,,,,,
adapter,baseline,fillet,30,early-warm,26,28.177622000002884,8.257308000000194,19.652553000007174,full-rebuild,30,0,30,0,,,,,,,,,,,,,,,
adapter,baseline,fillet,30,early-warm,27,32.193405999998504,10.985711000001174,20.979205000025104,full-rebuild,30,0,30,0,,,,,,,,,,,,,,,
adapter,baseline,fillet,30,early-warm,28,27.306344999997236,7.964329000002181,19.079602999976487,full-rebuild,30,0,30,0,,,,,,,,,,,,,,,
adapter,baseline,fillet,30,early-warm,29,28.50437200000306,8.105429000002914,20.17737900000793,full-rebuild,30,0,30,0,,,,,,,,,,,,,,,
adapter,baseline,fillet,30,early-warm,30,30.300747000001138,7.755525000000489,22.268938000015623,full-rebuild,30,0,30,0,,,,,,,,,,,,,,,
adapter,baseline,fillet,30,late-warmup,0,11.238039999996545,2.94835299999977,8.121042000006128,prefix-restore,2,28,2,28,,,,,,,,,,,,,,,
adapter,baseline,fillet,30,late-warm,1,11.514953999998397,2.97093699999823,8.365849000001617,prefix-restore,2,28,2,28,,,,,,,,,,,,,,,
adapter,baseline,fillet,30,late-warm,2,15.793313000001945,3.3380580000011832,12.129818000015803,prefix-restore,2,28,2,28,,,,,,,,,,,,,,,
adapter,baseline,fillet,30,late-warm,3,11.940904000002774,3.0996799999993527,8.624639999994542,prefix-restore,2,28,2,28,,,,,,,,,,,,,,,
adapter,baseline,fillet,30,late-warm,4,13.520753999997396,3.5966449999978067,9.701511999963259,prefix-restore,2,28,2,28,,,,,,,,,,,,,,,
adapter,baseline,fillet,30,late-warm,5,11.872820999997202,3.1235149999993155,8.590267000006861,prefix-restore,2,28,2,28,,,,,,,,,,,,,,,
adapter,baseline,fillet,30,late-warm,6,11.830086999994819,3.1119289999987814,8.509235999976227,prefix-restore,2,28,2,28,,,,,,,,,,,,,,,
adapter,baseline,fillet,30,late-warm,7,11.625019999999495,3.0673710000046412,8.310870000015711,prefix-restore,2,28,2,28,,,,,,,,,,,,,,,
adapter,baseline,fillet,30,late-warm,8,12.094684000003326,3.2210619999968912,8.653960000010557,prefix-restore,2,28,2,28,,,,,,,,,,,,,,,
adapter,baseline,fillet,30,late-warm,9,27.00274000000354,5.276676000001316,21.534427000020514,prefix-restore,2,28,2,28,,,,,,,,,,,,,,,
adapter,baseline,fillet,30,late-warm,10,12.955715999996755,4.591860000000452,8.160762000028626,prefix-restore,2,28,2,28,,,,,,,,,,,,,,,
adapter,baseline,fillet,30,late-warm,11,11.826781999996456,3.443966000006185,8.231781000009505,prefix-restore,2,28,2,28,,,,,,,,,,,,,,,
adapter,baseline,fillet,30,late-warm,12,11.394283000001451,3.060420999994676,8.111078000009002,prefix-restore,2,28,2,28,,,,,,,,,,,,,,,
adapter,baseline,fillet,30,late-warm,13,12.091269999997166,3.0015129999956116,8.926117000002705,prefix-restore,2,28,2,28,,,,,,,,,,,,,,,
adapter,baseline,fillet,30,late-warm,14,11.756947999994736,3.2085640000004787,8.280062000019825,prefix-restore,2,28,2,28,,,,,,,,,,,,,,,
adapter,baseline,fillet,30,late-warm,15,11.366311999998288,3.1096050000051036,8.102773999991769,prefix-restore,2,28,2,28,,,,,,,,,,,,,,,
adapter,baseline,fillet,30,late-warm,16,14.328406000000541,3.2334610000034445,10.880134999999427,prefix-restore,2,28,2,28,,,,,,,,,,,,,,,
adapter,baseline,fillet,30,late-warm,17,17.09906200000114,7.230673000005481,9.65912099997513,prefix-restore,2,28,2,28,,,,,,,,,,,,,,,
adapter,baseline,fillet,30,late-warm,18,11.889546999998856,3.463285999998334,8.222041000015452,prefix-restore,2,28,2,28,,,,,,,,,,,,,,,
adapter,baseline,fillet,30,late-warm,19,11.826261000001978,3.3232759999955306,8.29163799998787,prefix-restore,2,28,2,28,,,,,,,,,,,,,,,
adapter,baseline,fillet,30,late-warm,20,12.512167999993835,3.2934499999973923,9.002790999991703,prefix-restore,2,28,2,28,,,,,,,,,,,,,,,
adapter,baseline,fillet,30,late-warm,21,13.816504000002169,3.5506059999970603,10.06918100000621,prefix-restore,2,28,2,28,,,,,,,,,,,,,,,
adapter,baseline,fillet,30,late-warm,22,12.151595999996061,3.3555730000007316,8.577040999996825,prefix-restore,2,28,2,28,,,,,,,,,,,,,,,
adapter,baseline,fillet,30,late-warm,23,14.915181999997003,3.1658489999972517,11.564017999990028,prefix-restore,2,28,2,28,,,,,,,,,,,,,,,
adapter,baseline,fillet,30,late-warm,24,11.739207999999053,3.2287629999991623,8.302471000024525,prefix-restore,2,28,2,28,,,,,,,,,,,,,,,
adapter,baseline,fillet,30,late-warm,25,11.356383999998798,3.0938010000027134,8.11393200000748,prefix-restore,2,28,2,28,,,,,,,,,,,,,,,
adapter,baseline,fillet,30,late-warm,26,12.461762000006274,3.39776599999459,8.61581100001058,prefix-restore,2,28,2,28,,,,,,,,,,,,,,,
adapter,baseline,fillet,30,late-warm,27,11.255803000000014,3.094751999997243,8.013932999972894,prefix-restore,2,28,2,28,,,,,,,,,,,,,,,
adapter,baseline,fillet,30,late-warm,28,12.28895200000261,3.53857699999935,8.477244000023347,prefix-restore,2,28,2,28,,,,,,,,,,,,,,,
adapter,baseline,fillet,30,late-warm,29,11.88954399999784,3.1439360000003944,8.574797000022954,prefix-restore,2,28,2,28,,,,,,,,,,,,,,,
adapter,baseline,fillet,30,late-warm,30,14.264596000000893,3.1301559999992605,10.932303999987198,prefix-restore,2,28,2,28,,,,,,,,,,,,,,,
adapter,baseline,fillet,100,cold,0,90.37527899999986,19.60892199999944,69.67761800001608,full-rebuild,100,0,100,0,,,,,,,,,,,,,,,
adapter,baseline,fillet,100,warm-repeat,0,41.58882099999755,7.591768000005686,33.28807999994024,prefix-restore,20,80,20,80,,,,,,,,,,,,,,,
adapter,baseline,fillet,100,operation-warmup,0,46.922902000005706,6.782794000006106,39.48281200002384,prefix-restore,20,80,20,80,,,,,,,,,,,,,,,
adapter,baseline,fillet,100,operation-warm,1,40.64981300000363,6.888832999997248,33.11041599998134,prefix-restore,20,80,20,80,,,,,,,,,,,,,,,
adapter,baseline,fillet,100,operation-warm,2,44.47548200000165,7.122924000002968,36.64658599998802,prefix-restore,20,80,20,80,,,,,,,,,,,,,,,
adapter,baseline,fillet,100,operation-warm,3,61.388684000005014,11.652738999997382,46.81314700002986,prefix-restore,20,80,20,80,,,,,,,,,,,,,,,
adapter,baseline,fillet,100,operation-warm,4,44.161299999999756,8.353749999994761,34.95375500001683,prefix-restore,20,80,20,80,,,,,,,,,,,,,,,
adapter,baseline,fillet,100,operation-warm,5,42.23678300000029,7.646569000004092,34.05471300001955,prefix-restore,20,80,20,80,,,,,,,,,,,,,,,
adapter,baseline,fillet,100,operation-warm,6,43.257793999997375,8.329573999995773,34.09557400003541,prefix-restore,20,80,20,80,,,,,,,,,,,,,,,
adapter,baseline,fillet,100,operation-warm,7,40.274890000000596,7.549033000002964,32.23095500002091,prefix-restore,20,80,20,80,,,,,,,,,,,,,,,
adapter,baseline,fillet,100,operation-warm,8,46.010363000001234,8.187459999993735,36.992754000006244,prefix-restore,20,80,20,80,,,,,,,,,,,,,,,
adapter,baseline,fillet,100,operation-warm,9,41.359747000002244,7.8172449999983655,33.008759000011196,prefix-restore,20,80,20,80,,,,,,,,,,,,,,,
adapter,baseline,fillet,100,operation-warm,10,46.55751400000008,8.012697999998636,34.209175999989384,prefix-restore,20,80,20,80,,,,,,,,,,,,,,,
adapter,baseline,fillet,100,operation-warm,11,41.617865000000165,7.392459000002418,33.6640400000324,prefix-restore,20,80,20,80,,,,,,,,,,,,,,,
adapter,baseline,fillet,100,operation-warm,12,44.062222000000475,7.483124999998836,35.84839800000191,prefix-restore,20,80,20,80,,,,,,,,,,,,,,,
adapter,baseline,fillet,100,operation-warm,13,44.60884100000112,9.793851000002178,34.25254599996697,prefix-restore,20,80,20,80,,,,,,,,,,,,,,,
adapter,baseline,fillet,100,operation-warm,14,44.62472400000115,11.209794000002148,32.69141599998693,prefix-restore,20,80,20,80,,,,,,,,,,,,,,,
adapter,baseline,fillet,100,operation-warm,15,40.93502399999852,7.6105960000058985,32.823354000021936,prefix-restore,20,80,20,80,,,,,,,,,,,,,,,
adapter,baseline,fillet,100,operation-warm,16,40.8768659999987,8.033230000000913,32.17387299997063,prefix-restore,20,80,20,80,,,,,,,,,,,,,,,
adapter,baseline,fillet,100,operation-warm,17,40.33037699999841,7.7013630000001285,32.0576789999468,prefix-restore,20,80,20,80,,,,,,,,,,,,,,,
adapter,baseline,fillet,100,operation-warm,18,40.85039799999504,7.973120999995444,32.09213899997121,prefix-restore,20,80,20,80,,,,,,,,,,,,,,,
adapter,baseline,fillet,100,operation-warm,19,45.68585599999642,7.559529999998631,37.58003900001495,prefix-restore,20,80,20,80,,,,,,,,,,,,,,,
adapter,baseline,fillet,100,operation-warm,20,42.30500000000029,8.042313999998441,33.52030500004912,prefix-restore,20,80,20,80,,,,,,,,,,,,,,,
adapter,baseline,fillet,100,operation-warm,21,44.55973100000119,8.295124000003852,35.77614100001665,prefix-restore,20,80,20,80,,,,,,,,,,,,,,,
adapter,baseline,fillet,100,operation-warm,22,41.8019340000028,8.06195299999672,33.03034100001969,prefix-restore,20,80,20,80,,,,,,,,,,,,,,,
adapter,baseline,fillet,100,operation-warm,23,44.73996199999965,7.417826999997487,36.79201500005729,prefix-restore,20,80,20,80,,,,,,,,,,,,,,,
adapter,baseline,fillet,100,operation-warm,24,42.18885500000033,8.64763099999982,32.887284000033105,prefix-restore,20,80,20,80,,,,,,,,,,,,,,,
adapter,baseline,fillet,100,operation-warm,25,93.50107600000047,24.03903999999602,68.72403500000655,full-rebuild,100,0,100,0,replay-budget,,,,,,,,,,,,,,
adapter,baseline,fillet,100,operation-warm,26,45.70152300000336,11.646400000005087,33.32212199996866,prefix-restore,20,80,20,80,,,,,,,,,,,,,,,
adapter,baseline,fillet,100,operation-warm,27,41.06705100000545,7.397265999999945,33.10968800004048,prefix-restore,20,80,20,80,,,,,,,,,,,,,,,
adapter,baseline,fillet,100,operation-warm,28,43.796095999998215,10.747232000001532,32.253894000030414,prefix-restore,20,80,20,80,,,,,,,,,,,,,,,
adapter,baseline,fillet,100,operation-warm,29,40.41409199999907,7.391045999997004,32.50498699997843,prefix-restore,20,80,20,80,,,,,,,,,,,,,,,
adapter,baseline,fillet,100,operation-warm,30,40.756947000001674,7.625498000001244,32.443225999959395,prefix-restore,20,80,20,80,,,,,,,,,,,,,,,
adapter,baseline,fillet,100,early-warmup,0,40.35168899999553,7.679109000004246,32.040318000006664,prefix-restore,20,80,20,80,,,,,,,,,,,,,,,
adapter,baseline,fillet,100,early-warm,1,98.1144260000001,23.884196999999403,73.3578500000367,full-rebuild,100,0,100,0,,,,,,,,,,,,,,,
adapter,baseline,fillet,100,early-warm,2,104.8691370000015,31.9582190000001,71.75819800000318,full-rebuild,100,0,100,0,,,,,,,,,,,,,,,
adapter,baseline,fillet,100,early-warm,3,95.14379999999801,24.357046999997692,69.99390599998151,full-rebuild,100,0,100,0,,,,,,,,,,,,,,,
adapter,baseline,fillet,100,early-warm,4,95.53847099999984,25.784787999997206,68.85511500000575,full-rebuild,100,0,100,0,,,,,,,,,,,,,,,
adapter,baseline,fillet,100,early-warm,5,88.4714909999966,19.40539899999567,68.36501399999543,full-rebuild,100,0,100,0,,,,,,,,,,,,,,,
adapter,baseline,fillet,100,early-warm,6,95.23690899999929,22.349074999998265,72.0193210000507,full-rebuild,100,0,100,0,,,,,,,,,,,,,,,
adapter,baseline,fillet,100,early-warm,7,91.73567699999694,20.064166999996814,71.00454899999022,full-rebuild,100,0,100,0,,,,,,,,,,,,,,,
adapter,baseline,fillet,100,early-warm,8,92.59496599999693,20.387363000001642,71.33409800002119,full-rebuild,100,0,100,0,,,,,,,,,,,,,,,
adapter,baseline,fillet,100,early-warm,9,92.46182599999884,19.79489299999841,72.02495699995052,full-rebuild,100,0,100,0,,,,,,,,,,,,,,,
adapter,baseline,fillet,100,early-warm,10,92.76254700000572,19.858148999999685,72.05620799996541,full-rebuild,100,0,100,0,,,,,,,,,,,,,,,
adapter,baseline,fillet,100,early-warm,11,106.22526199999993,20.110125999999582,85.35049999999319,full-rebuild,100,0,100,0,,,,,,,,,,,,,,,
adapter,baseline,fillet,100,early-warm,12,106.95964300000196,28.428773999999976,77.32963100001507,full-rebuild,100,0,100,0,,,,,,,,,,,,,,,
adapter,baseline,fillet,100,early-warm,13,109.00115599999845,30.659449999999197,77.5205190000197,full-rebuild,100,0,100,0,,,,,,,,,,,,,,,
adapter,baseline,fillet,100,early-warm,14,107.47669899999892,29.243926999995892,77.01299700003437,full-rebuild,100,0,100,0,,,,,,,,,,,,,,,
adapter,baseline,fillet,100,early-warm,15,94.02161599999818,24.749043999996502,68.57555599996704,full-rebuild,100,0,100,0,,,,,,,,,,,,,,,
adapter,baseline,fillet,100,early-warm,16,95.50714400000288,26.335714000000735,68.16234800001257,full-rebuild,100,0,100,0,,,,,,,,,,,,,,,
adapter,baseline,fillet,100,early-warm,17,95.21093999999721,25.219169999996666,69.25094700000773,full-rebuild,100,0,100,0,,,,,,,,,,,,,,,
adapter,baseline,fillet,100,early-warm,18,104.49211300000024,31.315174000003026,72.08004400000209,full-rebuild,100,0,100,0,,,,,,,,,,,,,,,
adapter,baseline,fillet,100,early-warm,19,95.78940799999691,24.659470000005967,70.34942000004958,full-rebuild,100,0,100,0,,,,,,,,,,,,,,,
adapter,baseline,fillet,100,early-warm,20,96.62642300000152,24.31289999999717,71.39944300000934,full-rebuild,100,0,100,0,,,,,,,,,,,,,,,
adapter,baseline,fillet,100,early-warm,21,116.31590800000413,19.336616000000504,89.89154200001212,full-rebuild,100,0,100,0,,,,,,,,,,,,,,,
adapter,baseline,fillet,100,early-warm,22,109.44965899999806,24.919761000004655,83.53683000004094,full-rebuild,100,0,100,0,,,,,,,,,,,,,,,
adapter,baseline,fillet,100,early-warm,23,101.34907799999928,21.67916900000273,78.92597300002672,full-rebuild,100,0,100,0,,,,,,,,,,,,,,,
adapter,baseline,fillet,100,early-warm,24,100.83525699999882,20.458637999996427,79.42336399999476,full-rebuild,100,0,100,0,,,,,,,,,,,,,,,
adapter,baseline,fillet,100,early-warm,25,95.6234689999983,20.276255000004312,74.66818200000853,full-rebuild,100,0,100,0,,,,,,,,,,,,,,,
adapter,baseline,fillet,100,early-warm,26,120.40035199999693,26.813364000001457,92.41327799997089,full-rebuild,100,0,100,0,,,,,,,,,,,,,,,
adapter,baseline,fillet,100,early-warm,27,115.61574200000177,26.422848000001977,88.36391799997364,full-rebuild,100,0,100,0,,,,,,,,,,,,,,,
adapter,baseline,fillet,100,early-warm,28,100.44251500000246,21.841092999995453,77.63945699995384,full-rebuild,100,0,100,0,,,,,,,,,,,,,,,
adapter,baseline,fillet,100,early-warm,29,92.94610599999578,22.8349739999976,69.45268499999656,full-rebuild,100,0,100,0,,,,,,,,,,,,,,,
adapter,baseline,fillet,100,early-warm,30,103.35808399999951,24.449681999998575,77.82035599998198,full-rebuild,100,0,100,0,,,,,,,,,,,,,,,
adapter,baseline,fillet,100,late-warmup,0,45.880794999997306,7.279102000000421,37.96061699998245,prefix-restore,20,80,20,80,,,,,,,,,,,,,,,
adapter,baseline,fillet,100,late-warm,1,44.35568599999533,7.295776999999362,36.31988100002491,prefix-restore,20,80,20,80,,,,,,,,,,,,,,,
adapter,baseline,fillet,100,late-warm,2,48.59038000000146,8.540744999998424,39.29887000000599,prefix-restore,20,80,20,80,,,,,,,,,,,,,,,
adapter,baseline,fillet,100,late-warm,3,47.00491200000397,8.203579999993963,38.04240199998458,prefix-restore,20,80,20,80,,,,,,,,,,,,,,,
adapter,baseline,fillet,100,late-warm,4,44.12742299999809,7.0960070000001,36.36199099996884,prefix-restore,20,80,20,80,,,,,,,,,,,,,,,
adapter,baseline,fillet,100,late-warm,5,43.925630000005185,7.599373000004562,35.797294000018155,prefix-restore,20,80,20,80,,,,,,,,,,,,,,,
adapter,baseline,fillet,100,late-warm,6,49.669910000004165,8.120464999999967,40.78419699998631,prefix-restore,20,80,20,80,,,,,,,,,,,,,,,
adapter,baseline,fillet,100,late-warm,7,42.71673700000247,8.555377000004228,33.65813799996249,prefix-restore,20,80,20,80,,,,,,,,,,,,,,,
adapter,baseline,fillet,100,late-warm,8,48.16652500000055,7.45748000000458,40.0163029999967,prefix-restore,20,80,20,80,,,,,,,,,,,,,,,
adapter,baseline,fillet,100,late-warm,9,42.78453900000022,7.461535999995249,34.81283300000359,prefix-restore,20,80,20,80,,,,,,,,,,,,,,,
adapter,baseline,fillet,100,late-warm,10,45.80927700000029,7.3418669999955455,37.64597199999116,prefix-restore,20,80,20,80,,,,,,,,,,,,,,,
adapter,baseline,fillet,100,late-warm,11,40.7347030000019,7.219011999994109,33.008795000074315,prefix-restore,20,80,20,80,,,,,,,,,,,,,,,
adapter,baseline,fillet,100,late-warm,12,44.229096000002755,10.888958999996248,32.61108099998819,prefix-restore,20,80,20,80,,,,,,,,,,,,,,,
adapter,baseline,fillet,100,late-warm,13,45.551510999997845,8.623469999998633,36.325424000002386,prefix-restore,20,80,20,80,,,,,,,,,,,,,,,
adapter,baseline,fillet,100,late-warm,14,46.66836599999806,13.346575999996276,32.61401200000546,prefix-restore,20,80,20,80,,,,,,,,,,,,,,,
adapter,baseline,fillet,100,late-warm,15,40.31988000000274,7.463718999999401,32.36597799993615,prefix-restore,20,80,20,80,,,,,,,,,,,,,,,
adapter,baseline,fillet,100,late-warm,16,44.16595200000302,7.963059000001522,35.509737999978825,prefix-restore,20,80,20,80,,,,,,,,,,,,,,,
adapter,baseline,fillet,100,late-warm,17,41.93025699999998,7.737059999999474,33.665002000045206,prefix-restore,20,80,20,80,,,,,,,,,,,,,,,
adapter,baseline,fillet,100,late-warm,18,44.758921000000555,9.778072000000975,34.31515199997375,prefix-restore,20,80,20,80,,,,,,,,,,,,,,,
adapter,baseline,fillet,100,late-warm,19,47.04572200000257,7.866083000000799,38.66706700004579,prefix-restore,20,80,20,80,,,,,,,,,,,,,,,
adapter,baseline,fillet,100,late-warm,20,43.582134999996924,7.984219999998459,34.81900200001837,prefix-restore,20,80,20,80,,,,,,,,,,,,,,,
adapter,baseline,fillet,100,late-warm,21,47.137540000003355,9.41938300000038,37.229824000060034,prefix-restore,20,80,20,80,,,,,,,,,,,,,,,
adapter,baseline,fillet,100,late-warm,22,41.8952649999992,8.088036000001011,33.14671400000225,prefix-restore,20,80,20,80,,,,,,,,,,,,,,,
adapter,baseline,fillet,100,late-warm,23,44.420062999997754,7.606914000003599,36.31302399998094,prefix-restore,20,80,20,80,,,,,,,,,,,,,,,
adapter,baseline,fillet,100,late-warm,24,44.31854100000055,8.366214000001492,35.29799499996443,prefix-restore,20,80,20,80,,,,,,,,,,,,,,,
adapter,baseline,fillet,100,late-warm,25,44.737388000001374,7.46777600000496,36.84026100000483,prefix-restore,20,80,20,80,,,,,,,,,,,,,,,
adapter,baseline,fillet,100,late-warm,26,95.04149099999631,20.171448000000964,74.07209500001045,full-rebuild,100,0,100,0,replay-budget,,,,,,,,,,,,,,
adapter,baseline,fillet,100,late-warm,27,42.53972100000101,6.819502999998804,35.25237999998353,prefix-restore,20,80,20,80,,,,,,,,,,,,,,,
adapter,baseline,fillet,100,late-warm,28,40.99386100000993,7.277180000004591,33.091789999976754,prefix-restore,20,80,20,80,,,,,,,,,,,,,,,
adapter,baseline,fillet,100,late-warm,29,40.46190399999614,6.776509000002989,33.23587299992505,prefix-restore,20,80,20,80,,,,,,,,,,,,,,,
adapter,baseline,fillet,100,late-warm,30,40.606339999998454,7.253751000011107,32.644441000011284,prefix-restore,20,80,20,80,,,,,,,,,,,,,,,
adapter,baseline,chamfer,30,cold,0,34.2877210000006,8.729204000002937,25.22493499997654,full-rebuild,30,0,30,0,,,,,,,,,,,,,,,
adapter,baseline,chamfer,30,warm-repeat,0,10.50716100000136,2.0994190000055823,8.220743999947445,prefix-restore,2,28,2,28,,,,,,,,,,,,,,,
adapter,baseline,chamfer,30,operation-warmup,0,9.754692000002251,1.935803999993368,7.670817000020179,prefix-restore,2,28,2,28,,,,,,,,,,,,,,,
adapter,baseline,chamfer,30,operation-warm,1,9.7846669999999,1.9475110000057612,7.678702000033809,prefix-restore,2,28,2,28,,,,,,,,,,,,,,,
adapter,baseline,chamfer,30,operation-warm,2,10.725437999994028,2.0883929999981774,8.427619999973103,prefix-restore,2,28,2,28,,,,,,,,,,,,,,,
adapter,baseline,chamfer,30,operation-warm,3,10.190425000007963,2.1661299999977928,7.8814430000202265,prefix-restore,2,28,2,28,,,,,,,,,,,,,,,
adapter,baseline,chamfer,30,operation-warm,4,10.714120999997249,2.088493000002927,8.424669000014546,prefix-restore,2,28,2,28,,,,,,,,,,,,,,,
adapter,baseline,chamfer,30,operation-warm,5,9.957516000009491,1.9329900000011548,7.858596999998554,prefix-restore,2,28,2,28,,,,,,,,,,,,,,,
adapter,baseline,chamfer,30,operation-warm,6,10.170835999990231,2.000931999995373,7.932849999997416,prefix-restore,2,28,2,28,,,,,,,,,,,,,,,
adapter,baseline,chamfer,30,operation-warm,7,9.816023999999743,1.9991379999992205,7.688360999993165,prefix-restore,2,28,2,28,,,,,,,,,,,,,,,
adapter,baseline,chamfer,30,operation-warm,8,11.532258999999613,2.4415720000106376,8.868581999951857,prefix-restore,2,28,2,28,,,,,,,,,,,,,,,
adapter,baseline,chamfer,30,operation-warm,9,10.789323999997578,2.293519999991986,8.339087999993353,prefix-restore,2,28,2,28,,,,,,,,,,,,,,,
adapter,baseline,chamfer,30,operation-warm,10,19.248592999996617,5.557696000003489,13.382463999951142,prefix-restore,2,28,2,28,,,,,,,,,,,,,,,
adapter,baseline,chamfer,30,operation-warm,11,10.451256999993348,2.3565249999955995,7.962182999996003,prefix-restore,2,28,2,28,,,,,,,,,,,,,,,
adapter,baseline,chamfer,30,operation-warm,12,9.69955000000482,2.014102000001003,7.503952999963076,prefix-restore,2,28,2,28,,,,,,,,,,,,,,,
adapter,baseline,chamfer,30,operation-warm,13,10.15210800000932,2.18409700000484,7.836987999995472,prefix-restore,2,28,2,28,,,,,,,,,,,,,,,
adapter,baseline,chamfer,30,operation-warm,14,9.952458999992814,2.149044000005233,7.590866000027745,prefix-restore,2,28,2,28,,,,,,,,,,,,,,,
adapter,baseline,chamfer,30,operation-warm,15,10.16937400000461,2.1160039999958826,7.922393999993801,prefix-restore,2,28,2,28,,,,,,,,,,,,,,,
adapter,baseline,chamfer,30,operation-warm,16,10.231617999990704,2.201541999995243,7.836977000028128,prefix-restore,2,28,2,28,,,,,,,,,,,,,,,
adapter,baseline,chamfer,30,operation-warm,17,10.372568999999203,2.3277519999974174,7.908835000052932,prefix-restore,2,28,2,28,,,,,,,,,,,,,,,
adapter,baseline,chamfer,30,operation-warm,18,9.843894999998156,2.1033860000025015,7.528531999923871,prefix-restore,2,28,2,28,,,,,,,,,,,,,,,
adapter,baseline,chamfer,30,operation-warm,19,10.065207999999984,2.1199699999997392,7.794842000017525,prefix-restore,2,28,2,28,,,,,,,,,,,,,,,
adapter,baseline,chamfer,30,operation-warm,20,10.268081999995047,2.199179000002914,7.850194000013289,prefix-restore,2,28,2,28,,,,,,,,,,,,,,,
adapter,baseline,chamfer,30,operation-warm,21,10.142875000005006,2.106760000009672,7.901035999995656,prefix-restore,2,28,2,28,,,,,,,,,,,,,,,
adapter,baseline,chamfer,30,operation-warm,22,13.793980999995256,2.6581069999956526,10.861722000016016,prefix-restore,2,28,2,28,,,,,,,,,,,,,,,
adapter,baseline,chamfer,30,operation-warm,23,10.060490999996546,2.0581680000032065,7.862882000015816,prefix-restore,2,28,2,28,,,,,,,,,,,,,,,
adapter,baseline,chamfer,30,operation-warm,24,10.286349000001792,2.3621430000057444,7.728594000000157,prefix-restore,2,28,2,28,,,,,,,,,,,,,,,
adapter,baseline,chamfer,30,operation-warm,25,10.054401000001235,2.223505000001751,7.698536999974749,prefix-restore,2,28,2,28,,,,,,,,,,,,,,,
adapter,baseline,chamfer,30,operation-warm,26,10.377737000002526,2.2252779999980703,7.955155999967246,prefix-restore,2,28,2,28,,,,,,,,,,,,,,,
adapter,baseline,chamfer,30,operation-warm,27,10.178117000003112,2.210776000007172,7.823513999945135,prefix-restore,2,28,2,28,,,,,,,,,,,,,,,
adapter,baseline,chamfer,30,operation-warm,28,9.922102999989875,2.178747999991174,7.53065499998047,prefix-restore,2,28,2,28,,,,,,,,,,,,,,,
adapter,baseline,chamfer,30,operation-warm,29,9.819418999992195,2.0797790000069654,7.568975999951363,prefix-restore,2,28,2,28,,,,,,,,,,,,,,,
adapter,baseline,chamfer,30,operation-warm,30,10.481312000003527,2.5063690000097267,7.781943999958457,prefix-restore,2,28,2,28,,,,,,,,,,,,,,,
adapter,baseline,chamfer,30,early-warmup,0,10.454031000001123,2.159419000003254,8.09703700002865,prefix-restore,2,28,2,28,,,,,,,,,,,,,,,
adapter,baseline,chamfer,30,early-warm,1,44.56298399998923,7.017366000000038,37.207998000027146,full-rebuild,30,0,30,0,,,,,,,,,,,,,,,
adapter,baseline,chamfer,30,early-warm,2,26.73653500000364,7.269964999999502,19.225072999994154,full-rebuild,30,0,30,0,,,,,,,,,,,,,,,
adapter,baseline,chamfer,30,early-warm,3,28.746459000001778,9.783886000004713,18.788807000019005,full-rebuild,30,0,30,0,,,,,,,,,,,,,,,
adapter,baseline,chamfer,30,early-warm,4,25.671237000002293,6.968382999999449,18.469994999992196,full-rebuild,30,0,30,0,,,,,,,,,,,,,,,
adapter,baseline,chamfer,30,early-warm,5,26.42436699999962,6.987842000002274,19.208725000033155,full-rebuild,30,0,30,0,,,,,,,,,,,,,,,
adapter,baseline,chamfer,30,early-warm,6,31.973895999995875,7.064937999995891,24.621085000020685,full-rebuild,30,0,30,0,,,,,,,,,,,,,,,
adapter,baseline,chamfer,30,early-warm,7,26.864826999997604,6.974322000009124,19.697755999979563,full-rebuild,30,0,30,0,,,,,,,,,,,,,,,
adapter,baseline,chamfer,30,early-warm,8,28.54622799999197,8.292037999999593,20.005357000016375,full-rebuild,30,0,30,0,,,,,,,,,,,,,,,
adapter,baseline,chamfer,30,early-warm,9,27.33490200000233,7.327411000005668,19.769112000023597,full-rebuild,30,0,30,0,,,,,,,,,,,,,,,
adapter,baseline,chamfer,30,early-warm,10,27.14238999999361,7.184603999994579,19.717766999994637,full-rebuild,30,0,30,0,,,,,,,,,,,,,,,
adapter,baseline,chamfer,30,early-warm,11,30.99058499999228,7.385655999998562,23.416646000056062,full-rebuild,30,0,30,0,,,,,,,,,,,,,,,
adapter,baseline,chamfer,30,early-warm,12,30.438025999988895,7.640458000008948,22.54085199997644,full-rebuild,30,0,30,0,,,,,,,,,,,,,,,
adapter,baseline,chamfer,30,early-warm,13,26.738352000000305,7.219465999995009,19.308333000037237,full-rebuild,30,0,30,0,,,,,,,,,,,,,,,
adapter,baseline,chamfer,30,early-warm,14,41.93477100000018,9.890254999991157,31.755665000004228,full-rebuild,30,0,30,0,,,,,,,,,,,,,,,
adapter,baseline,chamfer,30,early-warm,15,32.461727999994764,8.274360000010347,23.925536999988253,full-rebuild,30,0,30,0,,,,,,,,,,,,,,,
adapter,baseline,chamfer,30,early-warm,16,35.49080899999535,13.091289000003599,22.014050000027055,full-rebuild,30,0,30,0,,,,,,,,,,,,,,,
adapter,baseline,chamfer,30,early-warm,17,29.22180099999241,8.548970999996527,20.465747000009287,full-rebuild,30,0,30,0,,,,,,,,,,,,,,,
adapter,baseline,chamfer,30,early-warm,18,32.13795800000662,7.644492999999784,24.217218999983743,full-rebuild,30,0,30,0,,,,,,,,,,,,,,,
adapter,baseline,chamfer,30,early-warm,19,30.970114999989164,7.465706000002683,23.269402000049013,full-rebuild,30,0,30,0,,,,,,,,,,,,,,,
adapter,baseline,chamfer,30,early-warm,20,35.73737000000256,12.241363000008278,23.20894599998428,full-rebuild,30,0,30,0,,,,,,,,,,,,,,,
adapter,baseline,chamfer,30,early-warm,21,30.216482999996515,7.323071000006166,22.66918400004215,full-rebuild,30,0,30,0,,,,,,,,,,,,,,,
adapter,baseline,chamfer,30,early-warm,22,30.711225999999442,8.620920000001206,21.825888000021223,full-rebuild,30,0,30,0,,,,,,,,,,,,,,,
adapter,baseline,chamfer,30,early-warm,23,26.340565999998944,6.9416889999993145,19.033017000023392,full-rebuild,30,0,30,0,,,,,,,,,,,,,,,
adapter,baseline,chamfer,30,early-warm,24,30.898896999991848,11.385507999992114,19.253488000002108,full-rebuild,30,0,30,0,,,,,,,,,,,,,,,
adapter,baseline,chamfer,30,early-warm,25,27.04443199999514,7.353668000010657,19.480801999976393,full-rebuild,30,0,30,0,,,,,,,,,,,,,,,
adapter,baseline,chamfer,30,early-warm,26,31.54384499999287,10.308942999996361,20.941127999991295,full-rebuild,30,0,30,0,,,,,,,,,,,,,,,
adapter,baseline,chamfer,30,early-warm,27,35.0911300000007,8.564054000002216,26.310782000029576,full-rebuild,30,0,30,0,,,,,,,,,,,,,,,
adapter,baseline,chamfer,30,early-warm,28,28.140718000009656,9.038485999990371,18.844464000008884,full-rebuild,30,0,30,0,,,,,,,,,,,,,,,
adapter,baseline,chamfer,30,early-warm,29,26.854026000000886,7.469730999990134,19.175852000014856,full-rebuild,30,0,30,0,,,,,,,,,,,,,,,
adapter,baseline,chamfer,30,early-warm,30,26.476219000003766,6.929510999994818,19.288882999986527,full-rebuild,30,0,30,0,,,,,,,,,,,,,,,
adapter,baseline,chamfer,30,late-warmup,0,10.62082100000407,2.109526000000187,8.335217999992892,prefix-restore,2,28,2,28,,,,,,,,,,,,,,,
adapter,baseline,chamfer,30,late-warm,1,9.602081999997608,1.8717389999947045,7.578166000006604,prefix-restore,2,28,2,28,,,,,,,,,,,,,,,
adapter,baseline,chamfer,30,late-warm,2,10.72438699999475,2.2553850000113016,8.250726000012946,prefix-restore,2,28,2,28,,,,,,,,,,,,,,,
adapter,baseline,chamfer,30,late-warm,3,10.062983999989228,1.9963769999885699,7.9302369999932125,prefix-restore,2,28,2,28,,,,,,,,,,,,,,,
adapter,baseline,chamfer,30,late-warm,4,10.068081000004895,1.9787500000093132,7.903011999995215,prefix-restore,2,28,2,28,,,,,,,,,,,,,,,
adapter,baseline,chamfer,30,late-warm,5,10.954521999999997,2.065279999995255,8.745606000011321,prefix-restore,2,28,2,28,,,,,,,,,,,,,,,
adapter,baseline,chamfer,30,late-warm,6,10.146699999997509,2.027633000005153,7.9354269999603275,prefix-restore,2,28,2,28,,,,,,,,,,,,,,,
adapter,baseline,chamfer,30,late-warm,7,9.6081520000007,1.9445589999959338,7.539317999995546,prefix-restore,2,28,2,28,,,,,,,,,,,,,,,
adapter,baseline,chamfer,30,late-warm,8,9.88205200000084,2.0807330000097863,7.612508000005619,prefix-restore,2,28,2,28,,,,,,,,,,,,,,,
adapter,baseline,chamfer,30,late-warm,9,10.472879000008106,2.5663819999899715,7.769493000028888,prefix-restore,2,28,2,28,,,,,,,,,,,,,,,
adapter,baseline,chamfer,30,late-warm,10,10.926370000001043,2.1532120000047144,8.575522999992245,prefix-restore,2,28,2,28,,,,,,,,,,,,,,,
adapter,baseline,chamfer,30,late-warm,11,9.987169999993057,2.054833999995026,7.798304999974789,prefix-restore,2,28,2,28,,,,,,,,,,,,,,,
adapter,baseline,chamfer,30,late-warm,12,13.188205000013113,2.1078640000050655,10.873288000031607,prefix-restore,2,28,2,28,,,,,,,,,,,,,,,
adapter,baseline,chamfer,30,late-warm,13,9.958126999990782,1.9936719999968773,7.831125999975484,prefix-restore,2,28,2,28,,,,,,,,,,,,,,,
adapter,baseline,chamfer,30,late-warm,14,10.029613999999128,2.2661209999932908,7.5461470000009285,prefix-restore,2,28,2,28,,,,,,,,,,,,,,,
adapter,baseline,chamfer,30,late-warm,15,9.91105600001174,2.021844000002602,7.760097000005771,prefix-restore,2,28,2,28,,,,,,,,,,,,,,,
adapter,baseline,chamfer,30,late-warm,16,9.924125999998068,2.048624999995809,7.690669999996317,prefix-restore,2,28,2,28,,,,,,,,,,,,,,,
adapter,baseline,chamfer,30,late-warm,17,10.421833000000333,2.2019650000002002,8.07634099999268,prefix-restore,2,28,2,28,,,,,,,,,,,,,,,
adapter,baseline,chamfer,30,late-warm,18,9.867700000002515,2.0839580000028946,7.596600999939255,prefix-restore,2,28,2,28,,,,,,,,,,,,,,,
adapter,baseline,chamfer,30,late-warm,19,10.026519000006374,2.2008130000031088,7.680136999944807,prefix-restore,2,28,2,28,,,,,,,,,,,,,,,
adapter,baseline,chamfer,30,late-warm,20,10.65963899999042,2.2360069999995176,8.218442000026698,prefix-restore,2,28,2,28,,,,,,,,,,,,,,,
adapter,baseline,chamfer,30,late-warm,21,9.944326000011642,2.0155550000054063,7.769960999998148,prefix-restore,2,28,2,28,,,,,,,,,,,,,,,
adapter,baseline,chamfer,30,late-warm,22,10.761543000000529,2.6880740000051446,7.87789299999713,prefix-restore,2,28,2,28,,,,,,,,,,,,,,,
adapter,baseline,chamfer,30,late-warm,23,10.340431000004173,2.3516399999934947,7.846749999967869,prefix-restore,2,28,2,28,,,,,,,,,,,,,,,
adapter,baseline,chamfer,30,late-warm,24,12.204157999993186,2.073871999993571,9.934095999997226,prefix-restore,2,28,2,28,,,,,,,,,,,,,,,
adapter,baseline,chamfer,30,late-warm,25,10.114310999997542,2.3208139999915147,7.658725000044797,prefix-restore,2,28,2,28,,,,,,,,,,,,,,,
adapter,baseline,chamfer,30,late-warm,26,10.536775000000489,2.3527409999951487,7.970402999984799,prefix-restore,2,28,2,28,,,,,,,,,,,,,,,
adapter,baseline,chamfer,30,late-warm,27,10.711546999998973,2.38911500001268,8.162496999982977,prefix-restore,2,28,2,28,,,,,,,,,,,,,,,
adapter,baseline,chamfer,30,late-warm,28,10.696254999988014,2.3764369999989867,7.980238999967696,prefix-restore,2,28,2,28,,,,,,,,,,,,,,,
adapter,baseline,chamfer,30,late-warm,29,10.917977000004612,2.3366779999923892,8.43617500003893,prefix-restore,2,28,2,28,,,,,,,,,,,,,,,
adapter,baseline,chamfer,30,late-warm,30,10.473480000000563,2.336116000005859,7.850308999957633,prefix-restore,2,28,2,28,,,,,,,,,,,,,,,
adapter,baseline,chamfer,100,cold,0,106.4409619999933,18.318004000000656,86.94690200009791,full-rebuild,100,0,100,0,,,,,,,,,,,,,,,
adapter,baseline,chamfer,100,warm-repeat,0,40.870905000003404,5.923881000009715,34.39379500002542,prefix-restore,20,80,20,80,,,,,,,,,,,,,,,
adapter,baseline,chamfer,100,operation-warmup,0,37.79072200000519,6.139955999999074,31.151126999990083,prefix-restore,20,80,20,80,,,,,,,,,,,,,,,
adapter,baseline,chamfer,100,operation-warm,1,38.10734699999739,5.831833000003826,31.537605999939842,prefix-restore,20,80,20,80,,,,,,,,,,,,,,,
adapter,baseline,chamfer,100,operation-warm,2,40.23321799999394,6.665675000011106,32.76864000002388,prefix-restore,20,80,20,80,,,,,,,,,,,,,,,
adapter,baseline,chamfer,100,operation-warm,3,41.23859700000321,6.575428999989526,34.19924999996147,prefix-restore,20,80,20,80,,,,,,,,,,,,,,,
adapter,baseline,chamfer,100,operation-warm,4,38.90780899999663,6.566225000002305,31.689770999917528,prefix-restore,20,80,20,80,,,,,,,,,,,,,,,
adapter,baseline,chamfer,100,operation-warm,5,42.547600999998394,6.42526399999042,35.68622600004892,prefix-restore,20,80,20,80,,,,,,,,,,,,,,,
adapter,baseline,chamfer,100,operation-warm,6,39.06254099999205,6.967377000008128,31.444474999952945,prefix-restore,20,80,20,80,,,,,,,,,,,,,,,
adapter,baseline,chamfer,100,operation-warm,7,52.22285400000692,6.4706829999922775,45.274930000116,prefix-restore,20,80,20,80,,,,,,,,,,,,,,,
adapter,baseline,chamfer,100,operation-warm,8,39.72055800000089,6.983431000000564,32.03973299995414,prefix-restore,20,80,20,80,,,,,,,,,,,,,,,
adapter,baseline,chamfer,100,operation-warm,9,39.013586999994004,6.771212999999989,31.80225500006054,prefix-restore,20,80,20,80,,,,,,,,,,,,,,,
adapter,baseline,chamfer,100,operation-warm,10,38.844232999996166,6.758893999998691,31.441089000116335,prefix-restore,20,80,20,80,,,,,,,,,,,,,,,
adapter,baseline,chamfer,100,operation-warm,11,42.42349600000307,6.384273000003304,35.61531699994521,prefix-restore,20,80,20,80,,,,,,,,,,,,,,,
adapter,baseline,chamfer,100,operation-warm,12,38.266024999989895,6.8192850000050385,30.819845999983954,prefix-restore,20,80,20,80,,,,,,,,,,,,,,,
adapter,baseline,chamfer,100,operation-warm,13,41.77465599999414,6.488654000000679,34.859424000038416,prefix-restore,20,80,20,80,,,,,,,,,,,,,,,
adapter,baseline,chamfer,100,operation-warm,14,39.45442600001115,7.267491999999038,31.567792999965604,prefix-restore,20,80,20,80,,,,,,,,,,,,,,,
adapter,baseline,chamfer,100,operation-warm,15,42.14353899999696,6.63296000000264,35.08868299984897,prefix-restore,20,80,20,80,,,,,,,,,,,,,,,
adapter,baseline,chamfer,100,operation-warm,16,39.347996000011335,7.124618000001647,31.596738000036567,prefix-restore,20,80,20,80,,,,,,,,,,,,,,,
adapter,baseline,chamfer,100,operation-warm,17,42.69666000000143,6.979109000007156,35.28011700006027,prefix-restore,20,80,20,80,,,,,,,,,,,,,,,
adapter,baseline,chamfer,100,operation-warm,18,38.93330400000559,7.289404999988619,30.982512000147835,prefix-restore,20,80,20,80,,,,,,,,,,,,,,,
adapter,baseline,chamfer,100,operation-warm,19,42.96194700000342,6.859670000005281,35.659453000014764,prefix-restore,20,80,20,80,,,,,,,,,,,,,,,
adapter,baseline,chamfer,100,operation-warm,20,39.18425100001332,7.210786999989068,31.269275999904494,prefix-restore,20,80,20,80,,,,,,,,,,,,,,,
adapter,baseline,chamfer,100,operation-warm,21,41.488868000000366,10.247352000005776,30.81783399997221,prefix-restore,20,80,20,80,,,,,,,,,,,,,,,
adapter,baseline,chamfer,100,operation-warm,22,38.638432000007015,7.09646500000963,30.85110599998734,prefix-restore,20,80,20,80,,,,,,,,,,,,,,,
adapter,baseline,chamfer,100,operation-warm,23,42.955056999999215,10.329295000003185,32.19623400000273,prefix-restore,20,80,20,80,,,,,,,,,,,,,,,
adapter,baseline,chamfer,100,operation-warm,24,38.6436790000007,7.17917899999884,30.819897999899695,prefix-restore,20,80,20,80,,,,,,,,,,,,,,,
adapter,baseline,chamfer,100,operation-warm,25,88.30310400000599,22.11763900000369,65.61329300006037,full-rebuild,100,0,100,0,replay-budget,,,,,,,,,,,,,,
adapter,baseline,chamfer,100,operation-warm,26,38.50732499999867,6.425869999991846,31.466706000006525,prefix-restore,20,80,20,80,,,,,,,,,,,,,,,
adapter,baseline,chamfer,100,operation-warm,27,36.97505600001023,5.816866000008304,30.75354800002242,prefix-restore,20,80,20,80,,,,,,,,,,,,,,,
adapter,baseline,chamfer,100,operation-warm,28,38.10225700000592,6.402004000003217,30.99982699994871,prefix-restore,20,80,20,80,,,,,,,,,,,,,,,
adapter,baseline,chamfer,100,operation-warm,29,37.172512000004645,5.873030000002473,30.895297000097344,prefix-restore,20,80,20,80,,,,,,,,,,,,,,,
adapter,baseline,chamfer,100,operation-warm,30,38.153845000008005,6.315694999997504,31.209310000078403,prefix-restore,20,80,20,80,,,,,,,,,,,,,,,
adapter,baseline,chamfer,100,early-warmup,0,43.206643999990774,6.185359000010067,36.47110300001805,prefix-restore,20,80,20,80,,,,,,,,,,,,,,,
adapter,baseline,chamfer,100,early-warm,1,87.46964400001161,19.783797999989474,66.92462399997748,full-rebuild,100,0,100,0,,,,,,,,,,,,,,,
adapter,baseline,chamfer,100,early-warm,2,90.58794199999829,19.371738999994704,70.36539899998752,full-rebuild,100,0,100,0,,,,,,,,,,,,,,,
adapter,baseline,chamfer,100,early-warm,3,87.59533199999714,18.323686999996426,68.65820799994981,full-rebuild,100,0,100,0,,,,,,,,,,,,,,,
adapter,baseline,chamfer,100,early-warm,4,97.61875200000941,22.199926000001142,71.92163700002129,full-rebuild,100,0,100,0,,,,,,,,,,,,,,,
adapter,baseline,chamfer,100,early-warm,5,89.38305899999978,18.6315190000023,70.10358500003349,full-rebuild,100,0,100,0,,,,,,,,,,,,,,,
adapter,baseline,chamfer,100,early-warm,6,92.73207600000023,18.767041999992216,73.07717100002628,full-rebuild,100,0,100,0,,,,,,,,,,,,,,,
adapter,baseline,chamfer,100,early-warm,7,89.30995900000562,18.69932999998855,70.01305900006264,full-rebuild,100,0,100,0,,,,,,,,,,,,,,,
adapter,baseline,chamfer,100,early-warm,8,90.06969899999967,18.56266599999799,70.61160799996287,full-rebuild,100,0,100,0,,,,,,,,,,,,,,,
adapter,baseline,chamfer,100,early-warm,9,88.57305200000701,18.585921000005328,69.43353699988802,full-rebuild,100,0,100,0,,,,,,,,,,,,,,,
adapter,baseline,chamfer,100,early-warm,10,90.4378519999882,18.7724109999981,70.87828900004388,full-rebuild,100,0,100,0,,,,,,,,,,,,,,,
adapter,baseline,chamfer,100,early-warm,11,90.6933960000024,22.62663600000087,67.42066900001373,full-rebuild,100,0,100,0,,,,,,,,,,,,,,,
adapter,baseline,chamfer,100,early-warm,12,96.61462500000198,26.11658499999612,69.63829900001292,full-rebuild,100,0,100,0,,,,,,,,,,,,,,,
adapter,baseline,chamfer,100,early-warm,13,104.6440270000021,29.925212999994983,74.07474499994714,full-rebuild,100,0,100,0,,,,,,,,,,,,,,,
adapter,baseline,chamfer,100,early-warm,14,97.19635700000799,24.717576000010013,71.51139799997327,full-rebuild,100,0,100,0,,,,,,,,,,,,,,,
adapter,baseline,chamfer,100,early-warm,15,98.15513700000884,24.90866200000164,72.587950000001,full-rebuild,100,0,100,0,,,,,,,,,,,,,,,
adapter,baseline,chamfer,100,early-warm,16,96.80002300000342,23.6397169999982,72.29208199992718,full-rebuild,100,0,100,0,,,,,,,,,,,,,,,
adapter,baseline,chamfer,100,early-warm,17,91.30616500000178,23.41268599999603,67.31279300003371,full-rebuild,100,0,100,0,,,,,,,,,,,,,,,
adapter,baseline,chamfer,100,early-warm,18,88.62628299999051,18.52280599999358,69.19747100000677,full-rebuild,100,0,100,0,,,,,,,,,,,,,,,
adapter,baseline,chamfer,100,early-warm,19,95.37567399999534,20.948357000001124,73.83309499997995,full-rebuild,100,0,100,0,,,,,,,,,,,,,,,
adapter,baseline,chamfer,100,early-warm,20,111.57661000000371,19.97737999999663,90.70768200003658,full-rebuild,100,0,100,0,,,,,,,,,,,,,,,
adapter,baseline,chamfer,100,early-warm,21,98.35423599999922,20.570318999991287,77.1469550000038,full-rebuild,100,0,100,0,,,,,,,,,,,,,,,
adapter,baseline,chamfer,100,early-warm,22,93.35122100000444,19.279093999997713,73.19635600002948,full-rebuild,100,0,100,0,,,,,,,,,,,,,,,
adapter,baseline,chamfer,100,early-warm,23,137.65568799999892,33.977545000001555,102.25530300004175,full-rebuild,100,0,100,0,,,,,,,,,,,,,,,
adapter,baseline,chamfer,100,early-warm,24,96.28635399999621,20.33291399999871,75.04582700003812,full-rebuild,100,0,100,0,,,,,,,,,,,,,,,
adapter,baseline,chamfer,100,early-warm,25,93.1070139999938,19.053725999998278,73.4817289999628,full-rebuild,100,0,100,0,,,,,,,,,,,,,,,
adapter,baseline,chamfer,100,early-warm,26,92.6209450000024,19.567425999994157,72.18893300001218,full-rebuild,100,0,100,0,,,,,,,,,,,,,,,
adapter,baseline,chamfer,100,early-warm,27,93.03036900000006,18.95500699999684,73.41172800006461,full-rebuild,100,0,100,0,,,,,,,,,,,,,,,
adapter,baseline,chamfer,100,early-warm,28,93.76543300000776,25.273477000009734,67.5941270001058,full-rebuild,100,0,100,0,,,,,,,,,,,,,,,
adapter,baseline,chamfer,100,early-warm,29,95.6110500000068,23.546115000004647,71.46971800010942,full-rebuild,100,0,100,0,,,,,,,,,,,,,,,
adapter,baseline,chamfer,100,early-warm,30,89.94208599999547,22.5559290000092,66.47097199993732,full-rebuild,100,0,100,0,,,,,,,,,,,,,,,
adapter,baseline,chamfer,100,late-warmup,0,55.359273000009125,5.819170000002487,48.94549899996491,prefix-restore,20,80,20,80,,,,,,,,,,,,,,,
adapter,baseline,chamfer,100,late-warm,1,38.732368000011775,5.796916000006604,32.291339999981574,prefix-restore,20,80,20,80,,,,,,,,,,,,,,,
adapter,baseline,chamfer,100,late-warm,2,43.59745699999621,6.593381999991834,36.306200999897555,prefix-restore,20,80,20,80,,,,,,,,,,,,,,,
adapter,baseline,chamfer,100,late-warm,3,40.67092699999921,6.400331999990158,33.79409499997564,prefix-restore,20,80,20,80,,,,,,,,,,,,,,,
adapter,baseline,chamfer,100,late-warm,4,43.6380680000002,6.651708999997936,36.313804999997956,prefix-restore,20,80,20,80,,,,,,,,,,,,,,,
adapter,baseline,chamfer,100,late-warm,5,38.57597299999907,6.454532999996445,31.69566200002737,prefix-restore,20,80,20,80,,,,,,,,,,,,,,,
adapter,baseline,chamfer,100,late-warm,6,44.560381999996025,6.570026000001235,37.316789000004064,prefix-restore,20,80,20,80,,,,,,,,,,,,,,,
adapter,baseline,chamfer,100,late-warm,7,39.51883899999666,6.4868920000008075,32.554304000062984,prefix-restore,20,80,20,80,,,,,,,,,,,,,,,
adapter,baseline,chamfer,100,late-warm,8,43.55665600000066,7.2549440000002505,35.59355100009998,prefix-restore,20,80,20,80,,,,,,,,,,,,,,,
adapter,baseline,chamfer,100,late-warm,9,39.018548000007286,6.426131000000169,32.136781999943196,prefix-restore,20,80,20,80,,,,,,,,,,,,,,,
adapter,baseline,chamfer,100,late-warm,10,44.286530999990646,6.8243880000081845,36.755028999992646,prefix-restore,20,80,20,80,,,,,,,,,,,,,,,
adapter,baseline,chamfer,100,late-warm,11,41.66614899999695,8.519942999992054,32.588257000024896,prefix-restore,20,80,20,80,,,,,,,,,,,,,,,
adapter,baseline,chamfer,100,late-warm,12,43.87534400000004,6.677478000012343,36.55501600005664,prefix-restore,20,80,20,80,,,,,,,,,,,,,,,
adapter,baseline,chamfer,100,late-warm,13,39.305910000010044,6.5333819999941625,32.3306459999294,prefix-restore,20,80,20,80,,,,,,,,,,,,,,,
adapter,baseline,chamfer,100,late-warm,14,44.10005100000126,6.758039000007557,36.670625000071595,prefix-restore,20,80,20,80,,,,,,,,,,,,,,,
adapter,baseline,chamfer,100,late-warm,15,39.41821200000413,6.604858999999124,32.39051699997799,prefix-restore,20,80,20,80,,,,,,,,,,,,,,,
adapter,baseline,chamfer,100,late-warm,16,45.768152999997255,6.7592120000044815,38.319415000107256,prefix-restore,20,80,20,80,,,,,,,,,,,,,,,
adapter,baseline,chamfer,100,late-warm,17,39.539136999999755,6.798120000006747,32.32352700000047,prefix-restore,20,80,20,80,,,,,,,,,,,,,,,
adapter,baseline,chamfer,100,late-warm,18,43.310745999988285,10.66855800000485,31.8520889999636,prefix-restore,20,80,20,80,,,,,,,,,,,,,,,
adapter,baseline,chamfer,100,late-warm,19,40.13852599999518,7.130518999998458,32.55872299998009,prefix-restore,20,80,20,80,,,,,,,,,,,,,,,
adapter,baseline,chamfer,100,late-warm,20,45.06576000001223,12.017961999998079,32.39635499998985,prefix-restore,20,80,20,80,,,,,,,,,,,,,,,
adapter,baseline,chamfer,100,late-warm,21,41.31569299999683,7.686283000002732,33.159480000060285,prefix-restore,20,80,20,80,,,,,,,,,,,,,,,
adapter,baseline,chamfer,100,late-warm,22,45.32499799999641,11.738854999988689,32.92148599997745,prefix-restore,20,80,20,80,,,,,,,,,,,,,,,
adapter,baseline,chamfer,100,late-warm,23,38.88134999999602,6.954905999999028,31.506599000073038,prefix-restore,20,80,20,80,,,,,,,,,,,,,,,
adapter,baseline,chamfer,100,late-warm,24,40.91357900000003,7.642066000000341,32.620484999992186,prefix-restore,20,80,20,80,,,,,,,,,,,,,,,
adapter,baseline,chamfer,100,late-warm,25,39.18886100000236,7.170118000009097,31.589074000075925,prefix-restore,20,80,20,80,,,,,,,,,,,,,,,
adapter,baseline,chamfer,100,late-warm,26,93.78043300000718,20.33685500000138,72.60537399996247,full-rebuild,100,0,100,0,replay-budget,,,,,,,,,,,,,,
adapter,baseline,chamfer,100,late-warm,27,39.94874199999322,6.173343000002205,33.334528000079445,prefix-restore,20,80,20,80,,,,,,,,,,,,,,,
adapter,baseline,chamfer,100,late-warm,28,43.1238360000134,6.25463499999023,36.1820079999452,prefix-restore,20,80,20,80,,,,,,,,,,,,,,,
adapter,baseline,chamfer,100,late-warm,29,39.914709999997285,6.741654999990715,32.69103699990956,prefix-restore,20,80,20,80,,,,,,,,,,,,,,,
adapter,baseline,chamfer,100,late-warm,30,44.42577899999742,6.210588999994798,37.510518000024604,prefix-restore,20,80,20,80,,,,,,,,,,,,,,,
adapter,baseline,pattern,30,cold,0,36.00554500000726,12.188318000000436,23.40969500000938,full-rebuild,30,0,30,0,,,,,,,,,,,,,,,
adapter,baseline,pattern,30,warm-repeat,0,12.528758999993443,2.424358000003849,9.817554999972344,prefix-restore,2,28,2,28,,,,,,,,,,,,,,,
adapter,baseline,pattern,30,operation-warmup,0,12.589449999999488,1.9885530000028666,10.28379099999438,prefix-restore,2,28,2,28,,,,,,,,,,,,,,,
adapter,baseline,pattern,30,operation-warm,1,12.931553000002168,2.126180999999633,10.507674000007682,prefix-restore,2,28,2,28,,,,,,,,,,,,,,,
adapter,baseline,pattern,30,operation-warm,2,12.102218999993056,1.9925789999979315,9.813083000000915,prefix-restore,2,28,2,28,,,,,,,,,,,,,,,
adapter,baseline,pattern,30,operation-warm,3,15.027067000002717,2.841212999992422,11.918202000015299,prefix-restore,2,28,2,28,,,,,,,,,,,,,,,
adapter,baseline,pattern,30,operation-warm,4,16.489111999995657,2.570817999992869,13.500638000012259,prefix-restore,2,28,2,28,,,,,,,,,,,,,,,
adapter,baseline,pattern,30,operation-warm,5,12.567316999993636,2.3591299999970943,9.976200999997673,prefix-restore,2,28,2,28,,,,,,,,,,,,,,,
adapter,baseline,pattern,30,operation-warm,6,11.92373100000259,1.972208999999566,9.646695000003092,prefix-restore,2,28,2,28,,,,,,,,,,,,,,,
adapter,baseline,pattern,30,operation-warm,7,12.823791999995592,2.4751739999919664,10.126176000019768,prefix-restore,2,28,2,28,,,,,,,,,,,,,,,
adapter,baseline,pattern,30,operation-warm,8,15.13424899999518,2.177397999999812,12.64420299998892,prefix-restore,2,28,2,28,,,,,,,,,,,,,,,
adapter,baseline,pattern,30,operation-warm,9,17.911103999998886,3.5665220000082627,14.074300999986008,prefix-restore,2,28,2,28,,,,,,,,,,,,,,,
adapter,baseline,pattern,30,operation-warm,10,11.702329000007012,2.12605999999505,9.305653000003076,prefix-restore,2,28,2,28,,,,,,,,,,,,,,,
adapter,baseline,pattern,30,operation-warm,11,14.053306999994675,2.5156849999912083,11.221229000060703,prefix-restore,2,28,2,28,,,,,,,,,,,,,,,
adapter,baseline,pattern,30,operation-warm,12,14.246627000000444,2.7254399999947054,11.011973000058788,prefix-restore,2,28,2,28,,,,,,,,,,,,,,,
adapter,baseline,pattern,30,operation-warm,13,13.281348000004073,2.1618239999952493,10.843723000056343,prefix-restore,2,28,2,28,,,,,,,,,,,,,,,
adapter,baseline,pattern,30,operation-warm,14,13.792746000006446,3.024007999993046,10.338870999985375,prefix-restore,2,28,2,28,,,,,,,,,,,,,,,
adapter,baseline,pattern,30,operation-warm,15,13.73560999998881,2.7394009999989066,10.605554999987362,prefix-restore,2,28,2,28,,,,,,,,,,,,,,,
adapter,baseline,pattern,30,operation-warm,16,13.204352000000654,2.705580000008922,10.072975999981281,prefix-restore,2,28,2,28,,,,,,,,,,,,,,,
adapter,baseline,pattern,30,operation-warm,17,16.643012000000454,2.6402320000051986,13.753314999994473,prefix-restore,2,28,2,28,,,,,,,,,,,,,,,
adapter,baseline,pattern,30,operation-warm,18,12.772844999999506,2.2763149999955203,10.121189999947092,prefix-restore,2,28,2,28,,,,,,,,,,,,,,,
adapter,baseline,pattern,30,operation-warm,19,16.37728299999435,2.3296659999905387,13.769933000017772,prefix-restore,2,28,2,28,,,,,,,,,,,,,,,
adapter,baseline,pattern,30,operation-warm,20,12.467997999992804,2.076895999998669,10.094867999956477,prefix-restore,2,28,2,28,,,,,,,,,,,,,,,
adapter,baseline,pattern,30,operation-warm,21,13.306586999999126,2.3872319999936735,10.677873999986332,prefix-restore,2,28,2,28,,,,,,,,,,,,,,,
adapter,baseline,pattern,30,operation-warm,22,12.81317599999602,2.2027759999909904,10.260556000022916,prefix-restore,2,28,2,28,,,,,,,,,,,,,,,
adapter,baseline,pattern,30,operation-warm,23,12.694558000002871,2.248082999998587,10.170771999968565,prefix-restore,2,28,2,28,,,,,,,,,,,,,,,
adapter,baseline,pattern,30,operation-warm,24,11.97894400000223,2.174301999999443,9.493509999942034,prefix-restore,2,28,2,28,,,,,,,,,,,,,,,
adapter,baseline,pattern,30,operation-warm,25,12.431853999994928,2.3915189999970607,9.825146999995923,prefix-restore,2,28,2,28,,,,,,,,,,,,,,,
adapter,baseline,pattern,30,operation-warm,26,17.295542000007117,2.150978000005125,14.82842800002254,prefix-restore,2,28,2,28,,,,,,,,,,,,,,,
adapter,baseline,pattern,30,operation-warm,27,13.139795999988564,2.5092949999962,10.369143000032636,prefix-restore,2,28,2,28,,,,,,,,,,,,,,,
adapter,baseline,pattern,30,operation-warm,28,12.253867000006721,2.240101000003051,9.693424999975832,prefix-restore,2,28,2,28,,,,,,,,,,,,,,,
adapter,baseline,pattern,30,operation-warm,29,13.141008000005968,2.5513579999969807,10.28314899999532,prefix-restore,2,28,2,28,,,,,,,,,,,,,,,
adapter,baseline,pattern,30,operation-warm,30,20.96867299999576,4.556196000005002,15.857617000001483,prefix-restore,2,28,2,28,,,,,,,,,,,,,,,
adapter,baseline,pattern,30,early-warmup,0,13.11095300001034,2.5218240000103833,10.255527000015718,prefix-restore,2,28,2,28,,,,,,,,,,,,,,,
adapter,baseline,pattern,30,early-warm,1,47.010507000013604,9.448065999997198,37.06878999997571,full-rebuild,30,0,30,0,,,,,,,,,,,,,,,
adapter,baseline,pattern,30,early-warm,2,32.03886300000886,7.311921000000439,24.322658999997657,full-rebuild,30,0,30,0,,,,,,,,,,,,,,,
adapter,baseline,pattern,30,early-warm,3,30.742256999990786,7.472802999996929,22.914380999995046,full-rebuild,30,0,30,0,,,,,,,,,,,,,,,
adapter,baseline,pattern,30,early-warm,4,28.694774999996298,6.838600999995833,21.474013000013656,full-rebuild,30,0,30,0,,,,,,,,,,,,,,,
adapter,baseline,pattern,30,early-warm,5,37.82687699999951,7.159423000004608,30.31725900004676,full-rebuild,30,0,30,0,,,,,,,,,,,,,,,
adapter,baseline,pattern,30,early-warm,6,30.334455999996862,7.8409950000059325,22.005680000016582,full-rebuild,30,0,30,0,,,,,,,,,,,,,,,
adapter,baseline,pattern,30,early-warm,7,30.93841099999554,7.560003999999026,22.695121999960975,full-rebuild,30,0,30,0,,,,,,,,,,,,,,,
adapter,baseline,pattern,30,early-warm,8,28.085651000001235,7.645892000000458,20.055575000005774,full-rebuild,30,0,30,0,,,,,,,,,,,,,,,
adapter,baseline,pattern,30,early-warm,9,29.01813100000436,7.089237000007415,21.58394800001406,full-rebuild,30,0,30,0,,,,,,,,,,,,,,,
adapter,baseline,pattern,30,early-warm,10,33.56899899999553,9.65868199999386,23.506111000024248,full-rebuild,30,0,30,0,,,,,,,,,,,,,,,
adapter,baseline,pattern,30,early-warm,11,30.937430000005406,6.962387000006856,23.54462999998941,full-rebuild,30,0,30,0,,,,,,,,,,,,,,,
adapter,baseline,pattern,30,early-warm,12,29.218490999992355,6.852201999994577,21.970138000062434,full-rebuild,30,0,30,0,,,,,,,,,,,,,,,
adapter,baseline,pattern,30,early-warm,13,31.92472199999611,7.4889470000052825,24.07383199998003,full-rebuild,30,0,30,0,,,,,,,,,,,,,,,
adapter,baseline,pattern,30,early-warm,14,27.934043999994174,6.675074999991921,20.88966400004574,full-rebuild,30,0,30,0,,,,,,,,,,,,,,,
adapter,baseline,pattern,30,early-warm,15,30.963550000000396,7.901194999998552,22.69171699997969,full-rebuild,30,0,30,0,,,,,,,,,,,,,,,
adapter,baseline,pattern,30,early-warm,16,41.02070000000822,11.15988500000094,29.428696999966633,full-rebuild,30,0,30,0,,,,,,,,,,,,,,,
adapter,baseline,pattern,30,early-warm,17,50.20666200001142,25.46379700000398,24.343023000023095,full-rebuild,30,0,30,0,,,,,,,,,,,,,,,
adapter,baseline,pattern,30,early-warm,18,31.930340999999316,9.112092000010307,22.369332000031136,full-rebuild,30,0,30,0,,,,,,,,,,,,,,,
adapter,baseline,pattern,30,early-warm,19,34.39143299999705,6.8273040000058245,27.221931999971275,full-rebuild,30,0,30,0,,,,,,,,,,,,,,,
adapter,baseline,pattern,30,early-warm,20,32.80038600000262,8.514054999992368,23.777628000054392,full-rebuild,30,0,30,0,,,,,,,,,,,,,,,
adapter,baseline,pattern,30,early-warm,21,33.72909900000377,8.146364000000176,25.152210999993258,full-rebuild,30,0,30,0,,,,,,,,,,,,,,,
adapter,baseline,pattern,30,early-warm,22,33.352754000006826,8.449147999999695,24.33966800000053,full-rebuild,30,0,30,0,,,,,,,,,,,,,,,
adapter,baseline,pattern,30,early-warm,23,31.8364489999949,7.66838600000483,23.715686000025016,full-rebuild,30,0,30,0,,,,,,,,,,,,,,,
adapter,baseline,pattern,30,early-warm,24,44.96382600000652,15.303171999999904,29.111752000055276,full-rebuild,30,0,30,0,,,,,,,,,,,,,,,
adapter,baseline,pattern,30,early-warm,25,30.016208000000915,8.42791600000055,21.260713000010583,full-rebuild,30,0,30,0,,,,,,,,,,,,,,,
adapter,baseline,pattern,30,early-warm,26,34.5618289999984,8.718812000006437,25.362455999988015,full-rebuild,30,0,30,0,,,,,,,,,,,,,,,
adapter,baseline,pattern,30,early-warm,27,34.90367200000037,8.451021000000765,26.109373999992386,full-rebuild,30,0,30,0,,,,,,,,,,,,,,,
adapter,baseline,pattern,30,early-warm,28,38.40493499999866,9.0030390000029,28.843517999979667,full-rebuild,30,0,30,0,,,,,,,,,,,,,,,
adapter,baseline,pattern,30,early-warm,29,31.88885799999116,7.423208000007435,24.11713599997165,full-rebuild,30,0,30,0,,,,,,,,,,,,,,,
adapter,baseline,pattern,30,early-warm,30,32.33644900000945,6.912051000006613,25.013168000019505,full-rebuild,30,0,30,0,,,,,,,,,,,,,,,
adapter,baseline,pattern,30,late-warmup,0,12.437462000001688,1.787532000002102,10.372336000029463,prefix-restore,2,28,2,28,,,,,,,,,,,,,,,
adapter,baseline,pattern,30,late-warm,1,12.845223999989685,1.6507169999968028,10.8426010000112,prefix-restore,2,28,2,28,,,,,,,,,,,,,,,
adapter,baseline,pattern,30,late-warm,2,14.142410000000382,1.737527000004775,12.149881999983336,prefix-restore,2,28,2,28,,,,,,,,,,,,,,,
adapter,baseline,pattern,30,late-warm,3,11.72381100000348,1.692380000007688,9.867936999973608,prefix-restore,2,28,2,28,,,,,,,,,,,,,,,
adapter,baseline,pattern,30,late-warm,4,11.074437000002945,1.7281329999968875,9.128526999964379,prefix-restore,2,28,2,28,,,,,,,,,,,,,,,
adapter,baseline,pattern,30,late-warm,5,12.47761200000241,2.2094250000081956,10.021646999957738,prefix-restore,2,28,2,28,,,,,,,,,,,,,,,
adapter,baseline,pattern,30,late-warm,6,11.300426000001607,1.7490550000075018,9.313871000034851,prefix-restore,2,28,2,28,,,,,,,,,,,,,,,
adapter,baseline,pattern,30,late-warm,7,12.49175300000934,2.3862910000025295,9.919271999999182,prefix-restore,2,28,2,28,,,,,,,,,,,,,,,
adapter,baseline,pattern,30,late-warm,8,11.616150000001653,1.858697999996366,9.544038999971235,prefix-restore,2,28,2,28,,,,,,,,,,,,,,,
adapter,baseline,pattern,30,late-warm,9,13.894337999998243,1.946349999998347,11.780265000023064,prefix-restore,2,28,2,28,,,,,,,,,,,,,,,
adapter,baseline,pattern,30,late-warm,10,11.127846999996109,1.798238000003039,9.121197999978904,prefix-restore,2,28,2,28,,,,,,,,,,,,,,,
adapter,baseline,pattern,30,late-warm,11,12.022570000000997,2.1601510000036797,9.693774999963352,prefix-restore,2,28,2,28,,,,,,,,,,,,,,,
adapter,baseline,pattern,30,late-warm,12,11.383149999994203,1.8932809999969322,9.240493999997852,prefix-restore,2,28,2,28,,,,,,,,,,,,,,,
adapter,baseline,pattern,30,late-warm,13,12.191642999998294,2.045038999989629,9.965582000048016,prefix-restore,2,28,2,28,,,,,,,,,,,,,,,
adapter,baseline,pattern,30,late-warm,14,11.331973000007565,1.9300459999940358,9.178409999978612,prefix-restore,2,28,2,28,,,,,,,,,,,,,,,
adapter,baseline,pattern,30,late-warm,15,11.690661000000546,1.8428750000020955,9.685972000050242,prefix-restore,2,28,2,28,,,,,,,,,,,,,,,
adapter,baseline,pattern,30,late-warm,16,12.40924000000814,2.260251999992761,9.847578000029898,prefix-restore,2,28,2,28,,,,,,,,,,,,,,,
adapter,baseline,pattern,30,late-warm,17,11.325813999996171,1.9377370000001974,9.227304999993066,prefix-restore,2,28,2,28,,,,,,,,,,,,,,,
adapter,baseline,pattern,30,late-warm,18,11.3842319999967,2.0516889999998966,9.063079999978072,prefix-restore,2,28,2,28,,,,,,,,,,,,,,,
adapter,baseline,pattern,30,late-warm,19,12.622600000002421,2.238249000001815,10.19764200001373,prefix-restore,2,28,2,28,,,,,,,,,,,,,,,
adapter,baseline,pattern,30,late-warm,20,14.08882900000026,2.15327100000286,11.600168000004487,prefix-restore,2,28,2,28,,,,,,,,,,,,,,,
adapter,baseline,pattern,30,late-warm,21,11.978594000000157,2.075003000005381,9.71487699993304,prefix-restore,2,28,2,28,,,,,,,,,,,,,,,
adapter,baseline,pattern,30,late-warm,22,15.042621000000509,2.6111579999997048,9.994116999936523,prefix-restore,2,28,2,28,,,,,,,,,,,,,,,
adapter,baseline,pattern,30,late-warm,23,11.868738999997731,2.11794799999916,9.57737400001497,prefix-restore,2,28,2,28,,,,,,,,,,,,,,,
adapter,baseline,pattern,30,late-warm,24,12.527436999997008,2.544968999995035,9.731204000054277,prefix-restore,2,28,2,28,,,,,,,,,,,,,,,
adapter,baseline,pattern,30,late-warm,25,15.660278000010294,2.506911000004038,12.954698000045028,prefix-restore,2,28,2,28,,,,,,,,,,,,,,,
adapter,baseline,pattern,30,late-warm,26,12.900225999997929,2.188713999988977,10.479804000002332,prefix-restore,2,28,2,28,,,,,,,,,,,,,,,
adapter,baseline,pattern,30,late-warm,27,12.119244000001345,2.040110999994795,9.899043000070378,prefix-restore,2,28,2,28,,,,,,,,,,,,,,,
adapter,baseline,pattern,30,late-warm,28,12.559114999996382,2.214542999994592,10.078790000014124,prefix-restore,2,28,2,28,,,,,,,,,,,,,,,
adapter,baseline,pattern,30,late-warm,29,12.242790000003879,2.450145999988308,9.615598999982467,prefix-restore,2,28,2,28,,,,,,,,,,,,,,,
adapter,baseline,pattern,30,late-warm,30,13.085294000004069,2.2915280000015628,10.53365700005088,prefix-restore,2,28,2,28,,,,,,,,,,,,,,,
adapter,baseline,pattern,100,cold,0,95.40635299999849,21.85463200000231,72.03992900003504,full-rebuild,100,0,100,0,,,,,,,,,,,,,,,
adapter,baseline,pattern,100,warm-repeat,0,42.1577360000083,5.778129999991506,35.35152699999162,prefix-restore,20,80,20,80,,,,,,,,,,,,,,,
adapter,baseline,pattern,100,operation-warmup,0,45.10431400001107,9.747726000001421,34.675221999917994,prefix-restore,20,80,20,80,,,,,,,,,,,,,,,
adapter,baseline,pattern,100,operation-warm,1,49.57572500000242,6.238451999990502,42.61040000007779,prefix-restore,20,80,20,80,,,,,,,,,,,,,,,
adapter,baseline,pattern,100,operation-warm,2,50.20673199999146,7.9800950000062585,41.114340999905835,prefix-restore,20,80,20,80,,,,,,,,,,,,,,,
adapter,baseline,pattern,100,operation-warm,3,46.85906800000521,6.944491000002017,39.24102899999707,prefix-restore,20,80,20,80,,,,,,,,,,,,,,,
adapter,baseline,pattern,100,operation-warm,4,46.232208000001265,6.007805000001099,39.4221410000755,prefix-restore,20,80,20,80,,,,,,,,,,,,,,,
adapter,baseline,pattern,100,operation-warm,5,42.14384200000495,6.533213999995496,35.056368999998085,prefix-restore,20,80,20,80,,,,,,,,,,,,,,,
adapter,baseline,pattern,100,operation-warm,6,42.435129999998026,6.791341999996803,34.94408499993733,prefix-restore,20,80,20,80,,,,,,,,,,,,,,,
adapter,baseline,pattern,100,operation-warm,7,42.49208599999838,6.035367000004044,35.901215999925626,prefix-restore,20,80,20,80,,,,,,,,,,,,,,,
adapter,baseline,pattern,100,operation-warm,8,42.823033000007854,6.449188000013237,35.65179200004786,prefix-restore,20,80,20,80,,,,,,,,,,,,,,,
adapter,baseline,pattern,100,operation-warm,9,46.6415330000018,7.020134999998845,39.062389999991865,prefix-restore,20,80,20,80,,,,,,,,,,,,,,,
adapter,baseline,pattern,100,operation-warm,10,42.10557600000175,6.395638000001782,34.788009999887436,prefix-restore,20,80,20,80,,,,,,,,,,,,,,,
adapter,baseline,pattern,100,operation-warm,11,46.86399600000004,7.010620999993989,39.26571900000272,prefix-restore,20,80,20,80,,,,,,,,,,,,,,,
adapter,baseline,pattern,100,operation-warm,12,43.339461999989,7.466199000002234,34.95365199999651,prefix-restore,20,80,20,80,,,,,,,,,,,,,,,
adapter,baseline,pattern,100,operation-warm,13,46.32448699999077,7.307946000000811,38.42905900008918,prefix-restore,20,80,20,80,,,,,,,,,,,,,,,
adapter,baseline,pattern,100,operation-warm,14,59.67443000001367,8.325343000004068,50.48916399995505,prefix-restore,20,80,20,80,,,,,,,,,,,,,,,
adapter,baseline,pattern,100,operation-warm,15,45.81524199999694,10.584002000003238,34.683131999961915,prefix-restore,20,80,20,80,,,,,,,,,,,,,,,
adapter,baseline,pattern,100,operation-warm,16,49.21768800000427,12.069292000000132,36.3471229999559,prefix-restore,20,80,20,80,,,,,,,,,,,,,,,
adapter,baseline,pattern,100,operation-warm,17,46.66846299999452,8.10079600001336,37.974021000016364,prefix-restore,20,80,20,80,,,,,,,,,,,,,,,
adapter,baseline,pattern,100,operation-warm,18,51.0967779999919,7.775498000002699,42.479695000030915,prefix-restore,20,80,20,80,,,,,,,,,,,,,,,
adapter,baseline,pattern,100,operation-warm,19,44.811435999989044,7.453844999996363,36.79661099993973,prefix-restore,20,80,20,80,,,,,,,,,,,,,,,
adapter,baseline,pattern,100,operation-warm,20,46.090835999988485,7.447927000001073,37.88090600006399,prefix-restore,20,80,20,80,,,,,,,,,,,,,,,
adapter,baseline,pattern,100,operation-warm,21,42.15799399999378,7.546805999998469,33.971936999994796,prefix-restore,20,80,20,80,,,,,,,,,,,,,,,
adapter,baseline,pattern,100,operation-warm,22,58.85354799999914,8.821417999992264,49.071934999956284,prefix-restore,20,80,20,80,,,,,,,,,,,,,,,
adapter,baseline,pattern,100,operation-warm,23,41.42815800000972,7.50941800000146,33.35894899998675,prefix-restore,20,80,20,80,,,,,,,,,,,,,,,
adapter,baseline,pattern,100,operation-warm,24,46.6991890000063,7.372793999995338,38.60992999999144,prefix-restore,20,80,20,80,,,,,,,,,,,,,,,
adapter,baseline,pattern,100,operation-warm,25,100.90782700000273,19.670788999996148,80.5506219999952,full-rebuild,100,0,100,0,replay-budget,,,,,,,,,,,,,,
adapter,baseline,pattern,100,operation-warm,26,39.21774100000039,5.715426999988267,32.80247499997495,prefix-restore,20,80,20,80,,,,,,,,,,,,,,,
adapter,baseline,pattern,100,operation-warm,27,39.83302499999991,6.153464000002714,33.17413300003682,prefix-restore,20,80,20,80,,,,,,,,,,,,,,,
adapter,baseline,pattern,100,operation-warm,28,39.827616999988095,5.8444109999982174,33.2092699999921,prefix-restore,20,80,20,80,,,,,,,,,,,,,,,
adapter,baseline,pattern,100,operation-warm,29,40.443992000000435,6.795488000003388,33.13000000001921,prefix-restore,20,80,20,80,,,,,,,,,,,,,,,
adapter,baseline,pattern,100,operation-warm,30,44.58965300000273,6.07371399999829,37.78916899995238,prefix-restore,20,80,20,80,,,,,,,,,,,,,,,
adapter,baseline,pattern,100,early-warmup,0,39.15196400000423,5.906203999998979,32.608396999989054,prefix-restore,20,80,20,80,,,,,,,,,,,,,,,
adapter,baseline,pattern,100,early-warm,1,90.61838600000192,18.68698199999926,71.10820599998988,full-rebuild,100,0,100,0,,,,,,,,,,,,,,,
adapter,baseline,pattern,100,early-warm,2,92.7377070000075,22.05926300000283,69.55244000004313,full-rebuild,100,0,100,0,,,,,,,,,,,,,,,
adapter,baseline,pattern,100,early-warm,3,92.16548700000567,22.840514999988955,68.57059700001264,full-rebuild,100,0,100,0,,,,,,,,,,,,,,,
adapter,baseline,pattern,100,early-warm,4,94.01246899999387,23.54669499999727,69.50921499999822,full-rebuild,100,0,100,0,,,,,,,,,,,,,,,
adapter,baseline,pattern,100,early-warm,5,96.4403170000005,22.194134999997914,73.45000199996866,full-rebuild,100,0,100,0,,,,,,,,,,,,,,,
adapter,baseline,pattern,100,early-warm,6,96.30121400000644,20.2703390000097,75.02047599997604,full-rebuild,100,0,100,0,,,,,,,,,,,,,,,
adapter,baseline,pattern,100,early-warm,7,100.44016400001419,19.700221999999485,79.86796399994637,full-rebuild,100,0,100,0,,,,,,,,,,,,,,,
adapter,baseline,pattern,100,early-warm,8,97.10788399999728,19.329257000004873,76.6954389999737,full-rebuild,100,0,100,0,,,,,,,,,,,,,,,
adapter,baseline,pattern,100,early-warm,9,115.1617169999954,23.36347100000421,90.79080000004615,full-rebuild,100,0,100,0,,,,,,,,,,,,,,,
adapter,baseline,pattern,100,early-warm,10,100.67201300000306,22.051101000004564,77.66317499990691,full-rebuild,100,0,100,0,,,,,,,,,,,,,,,
adapter,baseline,pattern,100,early-warm,11,100.7127240000118,19.756047999995644,80.1851099999767,full-rebuild,100,0,100,0,,,,,,,,,,,,,,,
adapter,baseline,pattern,100,early-warm,12,128.73568699999305,22.853344999995898,104.60326899997017,full-rebuild,100,0,100,0,,,,,,,,,,,,,,,
adapter,baseline,pattern,100,early-warm,13,105.72901199999615,25.1308519999875,79.64459500004887,full-rebuild,100,0,100,0,,,,,,,,,,,,,,,
adapter,baseline,pattern,100,early-warm,14,100.45700500000385,21.565532999986317,77.86198799996055,full-rebuild,100,0,100,0,,,,,,,,,,,,,,,
adapter,baseline,pattern,100,early-warm,15,116.42842899999232,25.872108000010485,89.65913600001659,full-rebuild,100,0,100,0,,,,,,,,,,,,,,,
adapter,baseline,pattern,100,early-warm,16,98.13319500000216,24.705036000013934,72.45730200003891,full-rebuild,100,0,100,0,,,,,,,,,,,,,,,
adapter,baseline,pattern,100,early-warm,17,117.16032799999812,37.260430000009364,79.04374899996037,full-rebuild,100,0,100,0,,,,,,,,,,,,,,,
adapter,baseline,pattern,100,early-warm,18,103.12226100001135,27.187730999998166,74.95799900003476,full-rebuild,100,0,100,0,,,,,,,,,,,,,,,
adapter,baseline,pattern,100,early-warm,19,106.90383500000462,20.500037999998312,85.50769100006437,full-rebuild,100,0,100,0,,,,,,,,,,,,,,,
adapter,baseline,pattern,100,early-warm,20,105.75652300000365,20.299826999995275,83.08369100002164,full-rebuild,100,0,100,0,,,,,,,,,,,,,,,
adapter,baseline,pattern,100,early-warm,21,99.68548400000145,21.27802499999234,77.69023399999423,full-rebuild,100,0,100,0,,,,,,,,,,,,,,,
adapter,baseline,pattern,100,early-warm,22,100.65309599999455,20.885655999998562,78.70483099990815,full-rebuild,100,0,100,0,,,,,,,,,,,,,,,
adapter,baseline,pattern,100,early-warm,23,98.95316499999899,19.98720800000592,78.12681199991493,full-rebuild,100,0,100,0,,,,,,,,,,,,,,,
adapter,baseline,pattern,100,early-warm,24,105.0943499999994,23.83696499999496,80.13733899996441,full-rebuild,100,0,100,0,,,,,,,,,,,,,,,
adapter,baseline,pattern,100,early-warm,25,112.52717099999427,27.356454000007943,84.35995199996978,full-rebuild,100,0,100,0,,,,,,,,,,,,,,,
adapter,baseline,pattern,100,early-warm,26,102.39903500000946,25.222573000006378,76.11972399997467,full-rebuild,100,0,100,0,,,,,,,,,,,,,,,
adapter,baseline,pattern,100,early-warm,27,98.87925399999949,26.040090000009513,72.03446699988854,full-rebuild,100,0,100,0,,,,,,,,,,,,,,,
adapter,baseline,pattern,100,early-warm,28,106.76919199999247,29.838679000007687,75.70953099994222,full-rebuild,100,0,100,0,,,,,,,,,,,,,,,
adapter,baseline,pattern,100,early-warm,29,102.03437799999665,25.036573999997927,76.25894599994353,full-rebuild,100,0,100,0,,,,,,,,,,,,,,,
adapter,baseline,pattern,100,early-warm,30,99.46299999998882,25.55725500000699,72.86430900006962,full-rebuild,100,0,100,0,,,,,,,,,,,,,,,
adapter,baseline,pattern,100,late-warmup,0,46.9631020000088,10.742036999989068,35.31257200006803,prefix-restore,20,80,20,80,,,,,,,,,,,,,,,
adapter,baseline,pattern,100,late-warm,1,42.21183200000087,6.462464999989606,35.088518000091426,prefix-restore,20,80,20,80,,,,,,,,,,,,,,,
adapter,baseline,pattern,100,late-warm,2,47.186435999989044,6.771188999991864,39.62122400004591,prefix-restore,20,80,20,80,,,,,,,,,,,,,,,
adapter,baseline,pattern,100,late-warm,3,45.083001000006334,6.9799219999986235,37.54885300005844,prefix-restore,20,80,20,80,,,,,,,,,,,,,,,
adapter,baseline,pattern,100,late-warm,4,46.63873500000045,6.080623000001651,39.803771000064444,prefix-restore,20,80,20,80,,,,,,,,,,,,,,,
adapter,baseline,pattern,100,late-warm,5,43.76087699999334,6.618749999994179,36.57840999997279,prefix-restore,20,80,20,80,,,,,,,,,,,,,,,
adapter,baseline,pattern,100,late-warm,6,45.61021199999959,10.187044999998761,34.422537999998895,prefix-restore,20,80,20,80,,,,,,,,,,,,,,,
adapter,baseline,pattern,100,late-warm,7,42.37416700000176,7.1885450000118,34.66425700005493,prefix-restore,20,80,20,80,,,,,,,,,,,,,,,
adapter,baseline,pattern,100,late-warm,8,42.55472699999518,7.185109999991255,34.56577800003288,prefix-restore,20,80,20,80,,,,,,,,,,,,,,,
adapter,baseline,pattern,100,late-warm,9,40.40711500000907,6.062875999996322,33.844666000062716,prefix-restore,20,80,20,80,,,,,,,,,,,,,,,
adapter,baseline,pattern,100,late-warm,10,45.84807800000999,9.340553999994881,34.568800000008196,prefix-restore,20,80,20,80,,,,,,,,,,,,,,,
adapter,baseline,pattern,100,late-warm,11,49.83822499999951,6.214044000007561,43.08683599991491,prefix-restore,20,80,20,80,,,,,,,,,,,,,,,
adapter,baseline,pattern,100,late-warm,12,53.15814699999464,9.961295999994036,42.43976000000839,prefix-restore,20,80,20,80,,,,,,,,,,,,,,,
adapter,baseline,pattern,100,late-warm,13,45.40571500000078,6.178099999990081,38.705811000050744,prefix-restore,20,80,20,80,,,,,,,,,,,,,,,
adapter,baseline,pattern,100,late-warm,14,41.385433000003104,6.640643000006094,33.93176199993468,prefix-restore,20,80,20,80,,,,,,,,,,,,,,,
adapter,baseline,pattern,100,late-warm,15,52.32816100001219,7.710929000008036,44.05233300005784,prefix-restore,20,80,20,80,,,,,,,,,,,,,,,
adapter,baseline,pattern,100,late-warm,16,49.612226000012015,7.248936000003596,41.595184999896446,prefix-restore,20,80,20,80,,,,,,,,,,,,,,,
adapter,baseline,pattern,100,late-warm,17,48.84291199999279,11.45103999999992,36.85464400003548,prefix-restore,20,80,20,80,,,,,,,,,,,,,,,
adapter,baseline,pattern,100,late-warm,18,47.01370799999859,8.136557000005268,38.04111900003045,prefix-restore,20,80,20,80,,,,,,,,,,,,,,,
adapter,baseline,pattern,100,late-warm,19,46.127218000008725,7.875316000005114,37.70145500000217,prefix-restore,20,80,20,80,,,,,,,,,,,,,,,
adapter,baseline,pattern,100,late-warm,20,44.680928000001586,7.64894600000116,36.17170000013721,prefix-restore,20,80,20,80,,,,,,,,,,,,,,,
adapter,baseline,pattern,100,late-warm,21,43.15890300000319,7.144308999995701,35.347091000003275,prefix-restore,20,80,20,80,,,,,,,,,,,,,,,
adapter,baseline,pattern,100,late-warm,22,53.70689499999571,8.094954999993206,44.84654300005059,prefix-restore,20,80,20,80,,,,,,,,,,,,,,,
adapter,baseline,pattern,100,late-warm,23,46.56124899999122,9.0997020000068,35.08919300005073,prefix-restore,20,80,20,80,,,,,,,,,,,,,,,
adapter,baseline,pattern,100,late-warm,24,46.65457900000911,7.9189210000040475,37.768321000025026,prefix-restore,20,80,20,80,,,,,,,,,,,,,,,
adapter,baseline,pattern,100,late-warm,25,46.56724699999904,8.002977000011015,37.89194299999508,prefix-restore,20,80,20,80,,,,,,,,,,,,,,,
adapter,baseline,pattern,100,late-warm,26,106.47191300000122,23.570976999995764,81.75145399995381,full-rebuild,100,0,100,0,replay-budget,,,,,,,,,,,,,,
adapter,baseline,pattern,100,late-warm,27,54.095274999999674,7.012860000002547,46.43920299995807,prefix-restore,20,80,20,80,,,,,,,,,,,,,,,
adapter,baseline,pattern,100,late-warm,28,41.180592999997316,6.605097999999998,33.864490999956615,prefix-restore,20,80,20,80,,,,,,,,,,,,,,,
adapter,baseline,pattern,100,late-warm,29,47.2370579999988,6.142915000003995,40.54073099994275,prefix-restore,20,80,20,80,,,,,,,,,,,,,,,
adapter,baseline,pattern,100,late-warm,30,43.75745900000038,6.409534999998868,36.555827000003774,prefix-restore,20,80,20,80,,,,,,,,,,,,,,,
adapter,baseline,parameter,30,cold,0,36.45776800000749,11.39710699999705,24.65306100003363,full-rebuild,30,0,30,0,,,,,,,,,,,,,,,
adapter,baseline,parameter,30,warm-repeat,0,8.1784680000128,0.7582880000118166,7.2135390000185,independent-reuse,0,28,0,30,,2,,,,,,,,,,,,,
adapter,baseline,parameter,30,operation-warmup,0,7.833701000010478,0.4226639999978943,7.215316000001621,independent-reuse,0,28,0,30,,2,,,,,,,,,,,,,
adapter,baseline,parameter,30,operation-warm,1,9.151387999998406,1.4259889999957522,7.474269999976968,independent-reuse,1,2,1,29,,27,,,,,,,,,,,,,
adapter,baseline,parameter,30,operation-warm,2,10.714512000005925,1.7072809999954188,8.709315999993123,independent-reuse,1,2,1,29,,27,,,,,,,,,,,,,
adapter,baseline,parameter,30,operation-warm,3,9.998198000001139,1.1139510000066366,8.525937999991584,independent-reuse,1,2,1,29,,27,,,,,,,,,,,,,
adapter,baseline,parameter,30,operation-warm,4,8.947172000000137,1.032718999995268,7.68193600003724,independent-reuse,1,2,1,29,,27,,,,,,,,,,,,,
adapter,baseline,parameter,30,operation-warm,5,8.820590999996057,0.9749230000015814,7.601383999994141,independent-reuse,1,2,1,29,,27,,,,,,,,,,,,,
adapter,baseline,parameter,30,operation-warm,6,8.526740000001155,1.0268199999991339,7.297784000067622,independent-reuse,1,2,1,29,,27,,,,,,,,,,,,,
adapter,baseline,parameter,30,operation-warm,7,8.413681000005454,0.9670909999986179,7.234118000036688,independent-reuse,1,2,1,29,,27,,,,,,,,,,,,,
adapter,baseline,parameter,30,operation-warm,8,13.09503300000506,1.0032849999988684,11.806682999944314,independent-reuse,1,2,1,29,,27,,,,,,,,,,,,,
adapter,baseline,parameter,30,operation-warm,9,8.516465999986394,0.9343320000043605,7.325282999969204,independent-reuse,1,2,1,29,,27,,,,,,,,,,,,,
adapter,baseline,parameter,30,operation-warm,10,8.546000000002095,0.9611010000080569,7.379920999985188,independent-reuse,1,2,1,29,,27,,,,,,,,,,,,,
adapter,baseline,parameter,30,operation-warm,11,8.551328000001376,1.0263889999914682,7.32195500000671,independent-reuse,1,2,1,29,,27,,,,,,,,,,,,,
adapter,baseline,parameter,30,operation-warm,12,11.639058999993722,1.036275000005844,10.32584700002917,independent-reuse,1,2,1,29,,27,,,,,,,,,,,,,
adapter,baseline,parameter,30,operation-warm,13,9.783827000006568,1.2950330000021495,8.218416000003344,independent-reuse,1,2,1,29,,27,,,,,,,,,,,,,
adapter,baseline,parameter,30,operation-warm,14,9.463226000007126,0.9625939999968978,8.25731599998835,independent-reuse,1,2,1,29,,27,,,,,,,,,,,,,
adapter,baseline,parameter,30,operation-warm,15,9.78091200000199,0.972899000000325,8.56993500002136,independent-reuse,1,2,1,29,,27,,,,,,,,,,,,,
adapter,baseline,parameter,30,operation-warm,16,9.94740200000524,1.194921999995131,8.475160999994841,independent-reuse,1,2,1,29,,27,,,,,,,,,,,,,
adapter,baseline,parameter,30,operation-warm,17,12.567131000003428,3.6375669999979436,8.600049000015133,independent-reuse,1,2,1,29,,27,,,,,,,,,,,,,
adapter,baseline,parameter,30,operation-warm,18,9.677006000012625,1.169625000009546,8.253853999995044,independent-reuse,1,2,1,29,,27,,,,,,,,,,,,,
adapter,baseline,parameter,30,operation-warm,19,9.346990000005462,1.235923999993247,7.863645999983419,independent-reuse,1,2,1,29,,27,,,,,,,,,,,,,
adapter,baseline,parameter,30,operation-warm,20,9.56681099999696,1.01938899999368,8.31319200003054,independent-reuse,1,2,1,29,,27,,,,,,,,,,,,,
adapter,baseline,parameter,30,operation-warm,21,14.756374999997206,1.5691740000038408,12.722892000019783,independent-reuse,1,2,1,29,,27,,,,,,,,,,,,,
adapter,baseline,parameter,30,operation-warm,22,16.097718000004534,1.5596090000035474,14.142925999942236,independent-reuse,1,2,1,29,,27,,,,,,,,,,,,,
adapter,baseline,parameter,30,operation-warm,23,14.857081000009202,1.3440059999993537,13.010192999994615,independent-reuse,1,2,1,29,,27,,,,,,,,,,,,,
adapter,baseline,parameter,30,operation-warm,24,9.322834000005969,0.9893239999946672,8.090933999963454,independent-reuse,1,2,1,29,,27,,,,,,,,,,,,,
adapter,baseline,parameter,30,operation-warm,25,10.428893999996944,1.2797799999971176,8.868139999976847,independent-reuse,1,2,1,29,,27,,,,,,,,,,,,,
adapter,baseline,parameter,30,operation-warm,26,10.024807999987388,0.965358000001288,8.806249999965075,independent-reuse,1,2,1,29,,27,,,,,,,,,,,,,
adapter,baseline,parameter,30,operation-warm,27,10.248884000000544,1.2772960000002058,8.578366999980062,independent-reuse,1,2,1,29,,27,,,,,,,,,,,,,
adapter,baseline,parameter,30,operation-warm,28,8.869023999999627,0.844226000001072,7.793168999996851,independent-reuse,1,2,1,29,,27,,,,,,,,,,,,,
adapter,baseline,parameter,30,operation-warm,29,8.866389000002528,0.9142209999990882,7.735106000021915,independent-reuse,1,2,1,29,,27,,,,,,,,,,,,,
adapter,baseline,parameter,30,operation-warm,30,8.719389000005322,0.9886330000008456,7.5056340000155615,independent-reuse,1,2,1,29,,27,,,,,,,,,,,,,
adapter,baseline,parameter,30,early-warmup,0,7.894262000001618,0.5067910000070697,7.21495199999481,independent-reuse,0,28,0,30,,2,,,,,,,,,,,,,
adapter,baseline,parameter,30,early-warm,1,8.4749429999938,0.9385679999977583,7.36361199998646,independent-reuse,1,0,1,29,,29,,,,,,,,,,,,,
adapter,baseline,parameter,30,early-warm,2,9.23181700000714,0.8767150000057882,8.050215999988723,independent-reuse,1,0,1,29,,29,,,,,,,,,,,,,
adapter,baseline,parameter,30,early-warm,3,8.723285999993095,0.9091029999981401,7.649204999950598,independent-reuse,1,0,1,29,,29,,,,,,,,,,,,,
adapter,baseline,parameter,30,early-warm,4,11.88950499999919,3.2104849999886937,8.493730999951367,independent-reuse,1,0,1,29,,29,,,,,,,,,,,,,
adapter,baseline,parameter,30,early-warm,5,8.983334999997169,0.9358539999957429,7.871144999997341,independent-reuse,1,0,1,29,,29,,,,,,,,,,,,,
adapter,baseline,parameter,30,early-warm,6,9.984918999994989,1.1144009999989066,8.689823000007891,independent-reuse,1,0,1,29,,29,,,,,,,,,,,,,
adapter,baseline,parameter,30,early-warm,7,9.234683000002406,0.9764950000098906,8.036086999985855,independent-reuse,1,0,1,29,,29,,,,,,,,,,,,,
adapter,baseline,parameter,30,early-warm,8,9.249185000007856,0.8854480000009062,8.169844999967609,independent-reuse,1,0,1,29,,29,,,,,,,,,,,,,
adapter,baseline,parameter,30,early-warm,9,9.138898000004701,0.9007809999893652,8.065851999999722,independent-reuse,1,0,1,29,,29,,,,,,,,,,,,,
adapter,baseline,parameter,30,early-warm,10,8.787802000006195,0.9613320000062231,7.664488000009442,independent-reuse,1,0,1,29,,29,,,,,,,,,,,,,
adapter,baseline,parameter,30,early-warm,11,8.86921400000574,0.9862390000052983,7.71339000001899,independent-reuse,1,0,1,29,,29,,,,,,,,,,,,,
adapter,baseline,parameter,30,early-warm,12,9.515132999993511,0.8334610000019893,8.317896000022301,independent-reuse,1,0,1,29,,29,,,,,,,,,,,,,
adapter,baseline,parameter,30,early-warm,13,10.157637000011164,0.9316580000013346,8.898745000056806,independent-reuse,1,0,1,29,,29,,,,,,,,,,,,,
adapter,baseline,parameter,30,early-warm,14,10.042474000001675,1.0063690000097267,8.826951000053668,independent-reuse,1,0,1,29,,29,,,,,,,,,,,,,
adapter,baseline,parameter,30,early-warm,15,8.8758450000023,0.9509759999928065,7.766213999988395,independent-reuse,1,0,1,29,,29,,,,,,,,,,,,,
adapter,baseline,parameter,30,early-warm,16,9.284346999993431,1.0879819999972824,8.027909000011277,independent-reuse,1,0,1,29,,29,,,,,,,,,,,,,
adapter,baseline,parameter,30,early-warm,17,8.95825799999875,0.9059279999928549,7.8809499999915715,independent-reuse,1,0,1,29,,29,,,,,,,,,,,,,
adapter,baseline,parameter,30,early-warm,18,8.705149000001256,0.8934699999954319,7.649783999950159,independent-reuse,1,0,1,29,,29,,,,,,,,,,,,,
adapter,baseline,parameter,30,early-warm,19,9.030916999996407,1.0245869999926072,7.847431000016513,independent-reuse,1,0,1,29,,29,,,,,,,,,,,,,
adapter,baseline,parameter,30,early-warm,20,9.060670999999274,0.9094139999942854,7.9497450000053504,independent-reuse,1,0,1,29,,29,,,,,,,,,,,,,
adapter,baseline,parameter,30,early-warm,21,13.225869000001694,0.9297139999980573,12.095036000042455,independent-reuse,1,0,1,29,,29,,,,,,,,,,,,,
adapter,baseline,parameter,30,early-warm,22,9.56332499999553,0.8893439999956172,8.502353999923798,independent-reuse,1,0,1,29,,29,,,,,,,,,,,,,
adapter,baseline,parameter,30,early-warm,23,8.607130999997025,0.8726889999961713,7.5739339999854565,independent-reuse,1,0,1,29,,29,,,,,,,,,,,,,
adapter,baseline,parameter,30,early-warm,24,8.481272000004537,0.8961540000018431,7.353016999986721,independent-reuse,1,0,1,29,,29,,,,,,,,,,,,,
adapter,baseline,parameter,30,early-warm,25,8.750866999995196,0.8219329999992624,7.768241999976453,independent-reuse,1,0,1,29,,29,,,,,,,,,,,,,
adapter,baseline,parameter,30,early-warm,26,10.06957500000135,0.9324889999988955,8.944509999986622,independent-reuse,1,0,1,29,,29,,,,,,,,,,,,,
adapter,baseline,parameter,30,early-warm,27,9.413260999994236,1.042433999988134,8.188420000034967,independent-reuse,1,0,1,29,,29,,,,,,,,,,,,,
adapter,baseline,parameter,30,early-warm,28,16.85790800000541,4.454232000003685,12.21567499997036,independent-reuse,1,0,1,29,,29,,,,,,,,,,,,,
adapter,baseline,parameter,30,early-warm,29,8.754420999990543,0.906369000003906,7.682782999996562,independent-reuse,1,0,1,29,,29,,,,,,,,,,,,,
adapter,baseline,parameter,30,early-warm,30,8.600531000003684,1.0138909999950556,7.40196200000355,independent-reuse,1,0,1,29,,29,,,,,,,,,,,,,
adapter,baseline,parameter,30,late-warmup,0,7.6633160000055796,0.4794289999990724,7.02018799999496,independent-reuse,0,28,0,30,,2,,,,,,,,,,,,,
adapter,baseline,parameter,30,late-warm,1,9.176665000006324,0.9516480000020238,8.000461000032374,independent-reuse,1,28,1,29,,1,,,,,,,,,,,,,
adapter,baseline,parameter,30,late-warm,2,9.126060000009602,0.8010019999928772,8.125522999995155,independent-reuse,1,28,1,29,,1,,,,,,,,,,,,,
adapter,baseline,parameter,30,late-warm,3,8.55378099999507,0.8507559999998193,7.501791000016965,independent-reuse,1,28,1,29,,1,,,,,,,,,,,,,
adapter,baseline,parameter,30,late-warm,4,8.699087999993935,0.8483819999964908,7.663242999988142,independent-reuse,1,28,1,29,,1,,,,,,,,,,,,,
adapter,baseline,parameter,30,late-warm,5,14.522633999993559,0.8346620000083931,13.45417399998405,independent-reuse,1,28,1,29,,1,,,,,,,,,,,,,
adapter,baseline,parameter,30,late-warm,6,8.466849999997066,0.8034950000001118,7.457175000017742,independent-reuse,1,28,1,29,,1,,,,,,,,,,,,,
adapter,baseline,parameter,30,late-warm,7,8.419889999990119,0.7702350000035949,7.469853999980842,independent-reuse,1,28,1,29,,1,,,,,,,,,,,,,
adapter,baseline,parameter,30,late-warm,8,9.698999000000185,0.7924990000028629,8.706691000013961,independent-reuse,1,28,1,29,,1,,,,,,,,,,,,,
adapter,baseline,parameter,30,late-warm,9,9.155933999994886,0.7959140000020852,8.173189000037382,independent-reuse,1,28,1,29,,1,,,,,,,,,,,,,
adapter,baseline,parameter,30,late-warm,10,9.106931000002078,0.8806110000004992,7.948952999999165,independent-reuse,1,28,1,29,,1,,,,,,,,,,,,,
adapter,baseline,parameter,30,late-warm,11,9.323105000003125,0.7448569999978645,8.391533000030904,independent-reuse,1,28,1,29,,1,,,,,,,,,,,,,
adapter,baseline,parameter,30,late-warm,12,9.10628999999608,1.0576670000009472,7.8513870000169845,independent-reuse,1,28,1,29,,1,,,,,,,,,,,,,
adapter,baseline,parameter,30,late-warm,13,11.835318999990704,0.9335599999903934,10.663000999978976,independent-reuse,1,28,1,29,,1,,,,,,,,,,,,,
adapter,baseline,parameter,30,late-warm,14,9.660781999991741,0.6778570000024047,8.80603799992241,independent-reuse,1,28,1,29,,1,,,,,,,,,,,,,
adapter,baseline,parameter,30,late-warm,15,9.454572000002372,0.7856389999942621,8.503642999901786,independent-reuse,1,28,1,29,,1,,,,,,,,,,,,,
adapter,baseline,parameter,30,late-warm,16,11.126000000003842,2.582903999995324,8.368653999976232,independent-reuse,1,28,1,29,,1,,,,,,,,,,,,,
adapter,baseline,parameter,30,late-warm,17,9.168934000001173,0.7008110000024317,8.231056000018725,independent-reuse,1,28,1,29,,1,,,,,,,,,,,,,
adapter,baseline,parameter,30,late-warm,18,8.500542000008863,0.6855289999948582,7.661231999984011,independent-reuse,1,28,1,29,,1,,,,,,,,,,,,,
adapter,baseline,parameter,30,late-warm,19,9.301934000002802,0.9842360000038752,8.137709999995423,independent-reuse,1,28,1,29,,1,,,,,,,,,,,,,
adapter,baseline,parameter,30,late-warm,20,8.29509300000791,0.7285530000081053,7.409783999959473,independent-reuse,1,28,1,29,,1,,,,,,,,,,,,,
adapter,baseline,parameter,30,late-warm,21,11.370827000006102,0.7254079999984242,10.455733999944641,independent-reuse,1,28,1,29,,1,,,,,,,,,,,,,
adapter,baseline,parameter,30,late-warm,22,8.228893000006792,0.7100349999964237,7.360817999957362,independent-reuse,1,28,1,29,,1,,,,,,,,,,,,,
adapter,baseline,parameter,30,late-warm,23,9.266268999999738,0.871026000007987,8.069667000003392,independent-reuse,1,28,1,29,,1,,,,,,,,,,,,,
adapter,baseline,parameter,30,late-warm,24,9.328662999992957,0.7288429999898653,8.383705000043847,independent-reuse,1,28,1,29,,1,,,,,,,,,,,,,
adapter,baseline,parameter,30,late-warm,25,8.889664999995148,0.7098650000116322,8.02008999993268,independent-reuse,1,28,1,29,,1,,,,,,,,,,,,,
adapter,baseline,parameter,30,late-warm,26,8.927112000004854,0.9693339999939781,7.796560000002501,independent-reuse,1,28,1,29,,1,,,,,,,,,,,,,
adapter,baseline,parameter,30,late-warm,27,8.11676499999885,0.7389490000059595,7.2025919999723556,independent-reuse,1,28,1,29,,1,,,,,,,,,,,,,
adapter,baseline,parameter,30,late-warm,28,8.084607000011601,0.6497640000015963,7.289782000036212,independent-reuse,1,28,1,29,,1,,,,,,,,,,,,,
adapter,baseline,parameter,30,late-warm,29,9.56404699999257,0.6733099999983096,8.697527000011178,independent-reuse,1,28,1,29,,1,,,,,,,,,,,,,
adapter,baseline,parameter,30,late-warm,30,8.745779999997467,0.729685000012978,7.851206000035745,independent-reuse,1,28,1,29,,1,,,,,,,,,,,,,
adapter,baseline,parameter,100,cold,0,90.95884300000034,17.631017000006977,72.29417400008242,full-rebuild,100,0,100,0,,,,,,,,,,,,,,,
adapter,baseline,parameter,100,warm-repeat,0,28.469435000006342,1.1974459999910323,26.731900000057067,independent-reuse,0,80,0,100,,20,,,,,,,,,,,,,
adapter,baseline,parameter,100,operation-warmup,0,24.483787000004668,1.2212120000040159,22.809322999964934,independent-reuse,0,80,0,100,,20,,,,,,,,,,,,,
adapter,baseline,parameter,100,operation-warm,1,27.787281999990228,2.264356999992742,24.829170999946655,independent-reuse,1,2,1,99,,97,,,,,,,,,,,,,
adapter,baseline,parameter,100,operation-warm,2,25.847723000013502,2.064876999997068,23.260073000114062,independent-reuse,1,2,1,99,,97,,,,,,,,,,,,,
adapter,baseline,parameter,100,operation-warm,3,26.44445799999812,1.7685530000017025,24.21013399993535,independent-reuse,1,2,1,99,,97,,,,,,,,,,,,,
adapter,baseline,parameter,100,operation-warm,4,30.134413000007044,1.7663089999987278,27.753191000025254,independent-reuse,1,2,1,99,,97,,,,,,,,,,,,,
adapter,baseline,parameter,100,operation-warm,5,34.86007199999585,7.627150999993319,26.68226300002425,independent-reuse,1,2,1,99,,97,,,,,,,,,,,,,
adapter,baseline,parameter,100,operation-warm,6,25.653671000007307,1.93564399999741,23.24924900001497,independent-reuse,1,2,1,99,,97,,,,,,,,,,,,,
adapter,baseline,parameter,100,operation-warm,7,31.50539000000572,1.7671209999971325,29.186408999943524,independent-reuse,1,2,1,99,,97,,,,,,,,,,,,,
adapter,baseline,parameter,100,operation-warm,8,26.6237770000007,1.9713170000031823,24.083209999953397,independent-reuse,1,2,1,99,,97,,,,,,,,,,,,,
adapter,baseline,parameter,100,operation-warm,9,26.623466999997618,1.7694639999972424,24.397853999878862,independent-reuse,1,2,1,99,,97,,,,,,,,,,,,,
adapter,baseline,parameter,100,operation-warm,10,28.252529999997932,1.850535999998101,25.861348000049475,independent-reuse,1,2,1,99,,97,,,,,,,,,,,,,
adapter,baseline,parameter,100,operation-warm,11,25.962354999996023,1.759529000002658,23.75422500008426,independent-reuse,1,2,1,99,,97,,,,,,,,,,,,,
adapter,baseline,parameter,100,operation-warm,12,33.241454000002705,1.7766349999874365,30.875841000015498,independent-reuse,1,2,1,99,,97,,,,,,,,,,,,,
adapter,baseline,parameter,100,operation-warm,13,30.608072999995784,1.8624839999974938,28.180322000043816,independent-reuse,1,2,1,99,,97,,,,,,,,,,,,,
adapter,baseline,parameter,100,operation-warm,14,32.626482000006945,1.7492440000060014,30.347292999955243,independent-reuse,1,2,1,99,,97,,,,,,,,,,,,,
adapter,baseline,parameter,100,operation-warm,15,25.59872899999027,1.7351729999936651,23.424339000019245,independent-reuse,1,2,1,99,,97,,,,,,,,,,,,,
adapter,baseline,parameter,100,operation-warm,16,26.750297000005958,1.6998100000055274,24.516531000001123,independent-reuse,1,2,1,99,,97,,,,,,,,,,,,,
adapter,baseline,parameter,100,operation-warm,17,35.09897999999521,1.8503449999989243,32.61446199999773,independent-reuse,1,2,1,99,,97,,,,,,,,,,,,,
adapter,baseline,parameter,100,operation-warm,18,32.22357699999702,1.8203609999909531,29.829160000110278,independent-reuse,1,2,1,99,,97,,,,,,,,,,,,,
adapter,baseline,parameter,100,operation-warm,19,46.93713800000842,1.794741999998223,44.40531400000327,independent-reuse,1,2,1,99,,97,,,,,,,,,,,,,
adapter,baseline,parameter,100,operation-warm,20,28.911048999987543,2.044566999989911,26.175304000033066,independent-reuse,1,2,1,99,,97,,,,,,,,,,,,,
adapter,baseline,parameter,100,operation-warm,21,25.06615199999942,1.845337999999174,22.786047999979928,independent-reuse,1,2,1,99,,97,,,,,,,,,,,,,
adapter,baseline,parameter,100,operation-warm,22,26.40051299998595,1.7020740000007208,24.19186800008174,independent-reuse,1,2,1,99,,97,,,,,,,,,,,,,
adapter,baseline,parameter,100,operation-warm,23,26.554364000010537,1.775152000001981,24.311993000039365,independent-reuse,1,2,1,99,,97,,,,,,,,,,,,,
adapter,baseline,parameter,100,operation-warm,24,30.39700900000753,1.8478920000052312,28.082462999998825,independent-reuse,1,2,1,99,,97,,,,,,,,,,,,,
adapter,baseline,parameter,100,operation-warm,25,25.33912199999031,1.81183800000872,23.09295800003747,independent-reuse,1,2,1,99,,97,,,,,,,,,,,,,
adapter,baseline,parameter,100,operation-warm,26,25.508324999987963,1.746910999994725,23.30830799996329,independent-reuse,1,2,1,99,,97,,,,,,,,,,,,,
adapter,baseline,parameter,100,operation-warm,27,28.181856000010157,1.8880520000093384,25.800896999950055,independent-reuse,1,2,1,99,,97,,,,,,,,,,,,,
adapter,baseline,parameter,100,operation-warm,28,28.61194100001012,1.8599499999982072,26.195108999905642,independent-reuse,1,2,1,99,,97,,,,,,,,,,,,,
adapter,baseline,parameter,100,operation-warm,29,32.17675900000904,4.5127100000099745,27.17801799996232,independent-reuse,1,2,1,99,,97,,,,,,,,,,,,,
adapter,baseline,parameter,100,operation-warm,30,25.00002300000051,1.7863689999940107,22.750610999923083,independent-reuse,1,2,1,99,,97,,,,,,,,,,,,,
adapter,baseline,parameter,100,early-warmup,0,30.14669400001003,1.0598900000040885,28.645217999990564,independent-reuse,0,80,0,100,,20,,,,,,,,,,,,,
adapter,baseline,parameter,100,early-warm,1,25.119902999998885,1.6684230000100797,22.895217000041157,independent-reuse,1,0,1,99,,99,,,,,,,,,,,,,
adapter,baseline,parameter,100,early-warm,2,25.583048000000417,1.681062000003294,23.46098499998334,independent-reuse,1,0,1,99,,99,,,,,,,,,,,,,
adapter,baseline,parameter,100,early-warm,3,28.773333999997703,1.71492300000682,26.59183699991263,independent-reuse,1,0,1,99,,99,,,,,,,,,,,,,
adapter,baseline,parameter,100,early-warm,4,25.30945800000336,1.7162939999980154,23.149088999911328,independent-reuse,1,0,1,99,,99,,,,,,,,,,,,,
adapter,baseline,parameter,100,early-warm,5,26.349147000000812,1.7065000000002328,24.19149500002095,independent-reuse,1,0,1,99,,99,,,,,,,,,,,,,
adapter,baseline,parameter,100,early-warm,6,24.851499999989755,2,22.41329999997106,independent-reuse,1,0,1,99,,99,,,,,,,,,,,,,
adapter,baseline,parameter,100,early-warm,7,26.123749000005773,1.6966649999958463,23.953008999917074,independent-reuse,1,0,1,99,,99,,,,,,,,,,,,,
adapter,baseline,parameter,100,early-warm,8,32.34856700000819,5.244097000002512,26.528892999966047,independent-reuse,1,0,1,99,,99,,,,,,,,,,,,,
adapter,baseline,parameter,100,early-warm,9,27.696599000002607,2.0902159999968717,25.105930000034277,independent-reuse,1,0,1,99,,99,,,,,,,,,,,,,
adapter,baseline,parameter,100,early-warm,10,29.41825100001006,1.9075009999942267,27.050363000133075,independent-reuse,1,0,1,99,,99,,,,,,,,,,,,,
adapter,baseline,parameter,100,early-warm,11,32.41080999998667,1.9556630000006407,29.87654499996279,independent-reuse,1,0,1,99,,99,,,,,,,,,,,,,
adapter,baseline,parameter,100,early-warm,12,30.89392499999667,2.0395799999969313,28.25710199995956,independent-reuse,1,0,1,99,,99,,,,,,,,,,,,,
adapter,baseline,parameter,100,early-warm,13,32.26598300000478,5.7940119999984745,25.91300499990757,independent-reuse,1,0,1,99,,99,,,,,,,,,,,,,
adapter,baseline,parameter,100,early-warm,14,27.80606099999568,1.8134500000014668,25.29007099995215,independent-reuse,1,0,1,99,,99,,,,,,,,,,,,,
adapter,baseline,parameter,100,early-warm,15,29.349087000009604,1.9577770000032615,26.781081999928574,independent-reuse,1,0,1,99,,99,,,,,,,,,,,,,
adapter,baseline,parameter,100,early-warm,16,26.93057900000713,1.8952530000096885,24.517358000026434,independent-reuse,1,0,1,99,,99,,,,,,,,,,,,,
adapter,baseline,parameter,100,early-warm,17,34.22824599999876,2.1178470000013476,31.586045999923954,independent-reuse,1,0,1,99,,99,,,,,,,,,,,,,
adapter,baseline,parameter,100,early-warm,18,29.29634800000349,2.1401699999987613,26.620932000063476,independent-reuse,1,0,1,99,,99,,,,,,,,,,,,,
adapter,baseline,parameter,100,early-warm,19,26.680443999997806,1.8012719999969704,24.40270600002259,independent-reuse,1,0,1,99,,99,,,,,,,,,,,,,
adapter,baseline,parameter,100,early-warm,20,26.63482499998645,1.7882830000016838,24.38787100010086,independent-reuse,1,0,1,99,,99,,,,,,,,,,,,,
adapter,baseline,parameter,100,early-warm,21,27.989887999996427,2.238528000001679,25.20145400002366,independent-reuse,1,0,1,99,,99,,,,,,,,,,,,,
adapter,baseline,parameter,100,early-warm,22,30.73802099999739,1.910755999997491,28.355968999981997,independent-reuse,1,0,1,99,,99,,,,,,,,,,,,,
adapter,baseline,parameter,100,early-warm,23,28.08115500000713,1.7602199999964796,25.827016000053845,independent-reuse,1,0,1,99,,99,,,,,,,,,,,,,
adapter,baseline,parameter,100,early-warm,24,25.82564100000309,1.8232149999967078,23.49860000004992,independent-reuse,1,0,1,99,,99,,,,,,,,,,,,,
adapter,baseline,parameter,100,early-warm,25,27.42457000000286,2.056323999990127,24.90525599999819,independent-reuse,1,0,1,99,,99,,,,,,,,,,,,,
adapter,baseline,parameter,100,early-warm,26,25.38910699999542,1.763265000001411,23.13669700003811,independent-reuse,1,0,1,99,,99,,,,,,,,,,,,,
adapter,baseline,parameter,100,early-warm,27,29.685501999992994,1.7213229999906616,27.449283000009018,independent-reuse,1,0,1,99,,99,,,,,,,,,,,,,
adapter,baseline,parameter,100,early-warm,28,27.07417500000156,1.7768159999977797,24.73670499997388,independent-reuse,1,0,1,99,,99,,,,,,,,,,,,,
adapter,baseline,parameter,100,early-warm,29,32.65906299999915,2.017846999995527,30.124005000063335,independent-reuse,1,0,1,99,,99,,,,,,,,,,,,,
adapter,baseline,parameter,100,early-warm,30,32.78157699998701,2.469184999994468,29.777320999943186,independent-reuse,1,0,1,99,,99,,,,,,,,,,,,,
adapter,baseline,parameter,100,late-warmup,0,26.522427000003518,1.2236059999995632,24.838088000076823,independent-reuse,0,80,0,100,,20,,,,,,,,,,,,,
adapter,baseline,parameter,100,late-warm,1,34.86032399999385,1.7765150000050198,32.346587000007275,independent-reuse,1,80,1,99,,19,,,,,,,,,,,,,
adapter,baseline,parameter,100,late-warm,2,29.40403900000092,1.8594900000025518,26.742513999983203,independent-reuse,1,80,1,99,,19,,,,,,,,,,,,,
adapter,baseline,parameter,100,late-warm,3,27.043227999994997,1.5892339999991236,24.974884000010206,independent-reuse,1,80,1,99,,19,,,,,,,,,,,,,
adapter,baseline,parameter,100,late-warm,4,33.999221999998554,7.133430000001681,26.31689899995399,independent-reuse,1,80,1,99,,19,,,,,,,,,,,,,
adapter,baseline,parameter,100,late-warm,5,27.756777999995393,1.5772759999963455,25.698646999924676,independent-reuse,1,80,1,99,,19,,,,,,,,,,,,,
adapter,baseline,parameter,100,late-warm,6,26.735946999993757,1.4561539999995148,24.798925999872154,independent-reuse,1,80,1,99,,19,,,,,,,,,,,,,
adapter,baseline,parameter,100,late-warm,7,26.830999999991036,1.718176999987918,24.626612999883946,independent-reuse,1,80,1,99,,19,,,,,,,,,,,,,
adapter,baseline,parameter,100,late-warm,8,26.385530999992625,1.4348129999998491,24.27738999997382,independent-reuse,1,80,1,99,,19,,,,,,,,,,,,,
adapter,baseline,parameter,100,late-warm,9,44.021707000007154,1.4621730000071693,42.10193800003617,independent-reuse,1,80,1,99,,19,,,,,,,,,,,,,
adapter,baseline,parameter,100,late-warm,10,25.42495999998937,1.4421330000041053,23.47948799992446,independent-reuse,1,80,1,99,,19,,,,,,,,,,,,,
adapter,baseline,parameter,100,late-warm,11,28.403869000001578,1.4373060000070836,26.492548000009265,independent-reuse,1,80,1,99,,19,,,,,,,,,,,,,
adapter,baseline,parameter,100,late-warm,12,28.965311000007205,2.1109270000015385,26.3429509998532,independent-reuse,1,80,1,99,,19,,,,,,,,,,,,,
adapter,baseline,parameter,100,late-warm,13,26.87101899999834,1.4853480000019772,24.919127999950433,independent-reuse,1,80,1,99,,19,,,,,,,,,,,,,
adapter,baseline,parameter,100,late-warm,14,38.771351999996114,2.2211309999984223,35.677022999938345,independent-reuse,1,80,1,99,,19,,,,,,,,,,,,,
adapter,baseline,parameter,100,late-warm,15,28.595799000002444,1.4917769999883603,26.59948299989628,independent-reuse,1,80,1,99,,19,,,,,,,,,,,,,
adapter,baseline,parameter,100,late-warm,16,27.818855000004987,1.4562149999983376,25.874356999906013,independent-reuse,1,80,1,99,,19,,,,,,,,,,,,,
adapter,baseline,parameter,100,late-warm,17,29.412544999999227,5.082692999989376,23.855615000022226,independent-reuse,1,80,1,99,,19,,,,,,,,,,,,,
adapter,baseline,parameter,100,late-warm,18,30.24327999999514,1.4325279999902705,28.12110800006485,independent-reuse,1,80,1,99,,19,,,,,,,,,,,,,
adapter,baseline,parameter,100,late-warm,19,25.71094400000584,1.542723999998998,23.742208000039682,independent-reuse,1,80,1,99,,19,,,,,,,,,,,,,
adapter,baseline,parameter,100,late-warm,20,45.3198640000046,1.458838000005926,43.3842469999654,independent-reuse,1,80,1,99,,19,,,,,,,,,,,,,
adapter,baseline,parameter,100,late-warm,21,29.17745200000354,1.5347420000034617,26.894782000017585,independent-reuse,1,80,1,99,,19,,,,,,,,,,,,,
adapter,baseline,parameter,100,late-warm,22,32.738652999993064,2.660390000004554,29.432456000038655,independent-reuse,1,80,1,99,,19,,,,,,,,,,,,,
adapter,baseline,parameter,100,late-warm,23,25.72211000000243,1.5935599999938859,23.66768099994806,independent-reuse,1,80,1,99,,19,,,,,,,,,,,,,
adapter,baseline,parameter,100,late-warm,24,25.395349000013084,1.5243159999954514,23.353288000056637,independent-reuse,1,80,1,99,,19,,,,,,,,,,,,,
adapter,baseline,parameter,100,late-warm,25,26.349801999997,1.4604399999952875,24.488578999982565,independent-reuse,1,80,1,99,,19,,,,,,,,,,,,,
adapter,baseline,parameter,100,late-warm,26,28.18733699999575,2.5711369999917224,25.08569800000987,independent-reuse,1,80,1,99,,19,,,,,,,,,,,,,
adapter,baseline,parameter,100,late-warm,27,35.71572799999558,1.932597999999416,33.25845199992182,independent-reuse,1,80,1,99,,19,,,,,,,,,,,,,
adapter,baseline,parameter,100,late-warm,28,28.004793999993126,1.5433650000049965,25.899608000108856,independent-reuse,1,80,1,99,,19,,,,,,,,,,,,,
adapter,baseline,parameter,100,late-warm,29,27.998784000010346,2.1252069999900414,25.38073999993503,independent-reuse,1,80,1,99,,19,,,,,,,,,,,,,
adapter,baseline,parameter,100,late-warm,30,33.47530900000129,2.014410999996471,31.00150100007886,independent-reuse,1,80,1,99,,19,,,,,,,,,,,,,
adapter,baseline,direct-edit,30,cold,0,42.07726099999854,17.283403000008548,24.05792200000724,full-rebuild,30,0,29,0,,,,,,,,,,,,,,,
adapter,baseline,direct-edit,30,warm-repeat,0,12.24941299999773,3.3725180000037653,8.37849600003392,prefix-restore,2,28,2,27,,,,,,,,,,,,,,,
adapter,baseline,direct-edit,30,operation-warmup,0,11.040599999992992,2.2158440000057453,8.546818000017083,prefix-restore,2,28,2,27,,,,,,,,,,,,,,,
adapter,baseline,direct-edit,30,operation-warm,1,11.146779000002425,2.3397490000061225,8.536430999985896,prefix-restore,2,28,2,27,,,,,,,,,,,,,,,
adapter,baseline,direct-edit,30,operation-warm,2,14.884634999994887,2.268171000003349,12.268664999952307,prefix-restore,2,28,2,27,,,,,,,,,,,,,,,
adapter,baseline,direct-edit,30,operation-warm,3,12.07021399999212,2.4494640000048093,9.361652999999933,prefix-restore,2,28,2,27,,,,,,,,,,,,,,,
adapter,baseline,direct-edit,30,operation-warm,4,19.72293199998967,5.107860999996774,14.05120399997395,prefix-restore,2,28,2,27,,,,,,,,,,,,,,,
adapter,baseline,direct-edit,30,operation-warm,5,12.856857999999193,2.9607099999993807,9.495036000022083,prefix-restore,2,28,2,27,,,,,,,,,,,,,,,
adapter,baseline,direct-edit,30,operation-warm,6,12.890473999999813,3.3816619999997783,9.167219000024488,prefix-restore,2,28,2,27,,,,,,,,,,,,,,,
adapter,baseline,direct-edit,30,operation-warm,7,12.919728000008035,3.3136499999964144,9.276199999949313,prefix-restore,2,28,2,27,,,,,,,,,,,,,,,
adapter,baseline,direct-edit,30,operation-warm,8,11.729051999995136,2.1436649999959627,9.301831999997376,prefix-restore,2,28,2,27,,,,,,,,,,,,,,,
adapter,baseline,direct-edit,30,operation-warm,9,15.086477000004379,2.165698999990127,12.650981999977375,prefix-restore,2,28,2,27,,,,,,,,,,,,,,,
adapter,baseline,direct-edit,30,operation-warm,10,10.800579999995534,2.022043000004487,8.5120300000126,prefix-restore,2,28,2,27,,,,,,,,,,,,,,,
adapter,baseline,direct-edit,30,operation-warm,11,10.620188999993843,1.9750119999953313,8.395813000039198,prefix-restore,2,28,2,27,,,,,,,,,,,,,,,
adapter,baseline,direct-edit,30,operation-warm,12,10.050304000003962,2.248011999996379,7.556014000016148,prefix-restore,2,28,2,27,,,,,,,,,,,,,,,
adapter,baseline,direct-edit,30,operation-warm,13,10.359496999997646,2.2278209999931278,7.88187299996207,prefix-restore,2,28,2,27,,,,,,,,,,,,,,,
adapter,baseline,direct-edit,30,operation-warm,14,12.075752000004286,1.9186369999952149,9.908936999971047,prefix-restore,2,28,2,27,,,,,,,,,,,,,,,
adapter,baseline,direct-edit,30,operation-warm,15,10.11788499999966,1.9873510000034003,7.940781999990577,prefix-restore,2,28,2,27,,,,,,,,,,,,,,,
adapter,baseline,direct-edit,30,operation-warm,16,9.700028000006569,1.951986999993096,7.512568999954965,prefix-restore,2,28,2,27,,,,,,,,,,,,,,,
adapter,baseline,direct-edit,30,operation-warm,17,10.361429999989923,2.0575759999919683,8.090987000003224,prefix-restore,2,28,2,27,,,,,,,,,,,,,,,
adapter,baseline,direct-edit,30,operation-warm,18,10.30481499999587,2.2514569999912055,7.8034170000464655,prefix-restore,2,28,2,27,,,,,,,,,,,,,,,
adapter,baseline,direct-edit,30,operation-warm,19,10.000899999999092,1.8955630000127712,7.9030660000426,prefix-restore,2,28,2,27,,,,,,,,,,,,,,,
adapter,baseline,direct-edit,30,operation-warm,20,10.868981000006897,2.006299000000581,8.55444700003136,prefix-restore,2,28,2,27,,,,,,,,,,,,,,,
adapter,baseline,direct-edit,30,operation-warm,21,9.84780000000319,2.064496999999392,7.581674000044586,prefix-restore,2,28,2,27,,,,,,,,,,,,,,,
adapter,baseline,direct-edit,30,operation-warm,22,10.662082000009832,2.2558329999883426,8.124386000010418,prefix-restore,2,28,2,27,,,,,,,,,,,,,,,
adapter,baseline,direct-edit,30,operation-warm,23,10.807109000001219,1.952768000002834,8.638269000002765,prefix-restore,2,28,2,27,,,,,,,,,,,,,,,
adapter,baseline,direct-edit,30,operation-warm,24,10.605766999986372,2.135643000001437,8.202253000010387,prefix-restore,2,28,2,27,,,,,,,,,,,,,,,
adapter,baseline,direct-edit,30,operation-warm,25,12.497324000010849,1.9576559999986785,10.254915000041365,prefix-restore,2,28,2,27,,,,,,,,,,,,,,,
adapter,baseline,direct-edit,30,operation-warm,26,10.817474999988917,2.358477000001585,8.168835000004037,prefix-restore,2,28,2,27,,,,,,,,,,,,,,,
adapter,baseline,direct-edit,30,operation-warm,27,10.654760999997961,2.581892999995034,7.867078000024776,prefix-restore,2,28,2,27,,,,,,,,,,,,,,,
adapter,baseline,direct-edit,30,operation-warm,28,10.422231999997166,2.009102999989409,8.14629099999729,prefix-restore,2,28,2,27,,,,,,,,,,,,,,,
adapter,baseline,direct-edit,30,operation-warm,29,10.463503999999375,2.1102649999957066,8.132397000008496,prefix-restore,2,28,2,27,,,,,,,,,,,,,,,
adapter,baseline,direct-edit,30,operation-warm,30,12.735687000007601,2.1491129999922123,10.315686000016285,prefix-restore,2,28,2,27,,,,,,,,,,,,,,,
adapter,baseline,direct-edit,30,early-warmup,0,11.438496000002488,2.188702999992529,8.764033999977983,prefix-restore,2,28,2,27,,,,,,,,,,,,,,,
adapter,baseline,direct-edit,30,early-warm,1,26.99786300001142,7.666948999991291,19.09059100000013,full-rebuild,30,0,29,0,,,,,,,,,,,,,,,
adapter,baseline,direct-edit,30,early-warm,2,26.63795299999765,7.471896000002744,18.906431000010343,full-rebuild,30,0,29,0,,,,,,,,,,,,,,,
adapter,baseline,direct-edit,30,early-warm,3,27.839935999989393,7.417345000008936,20.22090600001684,full-rebuild,30,0,29,0,,,,,,,,,,,,,,,
adapter,baseline,direct-edit,30,early-warm,4,29.25370600000315,8.22455600000103,20.76765899999009,full-rebuild,30,0,29,0,,,,,,,,,,,,,,,
adapter,baseline,direct-edit,30,early-warm,5,26.861638999995193,7.20832099999825,19.429143000030308,full-rebuild,30,0,29,0,,,,,,,,,,,,,,,
adapter,baseline,direct-edit,30,early-warm,6,26.61799400000018,7.708402000003844,18.641446999972686,full-rebuild,30,0,29,0,,,,,,,,,,,,,,,
adapter,baseline,direct-edit,30,early-warm,7,26.253035000001546,7.414831000001868,18.622094999969704,full-rebuild,30,0,29,0,,,,,,,,,,,,,,,
adapter,baseline,direct-edit,30,early-warm,8,29.807526999997208,7.526087999998708,21.97936299990397,full-rebuild,30,0,29,0,,,,,,,,,,,,,,,
adapter,baseline,direct-edit,30,early-warm,9,25.812804999994114,7.36858100000245,18.229319999998552,full-rebuild,30,0,29,0,,,,,,,,,,,,,,,
adapter,baseline,direct-edit,30,early-warm,10,26.982029999999213,7.312246999994386,19.383465000006254,full-rebuild,30,0,29,0,,,,,,,,,,,,,,,
adapter,baseline,direct-edit,30,early-warm,11,26.535560000003898,7.4146509999991395,18.89714100002311,full-rebuild,30,0,29,0,,,,,,,,,,,,,,,
adapter,baseline,direct-edit,30,early-warm,12,26.410312000007252,7.477966999998898,18.65981999998621,full-rebuild,30,0,29,0,,,,,,,,,,,,,,,
adapter,baseline,direct-edit,30,early-warm,13,28.84332099999301,7.399257999990368,21.211615999985952,full-rebuild,30,0,29,0,,,,,,,,,,,,,,,
adapter,baseline,direct-edit,30,early-warm,14,29.140457000001334,8.962392000001273,19.847995000032824,full-rebuild,30,0,29,0,,,,,,,,,,,,,,,
adapter,baseline,direct-edit,30,early-warm,15,25.649359999995795,7.033780000012484,18.378213999967556,full-rebuild,30,0,29,0,,,,,,,,,,,,,,,
adapter,baseline,direct-edit,30,early-warm,16,26.25479799999448,7.065818000002764,18.868648000017856,full-rebuild,30,0,29,0,,,,,,,,,,,,,,,
adapter,baseline,direct-edit,30,early-warm,17,26.138604000007035,7.280690000014147,18.639936999970814,full-rebuild,30,0,29,0,,,,,,,,,,,,,,,
adapter,baseline,direct-edit,30,early-warm,18,30.664672999992035,7.578495999987354,22.801407000006293,full-rebuild,30,0,29,0,,,,,,,,,,,,,,,
adapter,baseline,direct-edit,30,early-warm,19,27.132494999998016,7.917654999997467,18.996370000080788,full-rebuild,30,0,29,0,,,,,,,,,,,,,,,
adapter,baseline,direct-edit,30,early-warm,20,30.76242899999488,10.95867600000929,19.528518000035547,full-rebuild,30,0,29,0,,,,,,,,,,,,,,,
adapter,baseline,direct-edit,30,early-warm,21,27.05424800000037,7.670003999999608,19.15356299999985,full-rebuild,30,0,29,0,,,,,,,,,,,,,,,
adapter,baseline,direct-edit,30,early-warm,22,26.368518999996013,7.829303000005893,18.25539800003753,full-rebuild,30,0,29,0,,,,,,,,,,,,,,,
adapter,baseline,direct-edit,30,early-warm,23,31.569980999993277,7.406739000012749,23.921390000003157,full-rebuild,30,0,29,0,,,,,,,,,,,,,,,
adapter,baseline,direct-edit,30,early-warm,24,31.225453999999445,8.823703999994905,22.125273999976343,full-rebuild,30,0,29,0,,,,,,,,,,,,,,,
adapter,baseline,direct-edit,30,early-warm,25,32.63077199998952,11.019198000009055,21.34639699998661,full-rebuild,30,0,29,0,,,,,,,,,,,,,,,
adapter,baseline,direct-edit,30,early-warm,26,30.758684000000358,8.87254799999937,21.593087999994168,full-rebuild,30,0,29,0,,,,,,,,,,,,,,,
adapter,baseline,direct-edit,30,early-warm,27,28.80913999999757,8.24531699999352,20.350062999961665,full-rebuild,30,0,29,0,,,,,,,,,,,,,,,
adapter,baseline,direct-edit,30,early-warm,28,35.65416599999298,8.982352000006358,26.381689999980154,full-rebuild,30,0,29,0,,,,,,,,,,,,,,,
adapter,baseline,direct-edit,30,early-warm,29,27.603870999999344,7.131005000002915,20.248730999985128,full-rebuild,30,0,29,0,,,,,,,,,,,,,,,
adapter,baseline,direct-edit,30,early-warm,30,43.110699999990175,14.580879999994067,28.1365000000078,full-rebuild,30,0,29,0,,,,,,,,,,,,,,,
adapter,baseline,direct-edit,30,late-warmup,0,14.779987999994773,2.7060980000096606,11.805780000024242,prefix-restore,2,28,2,27,,,,,,,,,,,,,,,
adapter,baseline,direct-edit,30,late-warm,1,12.59493000000657,2.4917770000029122,9.872241999983089,prefix-restore,2,28,2,27,,,,,,,,,,,,,,,
adapter,baseline,direct-edit,30,late-warm,2,11.038025999994716,2.5713459999969928,8.241141999984393,prefix-restore,2,28,2,27,,,,,,,,,,,,,,,
adapter,baseline,direct-edit,30,late-warm,3,10.169842999996035,2.020300000003772,7.955783999947016,prefix-restore,2,28,2,27,,,,,,,,,,,,,,,
adapter,baseline,direct-edit,30,late-warm,4,10.640851999996812,2.0374960000044666,8.214606000066851,prefix-restore,2,28,2,27,,,,,,,,,,,,,,,
adapter,baseline,direct-edit,30,late-warm,5,10.331099000002723,2.223515999998199,7.93851700007508,prefix-restore,2,28,2,27,,,,,,,,,,,,,,,
adapter,baseline,direct-edit,30,late-warm,6,10.715286000006017,2.048714000004111,8.443536000064341,prefix-restore,2,28,2,27,,,,,,,,,,,,,,,
adapter,baseline,direct-edit,30,late-warm,7,13.08111500000814,3.9636369999934686,8.900092000025325,prefix-restore,2,28,2,27,,,,,,,,,,,,,,,
adapter,baseline,direct-edit,30,late-warm,8,10.744548999995459,2.279819999996107,8.23218999998062,prefix-restore,2,28,2,27,,,,,,,,,,,,,,,
adapter,baseline,direct-edit,30,late-warm,9,10.985221000009915,2.2226249999948777,8.487523000032525,prefix-restore,2,28,2,27,,,,,,,,,,,,,,,
adapter,baseline,direct-edit,30,late-warm,10,10.677318999994895,2.0417730000044685,8.398747999963234,prefix-restore,2,28,2,27,,,,,,,,,,,,,,,
adapter,baseline,direct-edit,30,late-warm,11,11.34297699999297,2.5269009999901755,8.61850099998992,prefix-restore,2,28,2,27,,,,,,,,,,,,,,,
adapter,baseline,direct-edit,30,late-warm,12,15.842227000001003,2.1961449999944307,13.383040999964578,prefix-restore,2,28,2,27,,,,,,,,,,,,,,,
adapter,baseline,direct-edit,30,late-warm,13,11.02909599999839,2.571407999988878,8.27293100002862,prefix-restore,2,28,2,27,,,,,,,,,,,,,,,
adapter,baseline,direct-edit,30,late-warm,14,11.735627000001841,2.303394999995362,9.178059999991092,prefix-restore,2,28,2,27,,,,,,,,,,,,,,,
adapter,baseline,direct-edit,30,late-warm,15,9.797959999996237,1.9983980000106385,7.638049000001047,prefix-restore,2,28,2,27,,,,,,,,,,,,,,,
adapter,baseline,direct-edit,30,late-warm,16,10.710974999994505,2.22043100000883,8.265063000042574,prefix-restore,2,28,2,27,,,,,,,,,,,,,,,
adapter,baseline,direct-edit,30,late-warm,17,12.93724500000826,2.159079000004567,10.59434899999178,prefix-restore,2,28,2,27,,,,,,,,,,,,,,,
adapter,baseline,direct-edit,30,late-warm,18,10.669095999997808,2.2338920000038343,8.167023999980302,prefix-restore,2,28,2,27,,,,,,,,,,,,,,,
adapter,baseline,direct-edit,30,late-warm,19,10.281684999994468,2.204747999989195,7.902887000032933,prefix-restore,2,28,2,27,,,,,,,,,,,,,,,
adapter,baseline,direct-edit,30,late-warm,20,9.739131000009365,2.1063799999974435,7.406553000022541,prefix-restore,2,28,2,27,,,,,,,,,,,,,,,
adapter,baseline,direct-edit,30,late-warm,21,11.089887999987695,2.544378000020515,8.330961000086972,prefix-restore,2,28,2,27,,,,,,,,,,,,,,,
adapter,baseline,direct-edit,30,late-warm,22,9.891039000009187,2.103384999994887,7.5653530000709,prefix-restore,2,28,2,27,,,,,,,,,,,,,,,
adapter,baseline,direct-edit,30,late-warm,23,10.153232000011485,2.022785000008298,7.939457999978913,prefix-restore,2,28,2,27,,,,,,,,,,,,,,,
adapter,baseline,direct-edit,30,late-warm,24,10.35290199998417,2.1769060000078753,7.940603999973973,prefix-restore,2,28,2,27,,,,,,,,,,,,,,,
adapter,baseline,direct-edit,30,late-warm,25,10.170167000003858,1.9875520000059623,7.948088000004645,prefix-restore,2,28,2,27,,,,,,,,,,,,,,,
adapter,baseline,direct-edit,30,late-warm,26,10.280413000000408,2.4470410000067204,7.58626199993887,prefix-restore,2,28,2,27,,,,,,,,,,,,,,,
adapter,baseline,direct-edit,30,late-warm,27,10.150198000017554,2.2644670000008773,7.721771000127774,prefix-restore,2,28,2,27,,,,,,,,,,,,,,,
adapter,baseline,direct-edit,30,late-warm,28,9.709866999997757,1.9527790000138339,7.55403399997158,prefix-restore,2,28,2,27,,,,,,,,,,,,,,,
adapter,baseline,direct-edit,30,late-warm,29,9.872030999977142,2.054673000006005,7.624370999954408,prefix-restore,2,28,2,27,,,,,,,,,,,,,,,
adapter,baseline,direct-edit,30,late-warm,30,10.449296000006143,2.118226999999024,8.104892000032123,prefix-restore,2,28,2,27,,,,,,,,,,,,,,,
adapter,baseline,direct-edit,100,cold,0,88.13557499999297,18.5382320000208,68.62482500020997,full-rebuild,100,0,99,0,,,,,,,,,,,,,,,
adapter,baseline,direct-edit,100,warm-repeat,0,37.95466200000374,5.623907999979565,31.752065999957267,prefix-restore,20,80,20,79,,,,,,,,,,,,,,,
adapter,baseline,direct-edit,100,operation-warmup,0,41.41913900000509,5.44777199998498,35.41974099987419,prefix-restore,20,80,20,79,,,,,,,,,,,,,,,
adapter,baseline,direct-edit,100,operation-warm,1,37.967451000004075,5.929735999990953,31.272506000008434,prefix-restore,20,80,20,79,,,,,,,,,,,,,,,
adapter,baseline,direct-edit,100,operation-warm,2,38.00441699998919,5.8097969999944326,31.661469000187935,prefix-restore,20,80,20,79,,,,,,,,,,,,,,,
adapter,baseline,direct-edit,100,operation-warm,3,37.94339500000933,5.869616000010865,31.599575999891385,prefix-restore,20,80,20,79,,,,,,,,,,,,,,,
adapter,baseline,direct-edit,100,operation-warm,4,39.48448399998597,5.941276000026846,33.06028699997114,prefix-restore,20,80,20,79,,,,,,,,,,,,,,,
adapter,baseline,direct-edit,100,operation-warm,5,38.797675999987405,5.931711999990512,32.33829200011678,prefix-restore,20,80,20,79,,,,,,,,,,,,,,,
adapter,baseline,direct-edit,100,operation-warm,6,43.57704499998363,5.933324000012362,37.13136599987047,prefix-restore,20,80,20,79,,,,,,,,,,,,,,,
adapter,baseline,direct-edit,100,operation-warm,7,39.98063499998534,6.31872999999905,33.08548500016332,prefix-restore,20,80,20,79,,,,,,,,,,,,,,,
adapter,baseline,direct-edit,100,operation-warm,8,42.68593099998543,6.042618000006769,36.16399500000989,prefix-restore,20,80,20,79,,,,,,,,,,,,,,,
adapter,baseline,direct-edit,100,operation-warm,9,38.71997999999439,6.3611540000129025,31.843625999899814,prefix-restore,20,80,20,79,,,,,,,,,,,,,,,
adapter,baseline,direct-edit,100,operation-warm,10,42.891098000021884,6.349635999999009,36.06925900001079,prefix-restore,20,80,20,79,,,,,,,,,,,,,,,
adapter,baseline,direct-edit,100,operation-warm,11,38.806351999985054,6.612829000019701,31.660830999928294,prefix-restore,20,80,20,79,,,,,,,,,,,,,,,
adapter,baseline,direct-edit,100,operation-warm,12,42.473311999987345,6.182204000011552,35.8330489997752,prefix-restore,20,80,20,79,,,,,,,,,,,,,,,
adapter,baseline,direct-edit,100,operation-warm,13,37.8008629999822,6.2766349999874365,31.035412999801338,prefix-restore,20,80,20,79,,,,,,,,,,,,,,,
adapter,baseline,direct-edit,100,operation-warm,14,41.95714700000826,6.059840000001714,35.44066199992085,prefix-restore,20,80,20,79,,,,,,,,,,,,,,,
adapter,baseline,direct-edit,100,operation-warm,15,38.09633599998779,6.206479999993462,31.24808199988911,prefix-restore,20,80,20,79,,,,,,,,,,,,,,,
adapter,baseline,direct-edit,100,operation-warm,16,40.97461400000611,6.264247000013711,34.260161000012886,prefix-restore,20,80,20,79,,,,,,,,,,,,,,,
adapter,baseline,direct-edit,100,operation-warm,17,38.12898499998846,6.534811999998055,31.103696000034688,prefix-restore,20,80,20,79,,,,,,,,,,,,,,,
adapter,baseline,direct-edit,100,operation-warm,18,40.22482000000309,7.4471210000046995,32.159657999902265,prefix-restore,20,80,20,79,,,,,,,,,,,,,,,
adapter,baseline,direct-edit,100,operation-warm,19,38.51624600001378,6.791728000011062,31.2378679998219,prefix-restore,20,80,20,79,,,,,,,,,,,,,,,
adapter,baseline,direct-edit,100,operation-warm,20,37.78077199999825,6.621882999985246,30.700392999948235,prefix-restore,20,80,20,79,,,,,,,,,,,,,,,
adapter,baseline,direct-edit,100,operation-warm,21,38.547924000013154,6.652979999984382,31.38547599990852,prefix-restore,20,80,20,79,,,,,,,,,,,,,,,
adapter,baseline,direct-edit,100,operation-warm,22,37.50872499999241,6.452710000012303,30.578879000182496,prefix-restore,20,80,20,79,,,,,,,,,,,,,,,
adapter,baseline,direct-edit,100,operation-warm,23,38.456987000012305,6.843985999992583,31.09747099984088,prefix-restore,20,80,20,79,,,,,,,,,,,,,,,
adapter,baseline,direct-edit,100,operation-warm,24,37.63699699999415,6.5030250000127126,30.64196300000185,prefix-restore,20,80,20,79,,,,,,,,,,,,,,,
adapter,baseline,direct-edit,100,operation-warm,25,90.95494699999108,19.680240999994567,70.53319299983559,full-rebuild,100,0,99,0,replay-budget,,,,,,,,,,,,,,
adapter,baseline,direct-edit,100,operation-warm,26,38.107434000005014,5.950926999998046,31.653817000071285,prefix-restore,20,80,20,79,,,,,,,,,,,,,,,
adapter,baseline,direct-edit,100,operation-warm,27,42.60208399998373,5.698998999985633,36.406555000081426,prefix-restore,20,80,20,79,,,,,,,,,,,,,,,
adapter,baseline,direct-edit,100,operation-warm,28,37.86003199999686,6.259649999992689,31.091078999947058,prefix-restore,20,80,20,79,,,,,,,,,,,,,,,
adapter,baseline,direct-edit,100,operation-warm,29,43.61189000000013,6.10820300001069,36.99354899994796,prefix-restore,20,80,20,79,,,,,,,,,,,,,,,
adapter,baseline,direct-edit,100,operation-warm,30,37.84519000002183,6.072248000011314,31.29180499992799,prefix-restore,20,80,20,79,,,,,,,,,,,,,,,
adapter,baseline,direct-edit,100,early-warmup,0,43.218198999995366,5.886098999995738,36.85175800003344,prefix-restore,20,80,20,79,,,,,,,,,,,,,,,
adapter,baseline,direct-edit,100,early-warm,1,85.94290799999726,18.55098800000269,66.55448999989312,full-rebuild,100,0,99,0,,,,,,,,,,,,,,,
adapter,baseline,direct-edit,100,early-warm,2,89.40569300000789,19.183396000007633,69.57014299964067,full-rebuild,100,0,99,0,,,,,,,,,,,,,,,
adapter,baseline,direct-edit,100,early-warm,3,88.7639799999888,18.683275999996113,69.39939099983894,full-rebuild,100,0,99,0,,,,,,,,,,,,,,,
adapter,baseline,direct-edit,100,early-warm,4,89.199603999994,18.81808799999999,69.66415100029553,full-rebuild,100,0,99,0,,,,,,,,,,,,,,,
adapter,baseline,direct-edit,100,early-warm,5,87.07199200001196,18.232408999989275,68.20513700006995,full-rebuild,100,0,99,0,,,,,,,,,,,,,,,
adapter,baseline,direct-edit,100,early-warm,6,94.03536800001166,21.93148800000199,71.39508600006229,full-rebuild,100,0,99,0,,,,,,,,,,,,,,,
adapter,baseline,direct-edit,100,early-warm,7,91.23008999999729,19.126831000001403,71.46335100012948,full-rebuild,100,0,99,0,,,,,,,,,,,,,,,
adapter,baseline,direct-edit,100,early-warm,8,90.81389499999932,19.18729100000928,70.98978900010115,full-rebuild,100,0,99,0,,,,,,,,,,,,,,,
adapter,baseline,direct-edit,100,early-warm,9,92.71156199998222,18.86482800001977,73.10302600014256,full-rebuild,100,0,99,0,,,,,,,,,,,,,,,
adapter,baseline,direct-edit,100,early-warm,10,90.22077499999432,19.810196999984328,69.70948399999179,full-rebuild,100,0,99,0,,,,,,,,,,,,,,,
adapter,baseline,direct-edit,100,early-warm,11,115.0053740000003,22.155182999995304,91.91557000015746,full-rebuild,100,0,99,0,,,,,,,,,,,,,,,
adapter,baseline,direct-edit,100,early-warm,12,101.80370099999709,20.74688199997763,80.18905399990035,full-rebuild,100,0,99,0,,,,,,,,,,,,,,,
adapter,baseline,direct-edit,100,early-warm,13,124.03310600001714,25.99044700001832,97.27628700004425,full-rebuild,100,0,99,0,,,,,,,,,,,,,,,
adapter,baseline,direct-edit,100,early-warm,14,101.38620400000946,21.185980000009295,79.42398499997216,full-rebuild,100,0,99,0,,,,,,,,,,,,,,,
adapter,baseline,direct-edit,100,early-warm,15,108.6180769999919,22.25816900000791,85.54940700015868,full-rebuild,100,0,99,0,,,,,,,,,,,,,,,
adapter,baseline,direct-edit,100,early-warm,16,91.7266140000138,18.85842900001444,72.22139099991182,full-rebuild,100,0,99,0,,,,,,,,,,,,,,,
adapter,baseline,direct-edit,100,early-warm,17,99.16770600000746,25.69313100000727,72.77524100011215,full-rebuild,100,0,99,0,,,,,,,,,,,,,,,
adapter,baseline,direct-edit,100,early-warm,18,129.17440600000555,32.21293099998729,94.35128200022154,full-rebuild,100,0,99,0,,,,,,,,,,,,,,,
adapter,baseline,direct-edit,100,early-warm,19,97.48255799998879,25.58896499997354,71.13427699983004,full-rebuild,100,0,99,0,,,,,,,,,,,,,,,
adapter,baseline,direct-edit,100,early-warm,20,126.81598499999382,36.703120999998646,89.26175699994201,full-rebuild,100,0,99,0,,,,,,,,,,,,,,,
adapter,baseline,direct-edit,100,early-warm,21,128.07706300000427,48.15768899998511,79.12053600003128,full-rebuild,100,0,99,0,,,,,,,,,,,,,,,
adapter,baseline,direct-edit,100,early-warm,22,116.11378600000171,31.97882000001846,83.31267199991271,full-rebuild,100,0,99,0,,,,,,,,,,,,,,,
adapter,baseline,direct-edit,100,early-warm,23,105.13494800002081,26.050527999992482,78.01659299983294,full-rebuild,100,0,99,0,,,,,,,,,,,,,,,
adapter,baseline,direct-edit,100,early-warm,24,93.36463199998252,24.97470400002203,67.7271250000631,full-rebuild,100,0,99,0,,,,,,,,,,,,,,,
adapter,baseline,direct-edit,100,early-warm,25,95.96098600002006,23.093139999982668,72.17010499996832,full-rebuild,100,0,99,0,,,,,,,,,,,,,,,
adapter,baseline,direct-edit,100,early-warm,26,100.72577400002046,29.38143300000229,70.58620999986306,full-rebuild,100,0,99,0,,,,,,,,,,,,,,,
adapter,baseline,direct-edit,100,early-warm,27,108.2668559999729,29.2492959999945,77.96138500008965,full-rebuild,100,0,99,0,,,,,,,,,,,,,,,
adapter,baseline,direct-edit,100,early-warm,28,122.9644430000044,43.61945100000594,77.99427500012098,full-rebuild,100,0,99,0,,,,,,,,,,,,,,,
adapter,baseline,direct-edit,100,early-warm,29,108.64571300000534,27.958608999993885,79.51732699997956,full-rebuild,100,0,99,0,,,,,,,,,,,,,,,
adapter,baseline,direct-edit,100,early-warm,30,103.14780599999358,29.253161000000546,73.11918900013552,full-rebuild,100,0,99,0,,,,,,,,,,,,,,,
adapter,baseline,direct-edit,100,late-warmup,0,47.90948100000969,5.975904000020819,41.307667999964906,prefix-restore,20,80,20,79,,,,,,,,,,,,,,,
adapter,baseline,direct-edit,100,late-warm,1,41.89200900000287,6.455373000004329,34.712495999905514,prefix-restore,20,80,20,79,,,,,,,,,,,,,,,
adapter,baseline,direct-edit,100,late-warm,2,39.81986099999631,5.859197999991011,33.41691100015305,prefix-restore,20,80,20,79,,,,,,,,,,,,,,,
adapter,baseline,direct-edit,100,late-warm,3,42.72330699997838,7.568812999990769,34.611522999883164,prefix-restore,20,80,20,79,,,,,,,,,,,,,,,
adapter,baseline,direct-edit,100,late-warm,4,39.68364800000563,6.011597000004258,33.17823199994746,prefix-restore,20,80,20,79,,,,,,,,,,,,,,,
adapter,baseline,direct-edit,100,late-warm,5,38.48227500001667,6.026299999997718,31.979055000003427,prefix-restore,20,80,20,79,,,,,,,,,,,,,,,
adapter,baseline,direct-edit,100,late-warm,6,46.85716300000786,6.507410999998683,39.82039899993106,prefix-restore,20,80,20,79,,,,,,,,,,,,,,,
adapter,baseline,direct-edit,100,late-warm,7,41.05801900001825,5.9232649999903515,34.56120299984468,prefix-restore,20,80,20,79,,,,,,,,,,,,,,,
adapter,baseline,direct-edit,100,late-warm,8,44.278630000015255,7.043074999994133,36.62382899981458,prefix-restore,20,80,20,79,,,,,,,,,,,,,,,
adapter,baseline,direct-edit,100,late-warm,9,40.31413300000713,6.420801999978721,33.05806300009135,prefix-restore,20,80,20,79,,,,,,,,,,,,,,,
adapter,baseline,direct-edit,100,late-warm,10,44.80575100000715,6.822684999991907,37.425129999930505,prefix-restore,20,80,20,79,,,,,,,,,,,,,,,
adapter,baseline,direct-edit,100,late-warm,11,40.718880000000354,6.410516999982065,33.73322200012626,prefix-restore,20,80,20,79,,,,,,,,,,,,,,,
adapter,baseline,direct-edit,100,late-warm,12,44.67617600000813,6.807801999995718,37.31463500010432,prefix-restore,20,80,20,79,,,,,,,,,,,,,,,
adapter,baseline,direct-edit,100,late-warm,13,41.07507500000065,7.0323889999999665,33.50512699995306,prefix-restore,20,80,20,79,,,,,,,,,,,,,,,
adapter,baseline,direct-edit,100,late-warm,14,46.30541000000085,6.382342999975663,39.38521600002423,prefix-restore,20,80,20,79,,,,,,,,,,,,,,,
adapter,baseline,direct-edit,100,late-warm,15,38.52830500001437,6.55582399998093,31.49825700002839,prefix-restore,20,80,20,79,,,,,,,,,,,,,,,
adapter,baseline,direct-edit,100,late-warm,16,44.20550999999978,6.337725999997929,37.36963299996569,prefix-restore,20,80,20,79,,,,,,,,,,,,,,,
adapter,baseline,direct-edit,100,late-warm,17,39.839240000001155,6.295463999995263,33.028415999695426,prefix-restore,20,80,20,79,,,,,,,,,,,,,,,
adapter,baseline,direct-edit,100,late-warm,18,46.71025699999882,6.365398000023561,39.84204900011537,prefix-restore,20,80,20,79,,,,,,,,,,,,,,,
adapter,baseline,direct-edit,100,late-warm,19,39.639601000002585,6.981723000004422,32.153714000218315,prefix-restore,20,80,20,79,,,,,,,,,,,,,,,
adapter,baseline,direct-edit,100,late-warm,20,42.94497000001138,6.59043599999859,35.88452400016831,prefix-restore,20,80,20,79,,,,,,,,,,,,,,,
adapter,baseline,direct-edit,100,late-warm,21,39.28192500001751,7.094152000005124,31.68477300007362,prefix-restore,20,80,20,79,,,,,,,,,,,,,,,
adapter,baseline,direct-edit,100,late-warm,22,44.85250000000815,6.346669999998994,38.015237999963574,prefix-restore,20,80,20,79,,,,,,,,,,,,,,,
adapter,baseline,direct-edit,100,late-warm,23,40.311470000015106,7.550956999999471,32.26537999990978,prefix-restore,20,80,20,79,,,,,,,,,,,,,,,
adapter,baseline,direct-edit,100,late-warm,24,43.661684999999125,7.757406999997329,35.296847000019625,prefix-restore,20,80,20,79,,,,,,,,,,,,,,,
adapter,baseline,direct-edit,100,late-warm,25,41.84749399998691,6.674903000006452,34.60894799983362,prefix-restore,20,80,20,79,,,,,,,,,,,,,,,
adapter,baseline,direct-edit,100,late-warm,26,96.00929899999755,21.883637000020826,73.44292799991672,full-rebuild,100,0,99,0,replay-budget,,,,,,,,,,,,,,
adapter,baseline,direct-edit,100,late-warm,27,41.85467400000198,5.938828000013018,35.25875999985146,prefix-restore,20,80,20,79,,,,,,,,,,,,,,,
adapter,baseline,direct-edit,100,late-warm,28,41.226671999989776,6.364827999990666,34.32449799994356,prefix-restore,20,80,20,79,,,,,,,,,,,,,,,
adapter,baseline,direct-edit,100,late-warm,29,44.60923500001081,5.8313579999958165,38.275771999993594,prefix-restore,20,80,20,79,,,,,,,,,,,,,,,
adapter,baseline,direct-edit,100,late-warm,30,41.12253600000986,6.012659999978496,34.595125999941956,prefix-restore,20,80,20,79,,,,,,,,,,,,,,,
adapter,candidate,extrude,30,cold,0,111.89516800000013,36.93886199999997,72.42748299999971,full-rebuild,30,0,29,0,,,,,,,,,,,,,,,
adapter,candidate,extrude,30,warm-repeat,0,16.840944000000036,2.960008000000016,13.284349999999904,independent-reuse,1,28,1,28,,1,,,,,,,,,,,,,
adapter,candidate,extrude,30,operation-warmup,0,10.439474000000018,1.3940999999999804,8.73604800000021,independent-reuse,1,28,1,28,,1,,,,,,,,,,,,,
adapter,candidate,extrude,30,operation-warm,1,10.635458999999855,1.2622519999999895,9.005712000000585,independent-reuse,1,28,1,28,,1,,,,,,,,,,,,,
adapter,candidate,extrude,30,operation-warm,2,13.61878200000001,2.1511460000001534,10.955577999999377,independent-reuse,1,28,1,28,,1,,,,,,,,,,,,,
adapter,candidate,extrude,30,operation-warm,3,13.137140000000045,1.6816220000000612,11.048557000000073,independent-reuse,1,28,1,28,,1,,,,,,,,,,,,,
adapter,candidate,extrude,30,operation-warm,4,9.767556999999897,1.1369449999999688,8.288138000000117,independent-reuse,1,28,1,28,,1,,,,,,,,,,,,,
adapter,candidate,extrude,30,operation-warm,5,10.096709999999803,1.077846000000136,8.729558999999881,independent-reuse,1,28,1,28,,1,,,,,,,,,,,,,
adapter,candidate,extrude,30,operation-warm,6,10.467237000000068,1.170554999999922,8.945492999999487,independent-reuse,1,28,1,28,,1,,,,,,,,,,,,,
adapter,candidate,extrude,30,operation-warm,7,9.470812000000024,0.9699050000001534,8.261842000000115,independent-reuse,1,28,1,28,,1,,,,,,,,,,,,,
adapter,candidate,extrude,30,operation-warm,8,12.354978000000074,1.085418000000118,10.882910000000265,independent-reuse,1,28,1,28,,1,,,,,,,,,,,,,
adapter,candidate,extrude,30,operation-warm,9,9.622990000000073,0.9373359999999593,8.440671000000293,independent-reuse,1,28,1,28,,1,,,,,,,,,,,,,
adapter,candidate,extrude,30,operation-warm,10,9.309312999999975,0.9138520000001336,8.133833000000322,independent-reuse,1,28,1,28,,1,,,,,,,,,,,,,
adapter,candidate,extrude,30,operation-warm,11,10.051979999999958,0.9463610000000244,8.830690999999433,independent-reuse,1,28,1,28,,1,,,,,,,,,,,,,
adapter,candidate,extrude,30,operation-warm,12,11.015825999999834,1.3936270000001514,9.339741000000458,independent-reuse,1,28,1,28,,1,,,,,,,,,,,,,
adapter,candidate,extrude,30,operation-warm,13,12.829609000000119,1.1901229999998577,11.359612999999626,independent-reuse,1,28,1,28,,1,,,,,,,,,,,,,
adapter,candidate,extrude,30,operation-warm,14,9.256003999999848,0.9792990000000827,8.037982000000056,independent-reuse,1,28,1,28,,1,,,,,,,,,,,,,
adapter,candidate,extrude,30,operation-warm,15,10.951321000000007,1.2554210000000694,9.41849600000046,independent-reuse,1,28,1,28,,1,,,,,,,,,,,,,
adapter,candidate,extrude,30,operation-warm,16,9.168844000000036,0.9090850000000046,7.964458999999806,independent-reuse,1,28,1,28,,1,,,,,,,,,,,,,
adapter,candidate,extrude,30,operation-warm,17,9.194913000000042,0.9350939999999355,8.075982000000295,independent-reuse,1,28,1,28,,1,,,,,,,,,,,,,
adapter,candidate,extrude,30,operation-warm,18,12.711772999999994,1.0748410000001059,11.432430000000522,independent-reuse,1,28,1,28,,1,,,,,,,,,,,,,
adapter,candidate,extrude,30,operation-warm,19,8.926672999999937,0.9030859999998029,7.847481000000016,independent-reuse,1,28,1,28,,1,,,,,,,,,,,,,
adapter,candidate,extrude,30,operation-warm,20,9.661517999999887,1.0204100000000835,8.448500999999396,independent-reuse,1,28,1,28,,1,,,,,,,,,,,,,
adapter,candidate,extrude,30,operation-warm,21,9.167791999999963,0.9744019999998272,8.004538999999568,independent-reuse,1,28,1,28,,1,,,,,,,,,,,,,
adapter,candidate,extrude,30,operation-warm,22,9.771542000000409,0.9787589999996271,8.590323000001717,independent-reuse,1,28,1,28,,1,,,,,,,,,,,,,
adapter,candidate,extrude,30,operation-warm,23,9.242103000000043,1.0000900000000001,8.034724000001006,independent-reuse,1,28,1,28,,1,,,,,,,,,,,,,
adapter,candidate,extrude,30,operation-warm,24,9.032470999999987,0.8982280000000173,7.961796000000049,independent-reuse,1,28,1,28,,1,,,,,,,,,,,,,
adapter,candidate,extrude,30,operation-warm,25,9.464555000000018,0.9803710000001047,8.2884710000003,independent-reuse,1,28,1,28,,1,,,,,,,,,,,,,
adapter,candidate,extrude,30,operation-warm,26,9.061294000000089,0.9315979999996671,7.940612000000783,independent-reuse,1,28,1,28,,1,,,,,,,,,,,,,
adapter,candidate,extrude,30,operation-warm,27,9.649801000000025,0.9450579999997899,8.503842000000532,independent-reuse,1,28,1,28,,1,,,,,,,,,,,,,
adapter,candidate,extrude,30,operation-warm,28,9.001173999999992,0.9191399999999703,7.893317000000479,independent-reuse,1,28,1,28,,1,,,,,,,,,,,,,
adapter,candidate,extrude,30,operation-warm,29,9.078269000000091,0.973070000000007,7.9173280000004524,independent-reuse,1,28,1,28,,1,,,,,,,,,,,,,
adapter,candidate,extrude,30,operation-warm,30,9.946992999999566,1.2434330000000955,8.494519999999739,independent-reuse,1,28,1,28,,1,,,,,,,,,,,,,
adapter,candidate,extrude,30,early-warmup,0,9.764610999999604,1.093539999999848,8.496972000002188,independent-reuse,1,28,1,28,,1,,,,,,,,,,,,,
adapter,candidate,extrude,30,early-warm,1,11.659595999999965,2.3108430000002045,9.121491999998852,independent-reuse,3,0,2,27,,27,,,,,,,,,,,,,
adapter,candidate,extrude,30,early-warm,2,11.211127000000033,1.8679839999999786,9.129563999999846,independent-reuse,3,0,2,27,,27,,,,,,,,,,,,,
adapter,candidate,extrude,30,early-warm,3,11.250385999999708,1.8709280000002764,9.187409000001026,independent-reuse,3,0,2,27,,27,,,,,,,,,,,,,
adapter,candidate,extrude,30,early-warm,4,10.427559000000201,1.7752049999999144,8.452350000000934,independent-reuse,3,0,2,27,,27,,,,,,,,,,,,,
adapter,candidate,extrude,30,early-warm,5,10.749670000000151,1.8383490000001075,8.694548999999824,independent-reuse,3,0,2,27,,27,,,,,,,,,,,,,
adapter,candidate,extrude,30,early-warm,6,10.466597999999976,1.7641489999996338,8.514436999999816,independent-reuse,3,0,2,27,,27,,,,,,,,,,,,,
adapter,candidate,extrude,30,early-warm,7,10.286839999999756,1.6750959999999395,8.41890999999805,independent-reuse,3,0,2,27,,27,,,,,,,,,,,,,
adapter,candidate,extrude,30,early-warm,8,10.48304300000018,1.7903580000001966,8.48579799999925,independent-reuse,3,0,2,27,,27,,,,,,,,,,,,,
adapter,candidate,extrude,30,early-warm,9,10.337665000000015,1.71244200000001,8.44197099999883,independent-reuse,3,0,2,27,,27,,,,,,,,,,,,,
adapter,candidate,extrude,30,early-warm,10,13.485646999999972,4.434608000000026,8.849005999999008,independent-reuse,3,0,2,27,,27,,,,,,,,,,,,,
adapter,candidate,extrude,30,early-warm,11,10.68244999999979,1.5361790000001747,8.955680999999458,independent-reuse,3,0,2,27,,27,,,,,,,,,,,,,
adapter,candidate,extrude,30,early-warm,12,10.246749999999793,1.562558000000081,8.490493999999217,independent-reuse,3,0,2,27,,27,,,,,,,,,,,,,
adapter,candidate,extrude,30,early-warm,13,10.407889999999952,1.6472250000001623,8.575179000000844,independent-reuse,3,0,2,27,,27,,,,,,,,,,,,,
adapter,candidate,extrude,30,early-warm,14,10.832883000000038,1.9904859999996916,8.636583000001792,independent-reuse,3,0,2,27,,27,,,,,,,,,,,,,
adapter,candidate,extrude,30,early-warm,15,11.324085000000196,2.0348220000000765,9.083479000000352,independent-reuse,3,0,2,27,,27,,,,,,,,,,,,,
adapter,candidate,extrude,30,early-warm,16,10.988295999999991,1.6276559999996607,9.15801699999929,independent-reuse,3,0,2,27,,27,,,,,,,,,,,,,
adapter,candidate,extrude,30,early-warm,17,11.201884000000064,1.9503070000000662,9.027756999999838,independent-reuse,3,0,2,27,,27,,,,,,,,,,,,,
adapter,candidate,extrude,30,early-warm,18,10.97630700000036,2.033621000000039,8.713776000000507,independent-reuse,3,0,2,27,,27,,,,,,,,,,,,,
adapter,candidate,extrude,30,early-warm,19,10.62972099999979,1.9860690000000432,8.434161000000586,independent-reuse,3,0,2,27,,27,,,,,,,,,,,,,
adapter,candidate,extrude,30,early-warm,20,11.857200000000375,1.7222470000001522,9.910370000001876,independent-reuse,3,0,2,27,,27,,,,,,,,,,,,,
adapter,candidate,extrude,30,early-warm,21,10.762729000000036,2.0288439999999355,8.545264000000316,independent-reuse,3,0,2,27,,27,,,,,,,,,,,,,
adapter,candidate,extrude,30,early-warm,22,14.599767000000156,5.061522999999852,9.333110000000488,independent-reuse,3,0,2,27,,27,,,,,,,,,,,,,
adapter,candidate,extrude,30,early-warm,23,10.483893999999964,1.6816570000000866,8.60774800000172,independent-reuse,3,0,2,27,,27,,,,,,,,,,,,,
adapter,candidate,extrude,30,early-warm,24,10.792303000000175,1.873653000000104,8.722850000001472,independent-reuse,3,0,2,27,,27,,,,,,,,,,,,,
adapter,candidate,extrude,30,early-warm,25,10.870028999999704,1.9073630000002595,8.759162999999262,independent-reuse,3,0,2,27,,27,,,,,,,,,,,,,
adapter,candidate,extrude,30,early-warm,26,10.26390500000025,1.611562000000049,8.441888999998355,independent-reuse,3,0,2,27,,27,,,,,,,,,,,,,
adapter,candidate,extrude,30,early-warm,27,11.228654000000006,1.748004999999921,9.231737000000521,independent-reuse,3,0,2,27,,27,,,,,,,,,,,,,
adapter,candidate,extrude,30,early-warm,28,10.35303900000008,1.6751970000000256,8.487285999999585,independent-reuse,3,0,2,27,,27,,,,,,,,,,,,,
adapter,candidate,extrude,30,early-warm,29,10.925913000000037,1.8453599999998005,8.798362999999426,independent-reuse,3,0,2,27,,27,,,,,,,,,,,,,
adapter,candidate,extrude,30,early-warm,30,10.377526000000216,1.7132339999998294,8.405723000001217,independent-reuse,3,0,2,27,,27,,,,,,,,,,,,,
adapter,candidate,extrude,30,late-warmup,0,9.112439999999879,0.9859189999997398,7.965441999999712,independent-reuse,1,28,1,28,,1,,,,,,,,,,,,,
adapter,candidate,extrude,30,late-warm,1,14.733265000000301,4.552353999999923,9.941845999998804,prefix-restore,2,28,2,27,,,,,,,,,,,,,,,
adapter,candidate,extrude,30,late-warm,2,12.059702000000016,2.782165999999961,9.020131999999194,prefix-restore,2,28,2,27,,,,,,,,,,,,,,,
adapter,candidate,extrude,30,late-warm,3,11.915376999999808,2.8622159999999894,8.82844599999953,prefix-restore,2,28,2,27,,,,,,,,,,,,,,,
adapter,candidate,extrude,30,late-warm,4,14.515992000000097,2.334249,11.942914000000656,prefix-restore,2,28,2,27,,,,,,,,,,,,,,,
adapter,candidate,extrude,30,late-warm,5,12.315432999999757,2.597631000000092,9.510792000000947,prefix-restore,2,28,2,27,,,,,,,,,,,,,,,
adapter,candidate,extrude,30,late-warm,6,10.704823000000033,2.2746699999997873,8.24383299999954,prefix-restore,2,28,2,27,,,,,,,,,,,,,,,
adapter,candidate,extrude,30,late-warm,7,11.70661599999994,2.2638929999998254,9.23339200000055,prefix-restore,2,28,2,27,,,,,,,,,,,,,,,
adapter,candidate,extrude,30,late-warm,8,14.914896999999655,2.4139479999994364,12.282693000000108,prefix-restore,2,28,2,27,,,,,,,,,,,,,,,
adapter,candidate,extrude,30,late-warm,9,20.142888000000312,2.5219090000000506,17.397147999999106,prefix-restore,2,28,2,27,,,,,,,,,,,,,,,
adapter,candidate,extrude,30,late-warm,10,12.636641000000054,2.1579359999996086,10.198199999999815,prefix-restore,2,28,2,27,,,,,,,,,,,,,,,
adapter,candidate,extrude,30,late-warm,11,12.119470999999976,2.643119000000297,9.270464999999604,prefix-restore,2,28,2,27,,,,,,,,,,,,,,,
adapter,candidate,extrude,30,late-warm,12,12.180562999999893,2.9583590000002005,8.969224999999824,prefix-restore,2,28,2,27,,,,,,,,,,,,,,,
adapter,candidate,extrude,30,late-warm,13,11.215264000000388,2.2281510000002527,8.797219999997651,prefix-restore,2,28,2,27,,,,,,,,,,,,,,,
adapter,candidate,extrude,30,late-warm,14,12.040923999999904,2.325796000000082,9.468603000002076,prefix-restore,2,28,2,27,,,,,,,,,,,,,,,
adapter,candidate,extrude,30,late-warm,15,12.376592999999957,2.518503000000237,9.61072399999739,prefix-restore,2,28,2,27,,,,,,,,,,,,,,,
adapter,candidate,extrude,30,late-warm,16,13.129735999999866,2.4515330000003814,10.469522999997935,prefix-restore,2,28,2,27,,,,,,,,,,,,,,,
adapter,candidate,extrude,30,late-warm,17,12.002456999999595,2.2795470000000932,9.483621999996103,prefix-restore,2,28,2,27,,,,,,,,,,,,,,,
adapter,candidate,extrude,30,late-warm,18,14.591936000000715,2.201781000000665,12.170906000000286,prefix-restore,2,28,2,27,,,,,,,,,,,,,,,
adapter,candidate,extrude,30,late-warm,19,11.8068659999999,2.4439620000002833,9.173792000001413,prefix-restore,2,28,2,27,,,,,,,,,,,,,,,
adapter,candidate,extrude,30,late-warm,20,12.210116000000198,2.6583410000002914,9.133249999998043,prefix-restore,2,28,2,27,,,,,,,,,,,,,,,
adapter,candidate,extrude,30,late-warm,21,10.948466000000735,2.335621000000174,8.428181000002041,prefix-restore,2,28,2,27,,,,,,,,,,,,,,,
adapter,candidate,extrude,30,late-warm,22,12.14676099999997,2.6572400000004563,9.252059000000372,prefix-restore,2,28,2,27,,,,,,,,,,,,,,,
adapter,candidate,extrude,30,late-warm,23,11.292529000000286,2.1323080000001937,8.935586000000512,prefix-restore,2,28,2,27,,,,,,,,,,,,,,,
adapter,candidate,extrude,30,late-warm,24,10.751451999999517,2.181100000000697,8.364627000002656,prefix-restore,2,28,2,27,,,,,,,,,,,,,,,
adapter,candidate,extrude,30,late-warm,25,11.856620000000476,2.391743999999562,9.25955100000283,prefix-restore,2,28,2,27,,,,,,,,,,,,,,,
adapter,candidate,extrude,30,late-warm,26,11.441420999999536,2.797599000000446,8.45556399999623,prefix-restore,2,28,2,27,,,,,,,,,,,,,,,
adapter,candidate,extrude,30,late-warm,27,11.86255699999947,2.3803680000000895,9.253811999996287,prefix-restore,2,28,2,27,,,,,,,,,,,,,,,
adapter,candidate,extrude,30,late-warm,28,11.013633000000482,2.2884400000002643,8.50978700000087,prefix-restore,2,28,2,27,,,,,,,,,,,,,,,
adapter,candidate,extrude,30,late-warm,29,11.73944500000016,2.5491589999992357,8.999708999998802,prefix-restore,2,28,2,27,,,,,,,,,,,,,,,
adapter,candidate,extrude,30,late-warm,30,12.604554000000462,2.67808100000002,9.724429000000782,prefix-restore,2,28,2,27,,,,,,,,,,,,,,,
adapter,candidate,extrude,100,cold,0,97.81315499999982,23.803121999999348,72.49512199999481,full-rebuild,100,0,99,0,,,,,,,,,,,,,,,
adapter,candidate,extrude,100,warm-repeat,0,29.78827199999978,1.7851099999998041,26.972191000002567,independent-reuse,1,80,1,98,,19,,,,,,,,,,,,,
adapter,candidate,extrude,100,operation-warmup,0,39.093417999999474,1.8080849999996644,36.29034799999954,independent-reuse,1,80,1,98,,19,,,,,,,,,,,,,
adapter,candidate,extrude,100,operation-warm,1,26.542365000000245,1.5317230000000563,24.199280999999246,independent-reuse,1,80,1,98,,19,,,,,,,,,,,,,
adapter,candidate,extrude,100,operation-warm,2,27.855498999999327,1.8232439999992494,25.188179999998283,independent-reuse,1,80,1,98,,19,,,,,,,,,,,,,
adapter,candidate,extrude,100,operation-warm,3,32.48371000000043,1.8486119999997754,29.835394999998243,independent-reuse,1,80,1,98,,19,,,,,,,,,,,,,
adapter,candidate,extrude,100,operation-warm,4,32.715352000000166,1.9093029999994542,30.07617399999799,independent-reuse,1,80,1,98,,19,,,,,,,,,,,,,
adapter,candidate,extrude,100,operation-warm,5,25.99846499999967,1.802161999999953,23.6509930000002,independent-reuse,1,80,1,98,,19,,,,,,,,,,,,,
adapter,candidate,extrude,100,operation-warm,6,27.213305999999648,2.2991779999993014,24.23193000000174,independent-reuse,1,80,1,98,,19,,,,,,,,,,,,,
adapter,candidate,extrude,100,operation-warm,7,26.98323100000016,1.8190480000002935,24.601237999998375,independent-reuse,1,80,1,98,,19,,,,,,,,,,,,,
adapter,candidate,extrude,100,operation-warm,8,34.06091500000002,1.832086999999774,31.514051000001018,independent-reuse,1,80,1,98,,19,,,,,,,,,,,,,
adapter,candidate,extrude,100,operation-warm,9,29.610541000000012,1.955101999999897,26.85374799999863,independent-reuse,1,80,1,98,,19,,,,,,,,,,,,,
adapter,candidate,extrude,100,operation-warm,10,27.90158800000063,1.9433930000004693,24.36138099999698,independent-reuse,1,80,1,98,,19,,,,,,,,,,,,,
adapter,candidate,extrude,100,operation-warm,11,26.062910999999986,1.6763529999998354,23.836347000000387,independent-reuse,1,80,1,98,,19,,,,,,,,,,,,,
adapter,candidate,extrude,100,operation-warm,12,28.28809799999999,2.5768340000004173,24.98816699999861,independent-reuse,1,80,1,98,,19,,,,,,,,,,,,,
adapter,candidate,extrude,100,operation-warm,13,32.717930000000706,2.1534590000001117,29.91605900000468,independent-reuse,1,80,1,98,,19,,,,,,,,,,,,,
adapter,candidate,extrude,100,operation-warm,14,28.205995000000257,2.354961000000003,25.112527000002956,independent-reuse,1,80,1,98,,19,,,,,,,,,,,,,
adapter,candidate,extrude,100,operation-warm,15,27.13424799999939,1.7703440000004775,24.752912999999353,independent-reuse,1,80,1,98,,19,,,,,,,,,,,,,
adapter,candidate,extrude,100,operation-warm,16,38.498247999999876,7.8954899999998815,29.633968999998615,independent-reuse,1,80,1,98,,19,,,,,,,,,,,,,
adapter,candidate,extrude,100,operation-warm,17,30.844229999999698,2.188691999999719,27.918116000004375,independent-reuse,1,80,1,98,,19,,,,,,,,,,,,,
adapter,candidate,extrude,100,operation-warm,18,31.63118100000065,2.1404890000003434,28.56298700000025,independent-reuse,1,80,1,98,,19,,,,,,,,,,,,,
adapter,candidate,extrude,100,operation-warm,19,33.419261999999435,1.7729990000007092,28.999018000011347,independent-reuse,1,80,1,98,,19,,,,,,,,,,,,,
adapter,candidate,extrude,100,operation-warm,20,29.19154300000082,1.8320579999999609,26.58176300001287,independent-reuse,1,80,1,98,,19,,,,,,,,,,,,,
adapter,candidate,extrude,100,operation-warm,21,32.02181700000074,1.9217220000009547,29.533360000006724,independent-reuse,1,80,1,98,,19,,,,,,,,,,,,,
adapter,candidate,extrude,100,operation-warm,22,28.215509000001475,1.9020319999999629,25.61191699999108,independent-reuse,1,80,1,98,,19,,,,,,,,,,,,,
adapter,candidate,extrude,100,operation-warm,23,29.386334999999235,2.2563630000004196,26.450417999985802,independent-reuse,1,80,1,98,,19,,,,,,,,,,,,,
adapter,candidate,extrude,100,operation-warm,24,33.25824999999895,6.908728999998857,25.57495700000254,independent-reuse,1,80,1,98,,19,,,,,,,,,,,,,
adapter,candidate,extrude,100,operation-warm,25,28.526686000001064,2.5231839999996737,25.312009000001126,independent-reuse,1,80,1,98,,19,,,,,,,,,,,,,
adapter,candidate,extrude,100,operation-warm,26,28.291011999999682,1.8292430000001332,25.76670399998511,independent-reuse,1,80,1,98,,19,,,,,,,,,,,,,
adapter,candidate,extrude,100,operation-warm,27,27.564978000000337,1.865858000001026,25.130572999991273,independent-reuse,1,80,1,98,,19,,,,,,,,,,,,,
adapter,candidate,extrude,100,operation-warm,28,27.215371000000232,1.998739000000569,24.477231000004394,independent-reuse,1,80,1,98,,19,,,,,,,,,,,,,
adapter,candidate,extrude,100,operation-warm,29,33.13807999999881,2.0468610000007175,30.3756029999804,independent-reuse,1,80,1,98,,19,,,,,,,,,,,,,
adapter,candidate,extrude,100,operation-warm,30,27.677882999998474,2.053181000001132,24.9567779999943,independent-reuse,1,80,1,98,,19,,,,,,,,,,,,,
adapter,candidate,extrude,100,early-warmup,0,28.166854000000967,2.0250079999987065,25.39624499999445,independent-reuse,1,80,1,98,,19,,,,,,,,,,,,,
adapter,candidate,extrude,100,early-warm,1,38.66265199999907,3.7141840000003867,34.14741099999992,independent-reuse,3,0,2,97,,97,,,,,,,,,,,,,
adapter,candidate,extrude,100,early-warm,2,28.681013999999777,2.864965000000666,25.117990999999165,independent-reuse,3,0,2,97,,97,,,,,,,,,,,,,
adapter,candidate,extrude,100,early-warm,3,43.03482999999869,3.957759000000806,38.21846299999197,independent-reuse,3,0,2,97,,97,,,,,,,,,,,,,
adapter,candidate,extrude,100,early-warm,4,33.48843300000044,3.0925849999985076,29.556400999999823,independent-reuse,3,0,2,97,,97,,,,,,,,,,,,,
adapter,candidate,extrude,100,early-warm,5,30.989916999998968,2.7995169999994687,27.592130999999426,independent-reuse,3,0,2,97,,97,,,,,,,,,,,,,
adapter,candidate,extrude,100,early-warm,6,34.26462400000128,3.8374490000005608,29.709580999997343,independent-reuse,3,0,2,97,,97,,,,,,,,,,,,,
adapter,candidate,extrude,100,early-warm,7,28.48115500000131,2.850633000000016,25.062034999997195,independent-reuse,3,0,2,97,,97,,,,,,,,,,,,,
adapter,candidate,extrude,100,early-warm,8,33.754721000001155,7.422610999999961,25.63026099999479,independent-reuse,3,0,2,97,,97,,,,,,,,,,,,,
adapter,candidate,extrude,100,early-warm,9,29.520118999998886,3.0221390000006068,25.916431999998167,independent-reuse,3,0,2,97,,97,,,,,,,,,,,,,
adapter,candidate,extrude,100,early-warm,10,34.87905300000057,3.1852339999986725,30.900244999995266,independent-reuse,3,0,2,97,,97,,,,,,,,,,,,,
adapter,candidate,extrude,100,early-warm,11,29.741479999998774,3.081137999999555,26.009251999999833,independent-reuse,3,0,2,97,,97,,,,,,,,,,,,,
adapter,candidate,extrude,100,early-warm,12,31.842140999999174,3.8478439999998955,27.059083000007377,independent-reuse,3,0,2,97,,97,,,,,,,,,,,,,
adapter,candidate,extrude,100,early-warm,13,30.17692100000022,3.355547999999544,26.242097000002104,independent-reuse,3,0,2,97,,97,,,,,,,,,,,,,
adapter,candidate,extrude,100,early-warm,14,32.649037999999564,3.1209469999994326,28.743295000003855,independent-reuse,3,0,2,97,,97,,,,,,,,,,,,,
adapter,candidate,extrude,100,early-warm,15,33.75993899999958,2.8502730000000156,30.313104999984716,independent-reuse,3,0,2,97,,97,,,,,,,,,,,,,
adapter,candidate,extrude,100,early-warm,16,30.41167200000018,3.5635590000001685,25.943682000004628,independent-reuse,3,0,2,97,,97,,,,,,,,,,,,,
adapter,candidate,extrude,100,early-warm,17,34.080127999999604,2.9078690000005736,30.61156999999548,independent-reuse,3,0,2,97,,97,,,,,,,,,,,,,
adapter,candidate,extrude,100,early-warm,18,31.585837999999058,3.999431000000186,26.80451300000641,independent-reuse,3,0,2,97,,97,,,,,,,,,,,,,
adapter,candidate,extrude,100,early-warm,19,28.048297000001185,2.628971999998612,24.885738999997557,independent-reuse,3,0,2,97,,97,,,,,,,,,,,,,
adapter,candidate,extrude,100,early-warm,20,28.607443999999305,2.91739299999972,25.029481000008673,independent-reuse,3,0,2,97,,97,,,,,,,,,,,,,
adapter,candidate,extrude,100,early-warm,21,28.56942700000036,2.8969320000014704,25.09961299999304,independent-reuse,3,0,2,97,,97,,,,,,,,,,,,,
adapter,candidate,extrude,100,early-warm,22,36.093338999999105,7.108801000000312,28.27976699998544,independent-reuse,3,0,2,97,,97,,,,,,,,,,,,,
adapter,candidate,extrude,100,early-warm,23,29.49567300000126,2.8634019999990414,26.127126000006683,independent-reuse,3,0,2,97,,97,,,,,,,,,,,,,
adapter,candidate,extrude,100,early-warm,24,35.71888899999976,2.9881789999999455,32.002341999992495,independent-reuse,3,0,2,97,,97,,,,,,,,,,,,,
adapter,candidate,extrude,100,early-warm,25,28.644398000000365,2.5279310000005353,25.572198999991087,independent-reuse,3,0,2,97,,97,,,,,,,,,,,,,
adapter,candidate,extrude,100,early-warm,26,31.403615000001082,3.047608000000764,27.577224000006026,independent-reuse,3,0,2,97,,97,,,,,,,,,,,,,
adapter,candidate,extrude,100,early-warm,27,29.285938000000897,3.025074000001041,25.734778999998525,independent-reuse,3,0,2,97,,97,,,,,,,,,,,,,
adapter,candidate,extrude,100,early-warm,28,29.851535000001604,3.047776999999769,26.087705000001733,independent-reuse,3,0,2,97,,97,,,,,,,,,,,,,
adapter,candidate,extrude,100,early-warm,29,35.66690100000051,8.497247999999672,26.594436000003043,independent-reuse,3,0,2,97,,97,,,,,,,,,,,,,
adapter,candidate,extrude,100,early-warm,30,31.474240999999893,3.259043999998539,27.33531099999891,independent-reuse,3,0,2,97,,97,,,,,,,,,,,,,
adapter,candidate,extrude,100,late-warmup,0,36.75710199999958,1.8310789999995905,34.27964899999097,independent-reuse,1,80,1,98,,19,,,,,,,,,,,,,
adapter,candidate,extrude,100,late-warm,1,34.6170519999996,2.127320999999938,31.56010600000809,independent-reuse,2,80,2,97,,18,,,,,,,,,,,,,
adapter,candidate,extrude,100,late-warm,2,35.42133399999875,5.319014000000607,29.377381999989666,independent-reuse,2,80,2,97,,18,,,,,,,,,,,,,
adapter,candidate,extrude,100,late-warm,3,32.455527999998594,2.0159829999993235,29.892327999998088,independent-reuse,2,80,2,97,,18,,,,,,,,,,,,,
adapter,candidate,extrude,100,late-warm,4,27.911455000001297,2.4207900000001246,24.774357000002055,independent-reuse,2,80,2,97,,18,,,,,,,,,,,,,
adapter,candidate,extrude,100,late-warm,5,27.63404999999875,2.473098000000391,24.600547000005463,independent-reuse,2,80,2,97,,18,,,,,,,,,,,,,
adapter,candidate,extrude,100,late-warm,6,31.749971000001096,2.0093630000010307,29.05445900000268,independent-reuse,2,80,2,97,,18,,,,,,,,,,,,,
adapter,candidate,extrude,100,late-warm,7,27.39145599999938,1.930184000000736,24.948284000001877,independent-reuse,2,80,2,97,,18,,,,,,,,,,,,,
adapter,candidate,extrude,100,late-warm,8,26.662873999999647,2.028340000000753,23.891157999994903,independent-reuse,2,80,2,97,,18,,,,,,,,,,,,,
adapter,candidate,extrude,100,late-warm,9,27.40696900000148,1.8754709999993793,25.020073000001503,independent-reuse,2,80,2,97,,18,,,,,,,,,,,,,
adapter,candidate,extrude,100,late-warm,10,27.046048000000155,2.087428999999247,24.241269000007378,independent-reuse,2,80,2,97,,18,,,,,,,,,,,,,
adapter,candidate,extrude,100,late-warm,11,32.3837910000002,1.8603389999989304,30.00734000000557,independent-reuse,2,80,2,97,,18,,,,,,,,,,,,,
adapter,candidate,extrude,100,late-warm,12,27.986457999999402,2.9624609999991662,24.338607999998203,independent-reuse,2,80,2,97,,18,,,,,,,,,,,,,
adapter,candidate,extrude,100,late-warm,13,30.871344000002864,2.0761229999989155,28.275712999988173,independent-reuse,2,80,2,97,,18,,,,,,,,,,,,,
adapter,candidate,extrude,100,late-warm,14,27.756422999998904,2.637103000000934,24.462799000000814,independent-reuse,2,80,2,97,,18,,,,,,,,,,,,,
adapter,candidate,extrude,100,late-warm,15,26.68296399999963,1.8957119999977294,24.202608000006876,independent-reuse,2,80,2,97,,18,,,,,,,,,,,,,
adapter,candidate,extrude,100,late-warm,16,32.25752199999988,2.2150999999976193,29.3724809999876,independent-reuse,2,80,2,97,,18,,,,,,,,,,,,,
adapter,candidate,extrude,100,late-warm,17,26.98663899999883,1.890454000000318,24.49783799999568,independent-reuse,2,80,2,97,,18,,,,,,,,,,,,,
adapter,candidate,extrude,100,late-warm,18,26.91461100000015,2.084324999999808,24.159151000025304,independent-reuse,2,80,2,97,,18,,,,,,,,,,,,,
adapter,candidate,extrude,100,late-warm,19,27.177565000001778,1.874960999997711,24.759823000040342,independent-reuse,2,80,2,97,,18,,,,,,,,,,,,,
adapter,candidate,extrude,100,late-warm,20,27.186093000000255,2.041414999999688,24.504857000025368,independent-reuse,2,80,2,97,,18,,,,,,,,,,,,,
adapter,candidate,extrude,100,late-warm,21,30.766193999999814,1.8647320000018226,28.392909999995027,independent-reuse,2,80,2,97,,18,,,,,,,,,,,,,
adapter,candidate,extrude,100,late-warm,22,27.70928499999718,2.03269299999738,25.04251899999508,independent-reuse,2,80,2,97,,18,,,,,,,,,,,,,
adapter,candidate,extrude,100,late-warm,23,27.23703999999998,1.7644119999968098,24.926021000010223,independent-reuse,2,80,2,97,,18,,,,,,,,,,,,,
adapter,candidate,extrude,100,late-warm,24,27.528505000002042,2.138049000001047,24.74343200000294,independent-reuse,2,80,2,97,,18,,,,,,,,,,,,,
adapter,candidate,extrude,100,late-warm,25,27.538369999998395,1.7810869999993884,25.258052999997744,independent-reuse,2,80,2,97,,18,,,,,,,,,,,,,
adapter,candidate,extrude,100,late-warm,26,32.61158200000136,2.023637999998755,29.9285190000046,independent-reuse,2,80,2,97,,18,,,,,,,,,,,,,
adapter,candidate,extrude,100,late-warm,27,28.837197000000742,1.848598000000493,26.462253000008786,independent-reuse,2,80,2,97,,18,,,,,,,,,,,,,
adapter,candidate,extrude,100,late-warm,28,26.772617000002356,1.9451819999994768,24.21867799998654,independent-reuse,2,80,2,97,,18,,,,,,,,,,,,,
adapter,candidate,extrude,100,late-warm,29,27.35402400000021,1.9999639999987266,24.855236000010336,independent-reuse,2,80,2,97,,18,,,,,,,,,,,,,
adapter,candidate,extrude,100,late-warm,30,29.183623999997508,2.589162000000215,25.87764699998297,independent-reuse,2,80,2,97,,18,,,,,,,,,,,,,
adapter,candidate,boolean,30,cold,0,109.79773700000078,81.40412199999992,27.762002999996184,full-rebuild,30,0,29,0,,,,,,,,,,,,,,,
adapter,candidate,boolean,30,warm-repeat,0,22.608155000001716,9.218931999999768,12.838069999983418,independent-reuse,1,28,1,28,,1,,,,,,,,,,,,,
adapter,candidate,boolean,30,operation-warmup,0,23.21173600000111,9.472319000000425,13.208031000005576,independent-reuse,1,28,1,28,,1,,,,,,,,,,,,,
adapter,candidate,boolean,30,operation-warm,1,26.297268000002077,12.884790000000066,12.899114000007103,independent-reuse,1,28,1,28,,1,,,,,,,,,,,,,
adapter,candidate,boolean,30,operation-warm,2,15.437529000002542,7.110967000000528,7.953504000004614,independent-reuse,1,28,1,28,,1,,,,,,,,,,,,,
adapter,candidate,boolean,30,operation-warm,3,16.412383000002592,7.589852000000974,8.528472000005422,independent-reuse,1,28,1,28,,1,,,,,,,,,,,,,
adapter,candidate,boolean,30,operation-warm,4,14.188634999998612,5.9704060000003665,7.844693000006373,independent-reuse,1,28,1,28,,1,,,,,,,,,,,,,
adapter,candidate,boolean,30,operation-warm,5,13.401451000001543,5.699262000001909,7.447669000008318,independent-reuse,1,28,1,28,,1,,,,,,,,,,,,,
adapter,candidate,boolean,30,operation-warm,6,13.6821400000008,5.561677000001509,7.79249300000447,independent-reuse,1,28,1,28,,1,,,,,,,,,,,,,
adapter,candidate,boolean,30,operation-warm,7,13.420960000003106,5.44015600000057,7.720267000004242,independent-reuse,1,28,1,28,,1,,,,,,,,,,,,,
adapter,candidate,boolean,30,operation-warm,8,14.768581000000268,6.186899000000267,8.212240000008023,independent-reuse,1,28,1,28,,1,,,,,,,,,,,,,
adapter,candidate,boolean,30,operation-warm,9,12.630842000002303,4.646762000000308,7.706946000002063,independent-reuse,1,28,1,28,,1,,,,,,,,,,,,,
adapter,candidate,boolean,30,operation-warm,10,13.042304999999033,5.263933000001998,7.449899999999616,independent-reuse,1,28,1,28,,1,,,,,,,,,,,,,
adapter,candidate,boolean,30,operation-warm,11,12.092969000001176,4.453233000000182,7.400958999995055,independent-reuse,1,28,1,28,,1,,,,,,,,,,,,,
adapter,candidate,boolean,30,operation-warm,12,12.490451999998186,4.711879000002227,7.4783169999900565,independent-reuse,1,28,1,28,,1,,,,,,,,,,,,,
adapter,candidate,boolean,30,operation-warm,13,12.51240499999767,4.312092000000121,7.947726999998849,independent-reuse,1,28,1,28,,1,,,,,,,,,,,,,
adapter,candidate,boolean,30,operation-warm,14,12.227469000001292,4.5858899999984715,7.341560999997455,independent-reuse,1,28,1,28,,1,,,,,,,,,,,,,
adapter,candidate,boolean,30,operation-warm,15,12.088942999998835,4.493652999997721,7.402482000001328,independent-reuse,1,28,1,28,,1,,,,,,,,,,,,,
adapter,candidate,boolean,30,operation-warm,16,11.82578999999896,4.389717999998538,7.192538000006607,independent-reuse,1,28,1,28,,1,,,,,,,,,,,,,
adapter,candidate,boolean,30,operation-warm,17,11.759720999998535,4.164522000002762,7.375110999993922,independent-reuse,1,28,1,28,,1,,,,,,,,,,,,,
adapter,candidate,boolean,30,operation-warm,18,12.231136000002152,4.53262199999881,7.3488929999984975,independent-reuse,1,28,1,28,,1,,,,,,,,,,,,,
adapter,candidate,boolean,30,operation-warm,19,12.142353000002913,4.170160000001488,7.788385999996535,independent-reuse,1,28,1,28,,1,,,,,,,,,,,,,
adapter,candidate,boolean,30,operation-warm,20,12.617141000002448,4.619802000001073,7.73852999999508,independent-reuse,1,28,1,28,,1,,,,,,,,,,,,,
adapter,candidate,boolean,30,operation-warm,21,11.861064000000624,4.0492599999997765,7.629313999997976,independent-reuse,1,28,1,28,,1,,,,,,,,,,,,,
adapter,candidate,boolean,30,operation-warm,22,13.123427000002266,4.790586999999505,7.9989000000023225,independent-reuse,1,28,1,28,,1,,,,,,,,,,,,,
adapter,candidate,boolean,30,operation-warm,23,12.72860700000092,4.611808999998175,7.895364999989397,independent-reuse,1,28,1,28,,1,,,,,,,,,,,,,
adapter,candidate,boolean,30,operation-warm,24,11.945207999997365,4.38657400000011,7.264446000011958,independent-reuse,1,28,1,28,,1,,,,,,,,,,,,,
adapter,candidate,boolean,30,operation-warm,25,11.830808000002435,4.1482580000010785,7.494230999996944,independent-reuse,1,28,1,28,,1,,,,,,,,,,,,,
adapter,candidate,boolean,30,operation-warm,26,11.830657999998948,4.411069000001589,7.163829000004625,independent-reuse,1,28,1,28,,1,,,,,,,,,,,,,
adapter,candidate,boolean,30,operation-warm,27,11.521397000000434,4.021197999998549,7.3302330000115035,independent-reuse,1,28,1,28,,1,,,,,,,,,,,,,
adapter,candidate,boolean,30,operation-warm,28,12.340778999998292,4.595805000000837,7.497246999995696,independent-reuse,1,28,1,28,,1,,,,,,,,,,,,,
adapter,candidate,boolean,30,operation-warm,29,11.741374999997788,4.246024000000034,7.31777699999293,independent-reuse,1,28,1,28,,1,,,,,,,,,,,,,
adapter,candidate,boolean,30,operation-warm,30,11.746051999998599,4.353675000002113,7.157457999994222,independent-reuse,1,28,1,28,,1,,,,,,,,,,,,,
adapter,candidate,boolean,30,early-warmup,0,12.134651000000304,4.226934999998775,7.698241999998572,independent-reuse,1,28,1,28,,1,,,,,,,,,,,,,
adapter,candidate,boolean,30,early-warm,1,15.172232999997505,6.790819999998348,8.157749000001786,independent-reuse,3,0,3,26,,27,,,,,,,,,,,,,
adapter,candidate,boolean,30,early-warm,2,15.428965999999491,6.5275670000009995,8.597747000003437,independent-reuse,3,0,3,26,,27,,,,,,,,,,,,,
adapter,candidate,boolean,30,early-warm,3,15.2162279999975,6.593104999999923,8.379780999999639,independent-reuse,3,0,3,26,,27,,,,,,,,,,,,,
adapter,candidate,boolean,30,early-warm,4,15.818006000001333,6.9209039999987,8.590050999995583,independent-reuse,3,0,3,26,,27,,,,,,,,,,,,,
adapter,candidate,boolean,30,early-warm,5,15.848382000000129,7.031680000000051,8.569665999995777,independent-reuse,3,0,3,26,,27,,,,,,,,,,,,,
adapter,candidate,boolean,30,early-warm,6,15.011092000000644,6.3287600000003295,8.347563000010268,independent-reuse,3,0,3,26,,27,,,,,,,,,,,,,
adapter,candidate,boolean,30,early-warm,7,15.582555000000866,6.677440999999817,8.644943999992392,independent-reuse,3,0,3,26,,27,,,,,,,,,,,,,
adapter,candidate,boolean,30,early-warm,8,16.34227800000008,6.588839000000007,9.382213999993837,independent-reuse,3,0,3,26,,27,,,,,,,,,,,,,
adapter,candidate,boolean,30,early-warm,9,18.409582000000228,7.328301999998075,10.708842000003642,independent-reuse,3,0,3,26,,27,,,,,,,,,,,,,
adapter,candidate,boolean,30,early-warm,10,16.398572000001877,7.1670110000013665,8.913545999988855,independent-reuse,3,0,3,26,,27,,,,,,,,,,,,,
adapter,candidate,boolean,30,early-warm,11,15.113564999999653,6.3600179999994,8.511048999997001,independent-reuse,3,0,3,26,,27,,,,,,,,,,,,,
adapter,candidate,boolean,30,early-warm,12,16.96179199999824,6.61602899999707,9.953297000003658,independent-reuse,3,0,3,26,,27,,,,,,,,,,,,,
adapter,candidate,boolean,30,early-warm,13,15.124039999998786,6.675919000001159,8.191240000007383,independent-reuse,3,0,3,26,,27,,,,,,,,,,,,,
adapter,candidate,boolean,30,early-warm,14,15.172252000000299,6.648107000000891,8.22321600000214,independent-reuse,3,0,3,26,,27,,,,,,,,,,,,,
adapter,candidate,boolean,30,early-warm,15,15.629414999999426,6.969716999999946,8.353086999992229,independent-reuse,3,0,3,26,,27,,,,,,,,,,,,,
adapter,candidate,boolean,30,early-warm,16,15.446282000000792,6.653204999998707,8.477792000005138,independent-reuse,3,0,3,26,,27,,,,,,,,,,,,,
adapter,candidate,boolean,30,early-warm,17,16.577328999999736,7.007503000000725,9.268186000001151,independent-reuse,3,0,3,26,,27,,,,,,,,,,,,,
adapter,candidate,boolean,30,early-warm,18,16.98422600000049,7.097516999998334,9.516413999997894,independent-reuse,3,0,3,26,,27,,,,,,,,,,,,,
adapter,candidate,boolean,30,early-warm,19,19.43914699999732,10.0031020000024,9.166592000015953,independent-reuse,3,0,3,26,,27,,,,,,,,,,,,,
adapter,candidate,boolean,30,early-warm,20,15.746578999998746,7.189323999999033,8.218340999992506,independent-reuse,3,0,3,26,,27,,,,,,,,,,,,,
adapter,candidate,boolean,30,early-warm,21,16.041419000001042,6.834200999997847,8.945062999991933,independent-reuse,3,0,3,26,,27,,,,,,,,,,,,,
adapter,candidate,boolean,30,early-warm,22,15.855169999998907,7.318757999997615,8.211857000005693,independent-reuse,3,0,3,26,,27,,,,,,,,,,,,,
adapter,candidate,boolean,30,early-warm,23,16.246916999996756,7.565216999999393,8.428031000014016,independent-reuse,3,0,3,26,,27,,,,,,,,,,,,,
adapter,candidate,boolean,30,early-warm,24,17.341397000000143,7.902663000000757,9.084582000003138,independent-reuse,3,0,3,26,,27,,,,,,,,,,,,,
adapter,candidate,boolean,30,early-warm,25,15.97761299999911,7.2767450000028475,8.41450199999963,independent-reuse,3,0,3,26,,27,,,,,,,,,,,,,
adapter,candidate,boolean,30,early-warm,26,19.524899999996705,7.361641999999847,11.82306000000608,independent-reuse,3,0,3,26,,27,,,,,,,,,,,,,
adapter,candidate,boolean,30,early-warm,27,15.321860999996716,6.7760139999991225,8.31122399999731,independent-reuse,3,0,3,26,,27,,,,,,,,,,,,,
adapter,candidate,boolean,30,early-warm,28,16.30008699999962,7.288913000000321,8.659004000001005,independent-reuse,3,0,3,26,,27,,,,,,,,,,,,,
adapter,candidate,boolean,30,early-warm,29,15.92268200000035,7.1107259999989765,8.56024499999694,independent-reuse,3,0,3,26,,27,,,,,,,,,,,,,
adapter,candidate,boolean,30,early-warm,30,16.006247000001167,7.462564000001294,8.227012999996077,independent-reuse,3,0,3,26,,27,,,,,,,,,,,,,
adapter,candidate,boolean,30,late-warmup,0,12.455143999999564,4.3799030000009225,7.812316999996256,independent-reuse,1,28,1,28,,1,,,,,,,,,,,,,
adapter,candidate,boolean,30,late-warm,1,19.093493000000308,10.447766999997839,8.370542000011483,prefix-restore,2,28,2,27,,,,,,,,,,,,,,,
adapter,candidate,boolean,30,late-warm,2,18.462596999997913,9.700706999999966,8.428682000001572,prefix-restore,2,28,2,27,,,,,,,,,,,,,,,
adapter,candidate,boolean,30,late-warm,3,21.3638409999985,9.595139000000927,11.543800999992527,prefix-restore,2,28,2,27,,,,,,,,,,,,,,,
adapter,candidate,boolean,30,late-warm,4,17.774035999998887,9.785464000000502,7.732688000007329,prefix-restore,2,28,2,27,,,,,,,,,,,,,,,
adapter,candidate,boolean,30,late-warm,5,18.178372000002128,9.922128999998677,8.043512000007468,prefix-restore,2,28,2,27,,,,,,,,,,,,,,,
adapter,candidate,boolean,30,late-warm,6,18.035767999997915,9.557221999999456,8.21549399999276,prefix-restore,2,28,2,27,,,,,,,,,,,,,,,
adapter,candidate,boolean,30,late-warm,7,19.637978999999177,10.07391600000119,9.208922999987408,prefix-restore,2,28,2,27,,,,,,,,,,,,,,,
adapter,candidate,boolean,30,late-warm,8,21.3427929999998,9.594238000001496,11.452000999997836,prefix-restore,2,28,2,27,,,,,,,,,,,,,,,
adapter,candidate,boolean,30,late-warm,9,18.77935200000138,10.13388599999962,8.399308000007295,prefix-restore,2,28,2,27,,,,,,,,,,,,,,,
adapter,candidate,boolean,30,late-warm,10,18.252512999999453,10.225454000003083,7.76641799999561,prefix-restore,2,28,2,27,,,,,,,,,,,,,,,
adapter,candidate,boolean,30,late-warm,11,17.907466000000568,10.007588000000396,7.707118999995146,prefix-restore,2,28,2,27,,,,,,,,,,,,,,,
adapter,candidate,boolean,30,late-warm,12,17.905933999998524,9.656460999998671,7.934098999998241,prefix-restore,2,28,2,27,,,,,,,,,,,,,,,
adapter,candidate,boolean,30,late-warm,13,22.238697000000684,10.289619999999559,11.724559000002046,prefix-restore,2,28,2,27,,,,,,,,,,,,,,,
adapter,candidate,boolean,30,late-warm,14,18.027736000000004,9.81680200000119,7.912347999994381,prefix-restore,2,28,2,27,,,,,,,,,,,,,,,
adapter,candidate,boolean,30,late-warm,15,18.727885000000242,10.366485999998986,8.108641999995598,prefix-restore,2,28,2,27,,,,,,,,,,,,,,,
adapter,candidate,boolean,30,late-warm,16,18.460344000002806,10.301987999999255,7.899281000001793,prefix-restore,2,28,2,27,,,,,,,,,,,,,,,
adapter,candidate,boolean,30,late-warm,17,19.186992999999347,10.528858000001492,8.284840999993321,prefix-restore,2,28,2,27,,,,,,,,,,,,,,,
adapter,candidate,boolean,30,late-warm,18,24.034467000001314,11.256589000000531,12.494332000002032,prefix-restore,2,28,2,27,,,,,,,,,,,,,,,
adapter,candidate,boolean,30,late-warm,19,19.698238999997557,11.58026400000017,7.884126999990258,prefix-restore,2,28,2,27,,,,,,,,,,,,,,,
adapter,candidate,boolean,30,late-warm,20,20.00993599999856,10.622859999999491,9.107104999999137,prefix-restore,2,28,2,27,,,,,,,,,,,,,,,
adapter,candidate,boolean,30,late-warm,21,18.985811999998987,10.704141999998683,8.062565999996878,prefix-restore,2,28,2,27,,,,,,,,,,,,,,,
adapter,candidate,boolean,30,late-warm,22,20.144458999999188,11.379924000000756,8.488030000004073,prefix-restore,2,28,2,27,,,,,,,,,,,,,,,
adapter,candidate,boolean,30,late-warm,23,24.251651999999012,11.539111999998568,12.459889000001567,prefix-restore,2,28,2,27,,,,,,,,,,,,,,,
adapter,candidate,boolean,30,late-warm,24,19.660342999999557,11.316599000001588,8.008200999993278,prefix-restore,2,28,2,27,,,,,,,,,,,,,,,
adapter,candidate,boolean,30,late-warm,25,20.10735299999942,10.951752000000852,8.931447000006301,prefix-restore,2,28,2,27,,,,,,,,,,,,,,,
adapter,candidate,boolean,30,late-warm,26,20.452971000002435,11.845261999998911,8.328168000007281,prefix-restore,2,28,2,27,,,,,,,,,,,,,,,
adapter,candidate,boolean,30,late-warm,27,22.026048000003357,12.88737300000139,8.868899000008241,prefix-restore,2,28,2,27,,,,,,,,,,,,,,,
adapter,candidate,boolean,30,late-warm,28,24.226134000000457,11.57349400000021,12.342794000003778,prefix-restore,2,28,2,27,,,,,,,,,,,,,,,
adapter,candidate,boolean,30,late-warm,29,19.76246600000013,10.710931999998138,8.814707000005,prefix-restore,2,28,2,27,,,,,,,,,,,,,,,
adapter,candidate,boolean,30,late-warm,30,21.123084999999264,11.331962000000203,9.461175999997067,prefix-restore,2,28,2,27,,,,,,,,,,,,,,,
adapter,candidate,boolean,100,cold,0,106.52403500000219,22.245506999999634,83.0625250000121,full-rebuild,100,0,99,0,,,,,,,,,,,,,,,
adapter,candidate,boolean,100,warm-repeat,0,30.967897999998968,5.208765999999741,25.19955300003494,independent-reuse,1,80,1,98,,19,,,,,,,,,,,,,
adapter,candidate,boolean,100,operation-warmup,0,29.70879100000093,5.223426999997173,23.98833899999954,independent-reuse,1,80,1,98,,19,,,,,,,,,,,,,
adapter,candidate,boolean,100,operation-warm,1,30.446356000000378,4.674054000002798,24.933792000032554,independent-reuse,1,80,1,98,,19,,,,,,,,,,,,,
adapter,candidate,boolean,100,operation-warm,2,37.011945999998716,5.381184000001667,31.040778000009595,independent-reuse,1,80,1,98,,19,,,,,,,,,,,,,
adapter,candidate,boolean,100,operation-warm,3,31.679854000001797,5.08646299999964,25.854782000013074,independent-reuse,1,80,1,98,,19,,,,,,,,,,,,,
adapter,candidate,boolean,100,operation-warm,4,32.00915800000075,5.216567000003124,26.211506000017835,independent-reuse,1,80,1,98,,19,,,,,,,,,,,,,
adapter,candidate,boolean,100,operation-warm,5,33.84408799999801,6.9703649999974004,26.30780099997719,independent-reuse,1,80,1,98,,19,,,,,,,,,,,,,
adapter,candidate,boolean,100,operation-warm,6,29.603893999999855,5.200442999997904,23.769668999990245,independent-reuse,1,80,1,98,,19,,,,,,,,,,,,,
adapter,candidate,boolean,100,operation-warm,7,48.31950099999813,4.911761000003025,42.62530500000139,independent-reuse,1,80,1,98,,19,,,,,,,,,,,,,
adapter,candidate,boolean,100,operation-warm,8,31.48958700000003,5.7241099999992,25.190924999984418,independent-reuse,1,80,1,98,,19,,,,,,,,,,,,,
adapter,candidate,boolean,100,operation-warm,9,28.986899999999878,5.105493999999453,23.365496000002167,independent-reuse,1,80,1,98,,19,,,,,,,,,,,,,
adapter,candidate,boolean,100,operation-warm,10,39.334592999999586,11.437193999998271,26.947433999990608,independent-reuse,1,80,1,98,,19,,,,,,,,,,,,,
adapter,candidate,boolean,100,operation-warm,11,32.05188899999848,5.787114000002475,25.72366499999771,independent-reuse,1,80,1,98,,19,,,,,,,,,,,,,
adapter,candidate,boolean,100,operation-warm,12,32.31212900000173,6.0041999999994005,25.716748999984702,independent-reuse,1,80,1,98,,19,,,,,,,,,,,,,
adapter,candidate,boolean,100,operation-warm,13,31.83118800000011,6.500002000000677,24.782381000008172,independent-reuse,1,80,1,98,,19,,,,,,,,,,,,,
adapter,candidate,boolean,100,operation-warm,14,31.759751000001415,5.628067000001465,25.533642000023974,independent-reuse,1,80,1,98,,19,,,,,,,,,,,,,
adapter,candidate,boolean,100,operation-warm,15,36.08510700000261,5.176289999999426,30.31643800002712,independent-reuse,1,80,1,98,,19,,,,,,,,,,,,,
adapter,candidate,boolean,100,operation-warm,16,32.20110299999942,5.309939999999187,26.369566000004852,independent-reuse,1,80,1,98,,19,,,,,,,,,,,,,
adapter,candidate,boolean,100,operation-warm,17,30.021409000000858,5.0258949999988545,24.454790999981924,independent-reuse,1,80,1,98,,19,,,,,,,,,,,,,
adapter,candidate,boolean,100,operation-warm,18,32.53878699999768,5.489459000000352,26.437777000006463,independent-reuse,1,80,1,98,,19,,,,,,,,,,,,,
adapter,candidate,boolean,100,operation-warm,19,32.04751200000101,5.17407699999967,26.262918000003992,independent-reuse,1,80,1,98,,19,,,,,,,,,,,,,
adapter,candidate,boolean,100,operation-warm,20,36.85944700000255,5.879993999998987,30.4498979999953,independent-reuse,1,80,1,98,,19,,,,,,,,,,,,,
adapter,candidate,boolean,100,operation-warm,21,31.64333700000134,5.263661000000866,25.84149399996386,independent-reuse,1,80,1,98,,19,,,,,,,,,,,,,
adapter,candidate,boolean,100,operation-warm,22,31.524859999997716,4.92120900000009,26.081950000007055,independent-reuse,1,80,1,98,,19,,,,,,,,,,,,,
adapter,candidate,boolean,100,operation-warm,23,32.41550400000051,5.186794999997801,26.66022500001418,independent-reuse,1,80,1,98,,19,,,,,,,,,,,,,
adapter,candidate,boolean,100,operation-warm,24,32.63956800000233,5.8055420000018785,26.232417999974132,independent-reuse,1,80,1,98,,19,,,,,,,,,,,,,
adapter,candidate,boolean,100,operation-warm,25,36.549073000001954,5.226694999997562,30.757660999996006,independent-reuse,1,80,1,98,,19,,,,,,,,,,,,,
adapter,candidate,boolean,100,operation-warm,26,32.97206600000209,5.254938000001857,27.0353549999636,independent-reuse,1,80,1,98,,19,,,,,,,,,,,,,
adapter,candidate,boolean,100,operation-warm,27,30.089060000002064,4.922990999999456,24.60795899999357,independent-reuse,1,80,1,98,,19,,,,,,,,,,,,,
adapter,candidate,boolean,100,operation-warm,28,32.11434299999746,5.627254999999423,25.840374999985215,independent-reuse,1,80,1,98,,19,,,,,,,,,,,,,
adapter,candidate,boolean,100,operation-warm,29,31.20531100000153,5.050562000000355,25.562924000001658,independent-reuse,1,80,1,98,,19,,,,,,,,,,,,,
adapter,candidate,boolean,100,operation-warm,30,36.59477100000004,5.137861999999586,30.933074000000488,independent-reuse,1,80,1,98,,19,,,,,,,,,,,,,
adapter,candidate,boolean,100,early-warmup,0,31.02545199999804,5.311432000002242,25.22696900001756,independent-reuse,1,80,1,98,,19,,,,,,,,,,,,,
adapter,candidate,boolean,100,early-warm,1,34.30751600000076,7.743593999999575,25.881489000003057,independent-reuse,3,0,3,96,,97,,,,,,,,,,,,,
adapter,candidate,boolean,100,early-warm,2,44.76550900000075,9.814042999998492,34.36670900001991,independent-reuse,3,0,3,96,,97,,,,,,,,,,,,,
adapter,candidate,boolean,100,early-warm,3,33.57855400000335,7.776763000001665,25.285602000025392,independent-reuse,3,0,3,96,,97,,,,,,,,,,,,,
adapter,candidate,boolean,100,early-warm,4,40.40679799999998,8.280307000000903,31.527489000007336,independent-reuse,3,0,3,96,,97,,,,,,,,,,,,,
adapter,candidate,boolean,100,early-warm,5,33.27249599999777,7.95390899999984,24.77030500003457,independent-reuse,3,0,3,96,,97,,,,,,,,,,,,,
adapter,candidate,boolean,100,early-warm,6,33.56187900000077,7.938815999998042,24.890387000010378,independent-reuse,3,0,3,96,,97,,,,,,,,,,,,,
adapter,candidate,boolean,100,early-warm,7,33.578975000000355,7.6634740000008605,25.392830000000686,independent-reuse,3,0,3,96,,97,,,,,,,,,,,,,
adapter,candidate,boolean,100,early-warm,8,33.39825500000006,7.780930000000808,25.106101000004855,independent-reuse,3,0,3,96,,97,,,,,,,,,,,,,
adapter,candidate,boolean,100,early-warm,9,40.57844500000283,14.385418999998365,25.669218999988516,independent-reuse,3,0,3,96,,97,,,,,,,,,,,,,
adapter,candidate,boolean,100,early-warm,10,33.306727999999566,7.838506000000052,24.96245200001431,independent-reuse,3,0,3,96,,97,,,,,,,,,,,,,
adapter,candidate,boolean,100,early-warm,11,39.02240499999971,7.946466999997938,30.536703000005218,independent-reuse,3,0,3,96,,97,,,,,,,,,,,,,
adapter,candidate,boolean,100,early-warm,12,33.36845999999787,8.02846099999806,24.83830100000705,independent-reuse,3,0,3,96,,97,,,,,,,,,,,,,
adapter,candidate,boolean,100,early-warm,13,32.74771099999998,7.679658000000927,24.54660100001638,independent-reuse,3,0,3,96,,97,,,,,,,,,,,,,
adapter,candidate,boolean,100,early-warm,14,33.52579600000172,7.801400000000285,25.183866999988822,independent-reuse,3,0,3,96,,97,,,,,,,,,,,,,
adapter,candidate,boolean,100,early-warm,15,33.2768130000004,8.037563999998383,24.733779999984108,independent-reuse,3,0,3,96,,97,,,,,,,,,,,,,
adapter,candidate,boolean,100,early-warm,16,33.84828800000105,8.042582000001858,25.219728999971267,independent-reuse,3,0,3,96,,97,,,,,,,,,,,,,
adapter,candidate,boolean,100,early-warm,17,34.13938499999858,9.005764000001363,24.583237999999255,independent-reuse,3,0,3,96,,97,,,,,,,,,,,,,
adapter,candidate,boolean,100,early-warm,18,37.91379600000073,8.131755000002158,29.272706000014296,independent-reuse,3,0,3,96,,97,,,,,,,,,,,,,
adapter,candidate,boolean,100,early-warm,19,33.954366999998456,8.591293000001315,24.824805000000197,independent-reuse,3,0,3,96,,97,,,,,,,,,,,,,
adapter,candidate,boolean,100,early-warm,20,37.772554000002856,8.383972999999969,28.868022000013298,independent-reuse,3,0,3,96,,97,,,,,,,,,,,,,
adapter,candidate,boolean,100,early-warm,21,33.755488999999216,8.633406000000832,24.608278000006976,independent-reuse,3,0,3,96,,97,,,,,,,,,,,,,
adapter,candidate,boolean,100,early-warm,22,36.109723999998096,9.695606000001135,25.890314000000217,independent-reuse,3,0,3,96,,97,,,,,,,,,,,,,
adapter,candidate,boolean,100,early-warm,23,34.95432399999845,8.55937499999709,25.814846000019315,independent-reuse,3,0,3,96,,97,,,,,,,,,,,,,
adapter,candidate,boolean,100,early-warm,24,35.89079599999968,9.199703999998746,26.12200499996834,independent-reuse,3,0,3,96,,97,,,,,,,,,,,,,
adapter,candidate,boolean,100,early-warm,25,42.31458399999974,9.760092999997141,31.943529999982275,independent-reuse,3,0,3,96,,97,,,,,,,,,,,,,
adapter,candidate,boolean,100,early-warm,26,46.589896000004956,12.806924000004074,33.12644600004569,independent-reuse,3,0,3,96,,97,,,,,,,,,,,,,
adapter,candidate,boolean,100,early-warm,27,37.10265100000106,9.741024000002653,26.809329999909096,independent-reuse,3,0,3,96,,97,,,,,,,,,,,,,
adapter,candidate,boolean,100,early-warm,28,40.082547000005434,10.065994999997201,29.222546999975748,independent-reuse,3,0,3,96,,97,,,,,,,,,,,,,
adapter,candidate,boolean,100,early-warm,29,36.545191000004706,9.478914999999688,26.46814300000551,independent-reuse,3,0,3,96,,97,,,,,,,,,,,,,
adapter,candidate,boolean,100,early-warm,30,37.21424100000149,9.380618000002869,27.209464999985357,independent-reuse,3,0,3,96,,97,,,,,,,,,,,,,
adapter,candidate,boolean,100,late-warmup,0,31.111622999997053,5.29987699999765,25.25990500003536,independent-reuse,1,80,1,98,,19,,,,,,,,,,,,,
adapter,candidate,boolean,100,late-warm,1,32.20944600000075,5.004925999994157,26.479365000013786,independent-reuse,2,80,2,97,,18,,,,,,,,,,,,,
adapter,candidate,boolean,100,late-warm,2,32.13127999999415,6.091042000000016,25.541215000062948,independent-reuse,2,80,2,97,,18,,,,,,,,,,,,,
adapter,candidate,boolean,100,late-warm,3,31.635212000001047,5.367138000001432,25.700005000042438,independent-reuse,2,80,2,97,,18,,,,,,,,,,,,,
adapter,candidate,boolean,100,late-warm,4,36.16342700000678,5.85220400000253,29.750727999991796,independent-reuse,2,80,2,97,,18,,,,,,,,,,,,,
adapter,candidate,boolean,100,late-warm,5,29.15032500000234,5.127328000002308,23.54667499997595,independent-reuse,2,80,2,97,,18,,,,,,,,,,,,,
adapter,candidate,boolean,100,late-warm,6,29.8988360000003,5.262670999996772,24.141498000019055,independent-reuse,2,80,2,97,,18,,,,,,,,,,,,,
adapter,candidate,boolean,100,late-warm,7,29.72341299999971,5.534427999999025,23.686669000009715,independent-reuse,2,80,2,97,,18,,,,,,,,,,,,,
adapter,candidate,boolean,100,late-warm,8,29.70296199999575,5.283591999999771,23.939275999982783,independent-reuse,2,80,2,97,,18,,,,,,,,,,,,,
adapter,candidate,boolean,100,late-warm,9,34.71844399999827,5.4016499999997905,28.778007999986585,independent-reuse,2,80,2,97,,18,,,,,,,,,,,,,
adapter,candidate,boolean,100,late-warm,10,31.679753000003984,5.454217999998946,25.57800899999711,independent-reuse,2,80,2,97,,18,,,,,,,,,,,,,
adapter,candidate,boolean,100,late-warm,11,29.271145999999135,5.176592000003438,23.584124000000884,independent-reuse,2,80,2,97,,18,,,,,,,,,,,,,
adapter,candidate,boolean,100,late-warm,12,30.342100000001665,5.236702000001969,24.608194999942498,independent-reuse,2,80,2,97,,18,,,,,,,,,,,,,
adapter,candidate,boolean,100,late-warm,13,29.56003800000326,5.246156000001065,23.777655000027153,independent-reuse,2,80,2,97,,18,,,,,,,,,,,,,
adapter,candidate,boolean,100,late-warm,14,37.456294000003254,5.610241999995196,31.249010999999882,independent-reuse,2,80,2,97,,18,,,,,,,,,,,,,
adapter,candidate,boolean,100,late-warm,15,29.979686999999103,5.508068999995885,23.957899000008183,independent-reuse,2,80,2,97,,18,,,,,,,,,,,,,
adapter,candidate,boolean,100,late-warm,16,29.952087000005122,5.2746100000003935,24.18348799994419,independent-reuse,2,80,2,97,,18,,,,,,,,,,,,,
adapter,candidate,boolean,100,late-warm,17,29.672646999999415,5.195040000005974,23.988369000013336,independent-reuse,2,80,2,97,,18,,,,,,,,,,,,,
adapter,candidate,boolean,100,late-warm,18,29.997675000005984,5.215169999995851,24.18763300001592,independent-reuse,2,80,2,97,,18,,,,,,,,,,,,,
adapter,candidate,boolean,100,late-warm,19,49.14995600000111,5.274368999998842,43.160970999982965,independent-reuse,2,80,2,97,,18,,,,,,,,,,,,,
adapter,candidate,boolean,100,late-warm,20,30.376431999997294,5.348639000003459,24.518108999975084,independent-reuse,2,80,2,97,,18,,,,,,,,,,,,,
adapter,candidate,boolean,100,late-warm,21,29.32550700000138,5.224874999999884,23.608395000024757,independent-reuse,2,80,2,97,,18,,,,,,,,,,,,,
adapter,candidate,boolean,100,late-warm,22,35.76892700000462,5.220918999999412,29.983655999945768,independent-reuse,2,80,2,97,,18,,,,,,,,,,,,,
adapter,candidate,boolean,100,late-warm,23,30.207438000004913,5.659225000003062,23.91126899998926,independent-reuse,2,80,2,97,,18,,,,,,,,,,,,,
adapter,candidate,boolean,100,late-warm,24,29.67046400000254,5.164384000003338,23.979943999962416,independent-reuse,2,80,2,97,,18,,,,,,,,,,,,,
adapter,candidate,boolean,100,late-warm,25,29.21447099999932,5.203903000001446,23.53077200002008,independent-reuse,2,80,2,97,,18,,,,,,,,,,,,,
adapter,candidate,boolean,100,late-warm,26,29.45907800000714,5.059718000004068,23.916772000011406,independent-reuse,2,80,2,97,,18,,,,,,,,,,,,,
adapter,candidate,boolean,100,late-warm,27,34.96317100000306,5.093557999993209,29.315148999987287,independent-reuse,2,80,2,97,,18,,,,,,,,,,,,,
adapter,candidate,boolean,100,late-warm,28,29.293610000000626,5.308800999999221,23.515515000006417,independent-reuse,2,80,2,97,,18,,,,,,,,,,,,,
adapter,candidate,boolean,100,late-warm,29,29.726579000001948,5.341539000000921,23.820013999960793,independent-reuse,2,80,2,97,,18,,,,,,,,,,,,,
adapter,candidate,boolean,100,late-warm,30,29.635161999998672,5.394409000000451,23.755789999988338,independent-reuse,2,80,2,97,,18,,,,,,,,,,,,,
adapter,candidate,fillet,30,cold,0,69.8472929999989,37.20654099999956,32.069095999977435,full-rebuild,30,0,30,0,,,,,,,,,,,,,,,
adapter,candidate,fillet,30,warm-repeat,0,12.441181999995024,3.6523700000034296,8.478737999983423,independent-reuse,1,28,1,29,,1,,,,,,,,,,,,,
adapter,candidate,fillet,30,operation-warmup,0,12.949543999995512,4.120590999998967,8.541001999976288,independent-reuse,1,28,1,29,,1,,,,,,,,,,,,,
adapter,candidate,fillet,30,operation-warm,1,25.20339399999648,6.257881999998062,18.62148400001024,independent-reuse,1,28,1,29,,1,,,,,,,,,,,,,
adapter,candidate,fillet,30,operation-warm,2,11.899891000000935,3.0690059999978985,8.53547499999695,independent-reuse,1,28,1,29,,1,,,,,,,,,,,,,
adapter,candidate,fillet,30,operation-warm,3,12.300129999995988,3.396376999997301,8.639192000009643,independent-reuse,1,28,1,29,,1,,,,,,,,,,,,,
adapter,candidate,fillet,30,operation-warm,4,11.590508000001137,3.100372000000789,8.206425000025774,independent-reuse,1,28,1,29,,1,,,,,,,,,,,,,
adapter,candidate,fillet,30,operation-warm,5,11.831889000000956,3.111620000003313,8.480159000027925,independent-reuse,1,28,1,29,,1,,,,,,,,,,,,,
adapter,candidate,fillet,30,operation-warm,6,13.552467000001343,3.5138820000065607,9.698797999990347,independent-reuse,1,28,1,29,,1,,,,,,,,,,,,,
adapter,candidate,fillet,30,operation-warm,7,13.433647999998357,3.9433250000001863,9.178465000004508,independent-reuse,1,28,1,29,,1,,,,,,,,,,,,,
adapter,candidate,fillet,30,operation-warm,8,13.405355999995663,3.377697999996599,9.655813999961538,independent-reuse,1,28,1,29,,1,,,,,,,,,,,,,
adapter,candidate,fillet,30,operation-warm,9,11.365911000000779,2.829346999998961,8.296302999995532,independent-reuse,1,28,1,29,,1,,,,,,,,,,,,,
adapter,candidate,fillet,30,operation-warm,10,11.642495000000054,3.0523709999979474,8.29307599997992,independent-reuse,1,28,1,29,,1,,,,,,,,,,,,,
adapter,candidate,fillet,30,operation-warm,11,11.76132299999881,3.3889750000016647,8.138098000010359,independent-reuse,1,28,1,29,,1,,,,,,,,,,,,,
adapter,candidate,fillet,30,operation-warm,12,16.271798999994644,3.3177989999967394,12.527962999985903,independent-reuse,1,28,1,29,,1,,,,,,,,,,,,,
adapter,candidate,fillet,30,operation-warm,13,11.926520999993954,3.589305000001332,8.114771000029577,independent-reuse,1,28,1,29,,1,,,,,,,,,,,,,
adapter,candidate,fillet,30,operation-warm,14,11.165661999999429,2.912121000001207,7.977270999996108,independent-reuse,1,28,1,29,,1,,,,,,,,,,,,,
adapter,candidate,fillet,30,operation-warm,15,11.771569999997155,2.9053209999983665,8.618846999997913,independent-reuse,1,28,1,29,,1,,,,,,,,,,,,,
adapter,candidate,fillet,30,operation-warm,16,11.086653999998816,2.7897679999950924,8.02789099997608,independent-reuse,1,28,1,29,,1,,,,,,,,,,,,,
adapter,candidate,fillet,30,operation-warm,17,11.091110000001208,2.809927999995125,8.058852999987721,independent-reuse,1,28,1,29,,1,,,,,,,,,,,,,
adapter,candidate,fillet,30,operation-warm,18,11.409286000001885,2.867264000000432,8.236844999992172,independent-reuse,1,28,1,29,,1,,,,,,,,,,,,,
adapter,candidate,fillet,30,operation-warm,19,11.51293099999748,3.087954999995418,8.197503999996115,independent-reuse,1,28,1,29,,1,,,,,,,,,,,,,
adapter,candidate,fillet,30,operation-warm,20,11.042907999995805,2.8024270000023535,7.976615999992646,independent-reuse,1,28,1,29,,1,,,,,,,,,,,,,
adapter,candidate,fillet,30,operation-warm,21,10.973473999998532,2.6857420000014827,8.035862999982783,independent-reuse,1,28,1,29,,1,,,,,,,,,,,,,
adapter,candidate,fillet,30,operation-warm,22,14.197802000002412,5.667807999998331,8.250065000000177,independent-reuse,1,28,1,29,,1,,,,,,,,,,,,,
adapter,candidate,fillet,30,operation-warm,23,11.267825000002631,2.6920919999975013,8.339747999998508,independent-reuse,1,28,1,29,,1,,,,,,,,,,,,,
adapter,candidate,fillet,30,operation-warm,24,10.964920999998867,2.658931999998458,8.018667999996978,independent-reuse,1,28,1,29,,1,,,,,,,,,,,,,
adapter,candidate,fillet,30,operation-warm,25,12.097846999997273,3.236215999997512,8.614258999987214,independent-reuse,1,28,1,29,,1,,,,,,,,,,,,,
adapter,candidate,fillet,30,operation-warm,26,11.033182999999553,2.741416000004392,8.00063299996691,independent-reuse,1,28,1,29,,1,,,,,,,,,,,,,
adapter,candidate,fillet,30,operation-warm,27,11.768203999999969,2.946062000002712,8.586309999962396,independent-reuse,1,28,1,29,,1,,,,,,,,,,,,,
adapter,candidate,fillet,30,operation-warm,28,11.098010000001523,2.7845200000010664,7.929006999991543,independent-reuse,1,28,1,29,,1,,,,,,,,,,,,,
adapter,candidate,fillet,30,operation-warm,29,15.388474999999744,2.718360999999277,12.405658000017866,independent-reuse,1,28,1,29,,1,,,,,,,,,,,,,
adapter,candidate,fillet,30,operation-warm,30,10.708096000002115,2.6337540000022273,7.823356999986572,independent-reuse,1,28,1,29,,1,,,,,,,,,,,,,
adapter,candidate,fillet,30,early-warmup,0,11.704649999999674,3.2383799999952316,8.250635000025795,independent-reuse,1,28,1,29,,1,,,,,,,,,,,,,
adapter,candidate,fillet,30,early-warm,1,16.515964000005624,3.5020240000012564,12.794321000023047,independent-reuse,2,0,2,28,,28,,,,,,,,,,,,,
adapter,candidate,fillet,30,early-warm,2,12.427351999998791,3.647723000001861,8.539781999992556,independent-reuse,2,0,2,28,,28,,,,,,,,,,,,,
adapter,candidate,fillet,30,early-warm,3,12.135332999998354,3.1865619999953196,8.766159000013431,independent-reuse,2,0,2,28,,28,,,,,,,,,,,,,
adapter,candidate,fillet,30,early-warm,4,12.911355999996886,3.6583380000010948,8.984474999997474,independent-reuse,2,0,2,28,,28,,,,,,,,,,,,,
adapter,candidate,fillet,30,early-warm,5,12.431446999995387,3.6386189999975613,8.59214899998915,independent-reuse,2,0,2,28,,28,,,,,,,,,,,,,
adapter,candidate,fillet,30,early-warm,6,12.459109000003082,3.6713089999975637,8.533750000009604,independent-reuse,2,0,2,28,,28,,,,,,,,,,,,,
adapter,candidate,fillet,30,early-warm,7,12.167531999999483,3.3972479999938514,8.575217000012344,independent-reuse,2,0,2,28,,28,,,,,,,,,,,,,
adapter,candidate,fillet,30,early-warm,8,12.945596999998088,3.5010440000041854,9.11038300000655,independent-reuse,2,0,2,28,,28,,,,,,,,,,,,,
adapter,candidate,fillet,30,early-warm,9,12.057817999993858,3.4795909999957075,8.388708000013139,independent-reuse,2,0,2,28,,28,,,,,,,,,,,,,
adapter,candidate,fillet,30,early-warm,10,15.947161999996752,6.88235700000223,8.823264000020572,independent-reuse,2,0,2,28,,28,,,,,,,,,,,,,
adapter,candidate,fillet,30,early-warm,11,12.09530399999494,3.338420000000042,8.5655169999809,independent-reuse,2,0,2,28,,28,,,,,,,,,,,,,
adapter,candidate,fillet,30,early-warm,12,12.229986000005738,3.472620000000461,8.525126000000455,independent-reuse,2,0,2,28,,28,,,,,,,,,,,,,
adapter,candidate,fillet,30,early-warm,13,12.311859000001277,3.454152999998769,8.660899000009522,independent-reuse,2,0,2,28,,28,,,,,,,,,,,,,
adapter,candidate,fillet,30,early-warm,14,12.070936999996775,3.407994000001054,8.41966499996488,independent-reuse,2,0,2,28,,28,,,,,,,,,,,,,
adapter,candidate,fillet,30,early-warm,15,12.316685999998299,3.5247289999970235,8.594701999994868,independent-reuse,2,0,2,28,,28,,,,,,,,,,,,,
adapter,candidate,fillet,30,early-warm,16,12.400190000000293,3.4692960000029416,8.665137999974831,independent-reuse,2,0,2,28,,28,,,,,,,,,,,,,
adapter,candidate,fillet,30,early-warm,17,12.359579000003578,3.472249999998894,8.697702000004938,independent-reuse,2,0,2,28,,28,,,,,,,,,,,,,
adapter,candidate,fillet,30,early-warm,18,12.438546999997925,3.46436900000117,8.732099999993807,independent-reuse,2,0,2,28,,28,,,,,,,,,,,,,
adapter,candidate,fillet,30,early-warm,19,12.751957000000402,3.8487739999982296,8.703496999987692,independent-reuse,2,0,2,28,,28,,,,,,,,,,,,,
adapter,candidate,fillet,30,early-warm,20,11.985788999998476,3.442315000000235,8.312609000015073,independent-reuse,2,0,2,28,,28,,,,,,,,,,,,,
adapter,candidate,fillet,30,early-warm,21,17.931673999999475,4.117306000000099,13.582835000001069,independent-reuse,2,0,2,28,,28,,,,,,,,,,,,,
adapter,candidate,fillet,30,early-warm,22,12.353250000000116,3.494263000000501,8.61800399999629,independent-reuse,2,0,2,28,,28,,,,,,,,,,,,,
adapter,candidate,fillet,30,early-warm,23,12.44621900000493,3.3884450000041397,8.81845599997905,independent-reuse,2,0,2,28,,28,,,,,,,,,,,,,
adapter,candidate,fillet,30,early-warm,24,13.332106000001659,4.239158000003954,8.800670999989961,independent-reuse,2,0,2,28,,28,,,,,,,,,,,,,
adapter,candidate,fillet,30,early-warm,25,12.303855999998632,3.4964360000012675,8.61251100001391,independent-reuse,2,0,2,28,,28,,,,,,,,,,,,,
adapter,candidate,fillet,30,early-warm,26,14.068468999998004,3.707872999999381,10.083292000032088,independent-reuse,2,0,2,28,,28,,,,,,,,,,,,,
adapter,candidate,fillet,30,early-warm,27,12.338327999998,3.6893849999978556,8.454394000007596,independent-reuse,2,0,2,28,,28,,,,,,,,,,,,,
adapter,candidate,fillet,30,early-warm,28,14.079755999999179,4.554159999999683,9.254522999981418,independent-reuse,2,0,2,28,,28,,,,,,,,,,,,,
adapter,candidate,fillet,30,early-warm,29,12.52172000000428,3.579599999997299,8.742006999993464,independent-reuse,2,0,2,28,,28,,,,,,,,,,,,,
adapter,candidate,fillet,30,early-warm,30,16.557747999999265,7.127190999999584,9.182244999989052,independent-reuse,2,0,2,28,,28,,,,,,,,,,,,,
adapter,candidate,fillet,30,late-warmup,0,10.955837000001338,2.7894779999987804,7.959060000001045,independent-reuse,1,28,1,29,,1,,,,,,,,,,,,,
adapter,candidate,fillet,30,late-warm,1,12.639902999995684,3.841325000001234,8.597375000019383,prefix-restore,2,28,2,28,,,,,,,,,,,,,,,
adapter,candidate,fillet,30,late-warm,2,16.733549000004132,4.091922999999952,12.379795999993803,prefix-restore,2,28,2,28,,,,,,,,,,,,,,,
adapter,candidate,fillet,30,late-warm,3,12.915659999998752,4.050047999997332,8.666334999979881,prefix-restore,2,28,2,28,,,,,,,,,,,,,,,
adapter,candidate,fillet,30,late-warm,4,13.269486999997753,4.5810009999986505,8.438819000009971,prefix-restore,2,28,2,28,,,,,,,,,,,,,,,
adapter,candidate,fillet,30,late-warm,5,13.364935999998124,4.042777000002388,9.133579000001191,prefix-restore,2,28,2,28,,,,,,,,,,,,,,,
adapter,candidate,fillet,30,late-warm,6,12.730324000003748,4.064510999996855,8.437259000005724,prefix-restore,2,28,2,28,,,,,,,,,,,,,,,
adapter,candidate,fillet,30,late-warm,7,13.674234000005526,4.374029999999038,9.009006000014779,prefix-restore,2,28,2,28,,,,,,,,,,,,,,,
adapter,candidate,fillet,30,late-warm,8,12.979378000003635,4.2290349999966566,8.469163999987359,prefix-restore,2,28,2,28,,,,,,,,,,,,,,,
adapter,candidate,fillet,30,late-warm,9,17.477559999999357,4.187390999999479,13.086056000000099,prefix-restore,2,28,2,28,,,,,,,,,,,,,,,
adapter,candidate,fillet,30,late-warm,10,12.871722000003501,4.029266999998072,8.617978999995103,prefix-restore,2,28,2,28,,,,,,,,,,,,,,,
adapter,candidate,fillet,30,late-warm,11,15.71929999999702,4.357003999997687,11.126312000022153,prefix-restore,2,28,2,28,,,,,,,,,,,,,,,
adapter,candidate,fillet,30,late-warm,12,13.877910000002885,4.676207999997132,8.93544199999451,prefix-restore,2,28,2,28,,,,,,,,,,,,,,,
adapter,candidate,fillet,30,late-warm,13,14.44073099999514,5.121747000004689,9.123030000002473,prefix-restore,2,28,2,28,,,,,,,,,,,,,,,
adapter,candidate,fillet,30,late-warm,14,13.960947999999917,4.868844999997236,8.84842400001071,prefix-restore,2,28,2,28,,,,,,,,,,,,,,,
adapter,candidate,fillet,30,late-warm,15,14.429793999996036,4.174770999998145,10.043004000006476,prefix-restore,2,28,2,28,,,,,,,,,,,,,,,
adapter,candidate,fillet,30,late-warm,16,16.574243000002753,5.426478000001225,10.758680000020831,prefix-restore,2,28,2,28,,,,,,,,,,,,,,,
adapter,candidate,fillet,30,late-warm,17,16.16666300000361,4.68005400000402,11.247638999993796,prefix-restore,2,28,2,28,,,,,,,,,,,,,,,
adapter,candidate,fillet,30,late-warm,18,16.0612620000029,4.919353000004776,10.83272500000021,prefix-restore,2,28,2,28,,,,,,,,,,,,,,,
adapter,candidate,fillet,30,late-warm,19,14.655615999996371,5.093813999999838,9.330724999992526,prefix-restore,2,28,2,28,,,,,,,,,,,,,,,
adapter,candidate,fillet,30,late-warm,20,16.638577999998233,5.580973999996786,10.767000000007101,prefix-restore,2,28,2,28,,,,,,,,,,,,,,,
adapter,candidate,fillet,30,late-warm,21,15.016767000000982,5.314555999997538,9.455108000001928,prefix-restore,2,28,2,28,,,,,,,,,,,,,,,
adapter,candidate,fillet,30,late-warm,22,14.794353999997838,4.515056999996887,10.003661999980977,prefix-restore,2,28,2,28,,,,,,,,,,,,,,,
adapter,candidate,fillet,30,late-warm,23,15.447922999999719,4.693513999998686,10.52963300000556,prefix-restore,2,28,2,28,,,,,,,,,,,,,,,
adapter,candidate,fillet,30,late-warm,24,14.765349999994214,4.463168999995105,10.032063999999082,prefix-restore,2,28,2,28,,,,,,,,,,,,,,,
adapter,candidate,fillet,30,late-warm,25,15.533010999999533,4.448487000001478,10.728708999995433,prefix-restore,2,28,2,28,,,,,,,,,,,,,,,
adapter,candidate,fillet,30,late-warm,26,17.213880000002973,4.635406999994302,12.288058000005549,prefix-restore,2,28,2,28,,,,,,,,,,,,,,,
adapter,candidate,fillet,30,late-warm,27,14.703086000001349,4.92072499999631,9.558064999997441,prefix-restore,2,28,2,28,,,,,,,,,,,,,,,
adapter,candidate,fillet,30,late-warm,28,14.25677700000233,4.648947000001499,9.308558000004268,prefix-restore,2,28,2,28,,,,,,,,,,,,,,,
adapter,candidate,fillet,30,late-warm,29,15.87780699999712,4.570189000005485,11.041922999997041,prefix-restore,2,28,2,28,,,,,,,,,,,,,,,
adapter,candidate,fillet,30,late-warm,30,15.173030999998446,4.340474999997241,10.57572999997501,prefix-restore,2,28,2,28,,,,,,,,,,,,,,,
adapter,candidate,fillet,100,cold,0,111.63724499999807,26.451444999998785,83.37683200000902,full-rebuild,100,0,100,0,,,,,,,,,,,,,,,
adapter,candidate,fillet,100,warm-repeat,0,30.09952300000441,4.140285000001313,25.028327000014542,independent-reuse,1,80,1,99,,19,,,,,,,,,,,,,
adapter,candidate,fillet,100,operation-warmup,0,33.21142699999473,3.4591139999974985,28.898630000003322,independent-reuse,1,80,1,99,,19,,,,,,,,,,,,,
adapter,candidate,fillet,100,operation-warm,1,28.21560899999895,3.4166709999990417,24.02664300001925,independent-reuse,1,80,1,99,,19,,,,,,,,,,,,,
adapter,candidate,fillet,100,operation-warm,2,33.59937799999898,3.67965600000025,28.960362000034365,independent-reuse,1,80,1,99,,19,,,,,,,,,,,,,
adapter,candidate,fillet,100,operation-warm,3,33.19249900000432,7.737506999998004,24.798278000023856,independent-reuse,1,80,1,99,,19,,,,,,,,,,,,,
adapter,candidate,fillet,100,operation-warm,4,30.63572600000043,3.899043999997957,25.834141000028467,independent-reuse,1,80,1,99,,19,,,,,,,,,,,,,
adapter,candidate,fillet,100,operation-warm,5,34.094129999997676,3.8359290000007604,29.56810600001336,independent-reuse,1,80,1,99,,19,,,,,,,,,,,,,
adapter,candidate,fillet,100,operation-warm,6,29.464641999999003,3.822970000001078,24.82096000000456,independent-reuse,1,80,1,99,,19,,,,,,,,,,,,,
adapter,candidate,fillet,100,operation-warm,7,28.98257800000283,3.757951999999932,24.55140000002575,independent-reuse,1,80,1,99,,19,,,,,,,,,,,,,
adapter,candidate,fillet,100,operation-warm,8,29.306925000004412,3.757521999999881,24.72879800003284,independent-reuse,1,80,1,99,,19,,,,,,,,,,,,,
adapter,candidate,fillet,100,operation-warm,9,29.37543700000242,3.7137560000046506,24.945281999971485,independent-reuse,1,80,1,99,,19,,,,,,,,,,,,,
adapter,candidate,fillet,100,operation-warm,10,38.38534100000106,5.077620000003662,32.30239299997629,independent-reuse,1,80,1,99,,19,,,,,,,,,,,,,
adapter,candidate,fillet,100,operation-warm,11,30.363509000002523,3.963289999999688,25.735307999966608,independent-reuse,1,80,1,99,,19,,,,,,,,,,,,,
adapter,candidate,fillet,100,operation-warm,12,34.73226599999907,3.6283390000025975,30.348763999958464,independent-reuse,1,80,1,99,,19,,,,,,,,,,,,,
adapter,candidate,fillet,100,operation-warm,13,28.54118699999526,3.7508319999978994,24.27182600001106,independent-reuse,1,80,1,99,,19,,,,,,,,,,,,,
adapter,candidate,fillet,100,operation-warm,14,28.23141300000134,3.728737999997975,23.804408999996667,independent-reuse,1,80,1,99,,19,,,,,,,,,,,,,
adapter,candidate,fillet,100,operation-warm,15,29.928075000003446,3.861135999999533,25.504675999982283,independent-reuse,1,80,1,99,,19,,,,,,,,,,,,,
adapter,candidate,fillet,100,operation-warm,16,29.56918799999403,3.712284000001091,25.14716500004579,independent-reuse,1,80,1,99,,19,,,,,,,,,,,,,
adapter,candidate,fillet,100,operation-warm,17,34.71364800000447,3.7991449999972247,30.329223000044294,independent-reuse,1,80,1,99,,19,,,,,,,,,,,,,
adapter,candidate,fillet,100,operation-warm,18,28.714766999997664,3.738882999998168,24.315801000004285,independent-reuse,1,80,1,99,,19,,,,,,,,,,,,,
adapter,candidate,fillet,100,operation-warm,19,29.613594000002195,4.371812999997928,24.55634099998133,independent-reuse,1,80,1,99,,19,,,,,,,,,,,,,
adapter,candidate,fillet,100,operation-warm,20,29.433524000000034,3.799724000004062,24.900267000004533,independent-reuse,1,80,1,99,,19,,,,,,,,,,,,,
adapter,candidate,fillet,100,operation-warm,21,28.837250999997195,3.802980000000389,24.486000000018976,independent-reuse,1,80,1,99,,19,,,,,,,,,,,,,
adapter,candidate,fillet,100,operation-warm,22,34.18643800000427,3.9294599999993807,29.527801999960502,independent-reuse,1,80,1,99,,19,,,,,,,,,,,,,
adapter,candidate,fillet,100,operation-warm,23,31.696455999997852,3.88256900000124,27.196346000011545,independent-reuse,1,80,1,99,,19,,,,,,,,,,,,,
adapter,candidate,fillet,100,operation-warm,24,34.47685400000046,4.504521999995632,29.233505999953195,independent-reuse,1,80,1,99,,19,,,,,,,,,,,,,
adapter,candidate,fillet,100,operation-warm,25,29.74300800000492,3.926274999997986,25.242229999967094,independent-reuse,1,80,1,99,,19,,,,,,,,,,,,,
adapter,candidate,fillet,100,operation-warm,26,31.009357000002638,3.899173999998311,26.350351999986742,independent-reuse,1,80,1,99,,19,,,,,,,,,,,,,
adapter,candidate,fillet,100,operation-warm,27,28.710501000001386,3.6787029999977676,24.48896599998261,independent-reuse,1,80,1,99,,19,,,,,,,,,,,,,
adapter,candidate,fillet,100,operation-warm,28,28.795999000001757,3.7375519999986864,24.35724500001379,independent-reuse,1,80,1,99,,19,,,,,,,,,,,,,
adapter,candidate,fillet,100,operation-warm,29,33.861171000004106,3.765252999997756,29.551290000024892,independent-reuse,1,80,1,99,,19,,,,,,,,,,,,,
adapter,candidate,fillet,100,operation-warm,30,29.071963000002143,3.813736999996763,24.53687899997749,independent-reuse,1,80,1,99,,19,,,,,,,,,,,,,
adapter,candidate,fillet,100,early-warmup,0,28.545313999995415,3.745423000000301,24.167571000012686,independent-reuse,1,80,1,99,,19,,,,,,,,,,,,,
adapter,candidate,fillet,100,early-warm,1,35.64659699999902,9.89311699999962,25.043180999979086,independent-reuse,2,0,2,98,,98,,,,,,,,,,,,,
adapter,candidate,fillet,100,early-warm,2,30.473082999997132,4.800485000007029,24.94926599997416,independent-reuse,2,0,2,98,,98,,,,,,,,,,,,,
adapter,candidate,fillet,100,early-warm,3,36.53249500000675,4.824470999999903,31.143321000010474,independent-reuse,2,0,2,98,,98,,,,,,,,,,,,,
adapter,candidate,fillet,100,early-warm,4,36.494738000001234,5.260413999996672,30.129116000018257,independent-reuse,2,0,2,98,,98,,,,,,,,,,,,,
adapter,candidate,fillet,100,early-warm,5,40.40141299999959,4.929768999994849,34.854360999990604,independent-reuse,2,0,2,98,,98,,,,,,,,,,,,,
adapter,candidate,fillet,100,early-warm,6,33.9140200000038,5.222507000005862,27.867591000016546,independent-reuse,2,0,2,98,,98,,,,,,,,,,,,,
adapter,candidate,fillet,100,early-warm,7,36.95640999999887,5.131220999996003,31.26844100002927,independent-reuse,2,0,2,98,,98,,,,,,,,,,,,,
adapter,candidate,fillet,100,early-warm,8,58.34239200000593,8.188872999999148,49.0748469999744,independent-reuse,2,0,2,98,,98,,,,,,,,,,,,,
adapter,candidate,fillet,100,early-warm,9,30.775125000000116,4.700725000002421,25.537838000069314,independent-reuse,2,0,2,98,,98,,,,,,,,,,,,,
adapter,candidate,fillet,100,early-warm,10,42.97665499999857,5.054043999996793,37.08679599998868,independent-reuse,2,0,2,98,,98,,,,,,,,,,,,,
adapter,candidate,fillet,100,early-warm,11,31.323177999998734,4.882167000003392,25.905258000006143,independent-reuse,2,0,2,98,,98,,,,,,,,,,,,,
adapter,candidate,fillet,100,early-warm,12,40.02586199999496,5.463268999999855,33.79692999999679,independent-reuse,2,0,2,98,,98,,,,,,,,,,,,,
adapter,candidate,fillet,100,early-warm,13,32.6424560000014,4.741156000003684,27.330184999977064,independent-reuse,2,0,2,98,,98,,,,,,,,,,,,,
adapter,candidate,fillet,100,early-warm,14,36.32945099999779,4.9223780000029365,30.62364699997852,independent-reuse,2,0,2,98,,98,,,,,,,,,,,,,
adapter,candidate,fillet,100,early-warm,15,32.04747299999872,4.736209000002418,26.72844299999997,independent-reuse,2,0,2,98,,98,,,,,,,,,,,,,
adapter,candidate,fillet,100,early-warm,16,38.57818699999916,5.6635390000010375,32.08514299995295,independent-reuse,2,0,2,98,,98,,,,,,,,,,,,,
adapter,candidate,fillet,100,early-warm,17,31.296577999994042,5.028697000001557,25.671514000023308,independent-reuse,2,0,2,98,,98,,,,,,,,,,,,,
adapter,candidate,fillet,100,early-warm,18,38.750882000000274,5.094435999999405,32.81623800001398,independent-reuse,2,0,2,98,,98,,,,,,,,,,,,,
adapter,candidate,fillet,100,early-warm,19,37.435879000004206,5.68060400000104,30.78256699994381,independent-reuse,2,0,2,98,,98,,,,,,,,,,,,,
adapter,candidate,fillet,100,early-warm,20,31.550469000001613,4.848697000001266,25.91352200000256,independent-reuse,2,0,2,98,,98,,,,,,,,,,,,,
adapter,candidate,fillet,100,early-warm,21,30.967883999997866,5.094494999997551,25.273377999998047,independent-reuse,2,0,2,98,,98,,,,,,,,,,,,,
adapter,candidate,fillet,100,early-warm,22,32.3325909999985,6.268816000003426,25.313054000020202,independent-reuse,2,0,2,98,,98,,,,,,,,,,,,,
adapter,candidate,fillet,100,early-warm,23,32.669376000005286,5.51307299999462,26.46059600002627,independent-reuse,2,0,2,98,,98,,,,,,,,,,,,,
adapter,candidate,fillet,100,early-warm,24,36.86772799999744,5.40627300000051,30.65372199999547,independent-reuse,2,0,2,98,,98,,,,,,,,,,,,,
adapter,candidate,fillet,100,early-warm,25,30.138543000000936,4.557189999999537,25.02115499998763,independent-reuse,2,0,2,98,,98,,,,,,,,,,,,,
adapter,candidate,fillet,100,early-warm,26,30.829107000005024,5.011239999999816,25.051711999971303,independent-reuse,2,0,2,98,,98,,,,,,,,,,,,,
adapter,candidate,fillet,100,early-warm,27,45.846926999998686,11.028168999997433,34.05568200000562,independent-reuse,2,0,2,98,,98,,,,,,,,,,,,,
adapter,candidate,fillet,100,early-warm,28,36.51793400000315,5.452212000003783,30.07621399996424,independent-reuse,2,0,2,98,,98,,,,,,,,,,,,,
adapter,candidate,fillet,100,early-warm,29,44.911213999999745,6.467002999997931,37.66850399996474,independent-reuse,2,0,2,98,,98,,,,,,,,,,,,,
adapter,candidate,fillet,100,early-warm,30,35.11362899999949,5.028646999999182,29.099908000011055,independent-reuse,2,0,2,98,,98,,,,,,,,,,,,,
adapter,candidate,fillet,100,late-warmup,0,41.44585999999981,4.496679000003496,35.96725800000422,independent-reuse,1,80,1,99,,19,,,,,,,,,,,,,
adapter,candidate,fillet,100,late-warm,1,31.24993800000084,4.190991000003123,26.263480999965395,independent-reuse,2,80,2,98,,18,,,,,,,,,,,,,
adapter,candidate,fillet,100,late-warm,2,36.3144140000004,5.7607739999948535,27.669453000024077,independent-reuse,2,80,2,98,,18,,,,,,,,,,,,,
adapter,candidate,fillet,100,late-warm,3,65.19297799999913,3.9848520000014105,60.24229299995932,independent-reuse,2,80,2,98,,18,,,,,,,,,,,,,
adapter,candidate,fillet,100,late-warm,4,33.13683599999786,4.865211999996973,27.390294000026188,independent-reuse,2,80,2,98,,18,,,,,,,,,,,,,
adapter,candidate,fillet,100,late-warm,5,33.443575000004785,4.5851629999961006,28.203460000026098,independent-reuse,2,80,2,98,,18,,,,,,,,,,,,,
adapter,candidate,fillet,100,late-warm,6,36.54985200000374,4.878451999997196,30.68758000007074,independent-reuse,2,80,2,98,,18,,,,,,,,,,,,,
adapter,candidate,fillet,100,late-warm,7,30.186424999999872,3.896511000006285,25.709953999961726,independent-reuse,2,80,2,98,,18,,,,,,,,,,,,,
adapter,candidate,fillet,100,late-warm,8,42.871437000001606,7.127322000000277,29.325122999973246,independent-reuse,2,80,2,98,,18,,,,,,,,,,,,,
adapter,candidate,fillet,100,late-warm,9,30.408355999999912,3.9327440000051865,25.94321399997716,independent-reuse,2,80,2,98,,18,,,,,,,,,,,,,
adapter,candidate,fillet,100,late-warm,10,36.16635700000188,4.915407000000414,30.49102999997558,independent-reuse,2,80,2,98,,18,,,,,,,,,,,,,
adapter,candidate,fillet,100,late-warm,11,39.75466000000597,5.074355000004289,33.72461300004943,independent-reuse,2,80,2,98,,18,,,,,,,,,,,,,
adapter,candidate,fillet,100,late-warm,12,34.15358100000594,4.44901899999968,28.826021999942895,independent-reuse,2,80,2,98,,18,,,,,,,,,,,,,
adapter,candidate,fillet,100,late-warm,13,34.77769600000465,5.110318999999436,29.017863999964902,independent-reuse,2,80,2,98,,18,,,,,,,,,,,,,
adapter,candidate,fillet,100,late-warm,14,34.72825200000079,4.659754000000248,29.245027000019036,independent-reuse,2,80,2,98,,18,,,,,,,,,,,,,
adapter,candidate,fillet,100,late-warm,15,36.65658099999564,4.0797549999988405,31.934772000044177,independent-reuse,2,80,2,98,,18,,,,,,,,,,,,,
adapter,candidate,fillet,100,late-warm,16,33.44744100000389,4.590610999999626,28.01192100001208,independent-reuse,2,80,2,98,,18,,,,,,,,,,,,,
adapter,candidate,fillet,100,late-warm,17,40.42277699999977,4.303149999999732,34.91740299997764,independent-reuse,2,80,2,98,,18,,,,,,,,,,,,,
adapter,candidate,fillet,100,late-warm,18,38.84093600000051,6.045211000004201,31.77741800003423,independent-reuse,2,80,2,98,,18,,,,,,,,,,,,,
adapter,candidate,fillet,100,late-warm,19,31.500894000004337,4.140425999998115,26.727954999994836,independent-reuse,2,80,2,98,,18,,,,,,,,,,,,,
adapter,candidate,fillet,100,late-warm,20,34.30814200000168,4.282149000006029,29.137430000002496,independent-reuse,2,80,2,98,,18,,,,,,,,,,,,,
adapter,candidate,fillet,100,late-warm,21,32.53659699999844,4.056939999994938,27.942017999979726,independent-reuse,2,80,2,98,,18,,,,,,,,,,,,,
adapter,candidate,fillet,100,late-warm,22,37.011403000004066,4.961656999999832,30.99980800002959,independent-reuse,2,80,2,98,,18,,,,,,,,,,,,,
adapter,candidate,fillet,100,late-warm,23,32.592290999993565,4.558822999999393,27.45211200000631,independent-reuse,2,80,2,98,,18,,,,,,,,,,,,,
adapter,candidate,fillet,100,late-warm,24,36.99485999999888,4.312623999998323,31.88428600001498,independent-reuse,2,80,2,98,,18,,,,,,,,,,,,,
adapter,candidate,fillet,100,late-warm,25,30.58853700000327,4.032113000001118,26.012219999996887,independent-reuse,2,80,2,98,,18,,,,,,,,,,,,,
adapter,candidate,fillet,100,late-warm,26,32.939109999999346,4.42059600000357,27.59205899995868,independent-reuse,2,80,2,98,,18,,,,,,,,,,,,,
adapter,candidate,fillet,100,late-warm,27,42.268646999997145,10.422436000000744,30.655791999983194,independent-reuse,2,80,2,98,,18,,,,,,,,,,,,,
adapter,candidate,fillet,100,late-warm,28,31.051826999995683,4.151565000000119,25.930725999933202,independent-reuse,2,80,2,98,,18,,,,,,,,,,,,,
adapter,candidate,fillet,100,late-warm,29,32.640519000000495,4.801089000000502,27.19124100000772,independent-reuse,2,80,2,98,,18,,,,,,,,,,,,,
adapter,candidate,fillet,100,late-warm,30,32.85572200000024,4.1112039999934495,27.935902999917744,independent-reuse,2,80,2,98,,18,,,,,,,,,,,,,
adapter,candidate,chamfer,30,cold,0,34.4936979999984,10.343487999998615,23.631202999975358,full-rebuild,30,0,30,0,,,,,,,,,,,,,,,
adapter,candidate,chamfer,30,warm-repeat,0,16.972218000002613,1.9259779999993043,14.798309000005247,independent-reuse,1,28,1,29,,1,,,,,,,,,,,,,
adapter,candidate,chamfer,30,operation-warmup,0,10.828735999995843,1.6807689999986906,8.919715999996697,independent-reuse,1,28,1,29,,1,,,,,,,,,,,,,
adapter,candidate,chamfer,30,operation-warm,1,9.949317999999039,1.8318470000012894,7.887195999996038,independent-reuse,1,28,1,29,,1,,,,,,,,,,,,,
adapter,candidate,chamfer,30,operation-warm,2,10.194684999994934,1.8937989999976708,8.045272999981535,independent-reuse,1,28,1,29,,1,,,,,,,,,,,,,
adapter,candidate,chamfer,30,operation-warm,3,14.940982000000076,1.8871199999994133,12.798691000010876,independent-reuse,1,28,1,29,,1,,,,,,,,,,,,,
adapter,candidate,chamfer,30,operation-warm,4,10.401174999999057,1.9719670000049518,8.15772399996058,independent-reuse,1,28,1,29,,1,,,,,,,,,,,,,
adapter,candidate,chamfer,30,operation-warm,5,10.027304999995977,1.767039999998815,8.060333000015817,independent-reuse,1,28,1,29,,1,,,,,,,,,,,,,
adapter,candidate,chamfer,30,operation-warm,6,11.033282000003965,1.7853770000001532,8.98932500002411,independent-reuse,1,28,1,29,,1,,,,,,,,,,,,,
adapter,candidate,chamfer,30,operation-warm,7,10.401304999999411,2.0545809999966878,8.13522900002863,independent-reuse,1,28,1,29,,1,,,,,,,,,,,,,
adapter,candidate,chamfer,30,operation-warm,8,10.343057999998564,1.8585469999961788,8.183927999991283,independent-reuse,1,28,1,29,,1,,,,,,,,,,,,,
adapter,candidate,chamfer,30,operation-warm,9,10.697540000001027,2.045097000001988,8.425094000027457,independent-reuse,1,28,1,29,,1,,,,,,,,,,,,,
adapter,candidate,chamfer,30,operation-warm,10,10.922417000001587,2.254681000005803,8.376030000013998,independent-reuse,1,28,1,29,,1,,,,,,,,,,,,,
adapter,candidate,chamfer,30,operation-warm,11,10.910798999997496,1.8885819999995874,8.79071000003023,independent-reuse,1,28,1,29,,1,,,,,,,,,,,,,
adapter,candidate,chamfer,30,operation-warm,12,10.229158000001917,1.94306399999914,7.99994400000287,independent-reuse,1,28,1,29,,1,,,,,,,,,,,,,
adapter,candidate,chamfer,30,operation-warm,13,18.41941699999734,3.5090519999939715,13.034561000022222,independent-reuse,1,28,1,29,,1,,,,,,,,,,,,,
adapter,candidate,chamfer,30,operation-warm,14,10.624308999998902,2.0439150000020163,8.292855999992753,independent-reuse,1,28,1,29,,1,,,,,,,,,,,,,
adapter,candidate,chamfer,30,operation-warm,15,18.646747999999207,1.8567739999998594,16.55456000000413,independent-reuse,1,28,1,29,,1,,,,,,,,,,,,,
adapter,candidate,chamfer,30,operation-warm,16,11.39176099999895,2.0812799999985145,9.008480000011332,independent-reuse,1,28,1,29,,1,,,,,,,,,,,,,
adapter,candidate,chamfer,30,operation-warm,17,11.533472999995865,2.120429000002332,9.156098999999813,independent-reuse,1,28,1,29,,1,,,,,,,,,,,,,
adapter,candidate,chamfer,30,operation-warm,18,9.985330999996222,1.8113050000029034,7.9042890000055195,independent-reuse,1,28,1,29,,1,,,,,,,,,,,,,
adapter,candidate,chamfer,30,operation-warm,19,10.09783000000607,2.0982459999941057,7.798814999994647,independent-reuse,1,28,1,29,,1,,,,,,,,,,,,,
adapter,candidate,chamfer,30,operation-warm,20,10.02936800000316,1.9737890000033076,7.768518000004406,independent-reuse,1,28,1,29,,1,,,,,,,,,,,,,
adapter,candidate,chamfer,30,operation-warm,21,9.944989999996324,1.9139389999982086,7.832294000014372,independent-reuse,1,28,1,29,,1,,,,,,,,,,,,,
adapter,candidate,chamfer,30,operation-warm,22,9.92569199999707,1.8256570000012289,7.856940999969083,independent-reuse,1,28,1,29,,1,,,,,,,,,,,,,
adapter,candidate,chamfer,30,operation-warm,23,9.73167100000137,1.871395999995002,7.602186000018264,independent-reuse,1,28,1,29,,1,,,,,,,,,,,,,
adapter,candidate,chamfer,30,operation-warm,24,9.872172000003047,1.925827000006393,7.679892000000109,independent-reuse,1,28,1,29,,1,,,,,,,,,,,,,
adapter,candidate,chamfer,30,operation-warm,25,9.963449000002583,1.9641240000055404,7.801694999994652,independent-reuse,1,28,1,29,,1,,,,,,,,,,,,,
adapter,candidate,chamfer,30,operation-warm,26,10.004851000005146,2.021150000000489,7.726909999997588,independent-reuse,1,28,1,29,,1,,,,,,,,,,,,,
adapter,candidate,chamfer,30,operation-warm,27,10.09868099999585,1.9359730000069248,7.9271869999938644,independent-reuse,1,28,1,29,,1,,,,,,,,,,,,,
adapter,candidate,chamfer,30,operation-warm,28,10.719251999995322,1.9906750000009197,8.472903000008955,independent-reuse,1,28,1,29,,1,,,,,,,,,,,,,
adapter,candidate,chamfer,30,operation-warm,29,15.526198999999906,1.9272089999940363,13.354213999999047,independent-reuse,1,28,1,29,,1,,,,,,,,,,,,,
adapter,candidate,chamfer,30,operation-warm,30,10.544019000000844,1.8824019999956363,8.343924000007974,independent-reuse,1,28,1,29,,1,,,,,,,,,,,,,
adapter,candidate,chamfer,30,early-warmup,0,10.921455000003334,1.834621000001789,8.792435999981535,independent-reuse,1,28,1,29,,1,,,,,,,,,,,,,
adapter,candidate,chamfer,30,early-warm,1,11.565972000003967,2.9713950000004843,8.377950000030978,independent-reuse,2,0,2,28,,28,,,,,,,,,,,,,
adapter,candidate,chamfer,30,early-warm,2,12.219540999998571,2.6848860000027344,9.276136999993469,independent-reuse,2,0,2,28,,28,,,,,,,,,,,,,
adapter,candidate,chamfer,30,early-warm,3,11.600583000006736,2.9969029999992927,8.294265999997151,independent-reuse,2,0,2,28,,28,,,,,,,,,,,,,
adapter,candidate,chamfer,30,early-warm,4,16.91402999999991,2.9578550000005635,13.569995999976527,independent-reuse,2,0,2,28,,28,,,,,,,,,,,,,
adapter,candidate,chamfer,30,early-warm,5,10.882196000005933,2.6335389999949257,8.055129000000306,independent-reuse,2,0,2,28,,28,,,,,,,,,,,,,
adapter,candidate,chamfer,30,early-warm,6,11.190628999996989,2.5007390000027954,8.409233999977005,independent-reuse,2,0,2,28,,28,,,,,,,,,,,,,
adapter,candidate,chamfer,30,early-warm,7,11.69015799999761,3.093137999996543,8.380929999999353,independent-reuse,2,0,2,28,,28,,,,,,,,,,,,,
adapter,candidate,chamfer,30,early-warm,8,11.35124899999937,2.8524969999998575,8.226621999987401,independent-reuse,2,0,2,28,,28,,,,,,,,,,,,,
adapter,candidate,chamfer,30,early-warm,9,11.557017999999516,2.7420409999976982,8.589725999983784,independent-reuse,2,0,2,28,,28,,,,,,,,,,,,,
adapter,candidate,chamfer,30,early-warm,10,11.588275000001886,2.7160230000008596,8.519101999991108,independent-reuse,2,0,2,28,,28,,,,,,,,,,,,,
adapter,candidate,chamfer,30,early-warm,11,11.331720999995014,2.6658170000009704,8.420509999996284,independent-reuse,2,0,2,28,,28,,,,,,,,,,,,,
adapter,candidate,chamfer,30,early-warm,12,11.383246999997937,2.685577000003832,8.435692999977618,independent-reuse,2,0,2,28,,28,,,,,,,,,,,,,
adapter,candidate,chamfer,30,early-warm,13,11.952220999999554,2.553288999995857,9.181837000040105,independent-reuse,2,0,2,28,,28,,,,,,,,,,,,,
adapter,candidate,chamfer,30,early-warm,14,13.780663000005006,3.4667689999987488,9.977328000000853,independent-reuse,2,0,2,28,,28,,,,,,,,,,,,,
adapter,candidate,chamfer,30,early-warm,15,12.352270000003045,3.2877690000022994,8.827428000004147,independent-reuse,2,0,2,28,,28,,,,,,,,,,,,,
adapter,candidate,chamfer,30,early-warm,16,11.630257999997411,2.8001989999975194,8.516919000001508,independent-reuse,2,0,2,28,,28,,,,,,,,,,,,,
adapter,candidate,chamfer,30,early-warm,17,12.098839999998745,2.9618009999976493,8.909326000000874,independent-reuse,2,0,2,28,,28,,,,,,,,,,,,,
adapter,candidate,chamfer,30,early-warm,18,12.249394999998913,3.0308050000021467,8.938291000027675,independent-reuse,2,0,2,28,,28,,,,,,,,,,,,,
adapter,candidate,chamfer,30,early-warm,19,12.93155800000386,3.9458060000033583,8.763717000001634,independent-reuse,2,0,2,28,,28,,,,,,,,,,,,,
adapter,candidate,chamfer,30,early-warm,20,15.974491000000853,2.8563730000023497,12.821890000021085,independent-reuse,2,0,2,28,,28,,,,,,,,,,,,,
adapter,candidate,chamfer,30,early-warm,21,11.243998999998439,2.7875700000004144,8.22687800003041,independent-reuse,2,0,2,28,,28,,,,,,,,,,,,,
adapter,candidate,chamfer,30,early-warm,22,12.869105999998283,3.3468680000005406,9.030780000022787,independent-reuse,2,0,2,28,,28,,,,,,,,,,,,,
adapter,candidate,chamfer,30,early-warm,23,12.390948000000208,2.6548709999988205,9.478266000005533,independent-reuse,2,0,2,28,,28,,,,,,,,,,,,,
adapter,candidate,chamfer,30,early-warm,24,11.913802000002761,3.0037929999962216,8.527524000033736,independent-reuse,2,0,2,28,,28,,,,,,,,,,,,,
adapter,candidate,chamfer,30,early-warm,25,12.91150899999775,3.064323999999033,9.57668900002318,independent-reuse,2,0,2,28,,28,,,,,,,,,,,,,
adapter,candidate,chamfer,30,early-warm,26,12.272069999999076,2.9156910000019707,9.017991000037,independent-reuse,2,0,2,28,,28,,,,,,,,,,,,,
adapter,candidate,chamfer,30,early-warm,27,11.864078999999037,2.788992000001599,8.844694000013988,independent-reuse,2,0,2,28,,28,,,,,,,,,,,,,
adapter,candidate,chamfer,30,early-warm,28,13.565920000000915,4.142139999996289,9.138153999985661,independent-reuse,2,0,2,28,,28,,,,,,,,,,,,,
adapter,candidate,chamfer,30,early-warm,29,12.062855999996827,3.065765999999712,8.760211000029813,independent-reuse,2,0,2,28,,28,,,,,,,,,,,,,
adapter,candidate,chamfer,30,early-warm,30,13.20665100000042,3.285586999998486,9.617397000001802,independent-reuse,2,0,2,28,,28,,,,,,,,,,,,,
adapter,candidate,chamfer,30,late-warmup,0,11.400532999999996,2.468501000003016,8.462517999985721,independent-reuse,1,28,1,29,,1,,,,,,,,,,,,,
adapter,candidate,chamfer,30,late-warm,1,12.243396999998367,3.699085999993258,8.31220200000098,prefix-restore,2,28,2,28,,,,,,,,,,,,,,,
adapter,candidate,chamfer,30,late-warm,2,13.816775999999663,3.5139390000040294,9.778711999977531,prefix-restore,2,28,2,28,,,,,,,,,,,,,,,
adapter,candidate,chamfer,30,late-warm,3,13.032850999996299,3.586407999995572,9.195721000003687,prefix-restore,2,28,2,28,,,,,,,,,,,,,,,
adapter,candidate,chamfer,30,late-warm,4,13.871628000000783,3.525685999993584,9.951529000005394,prefix-restore,2,28,2,28,,,,,,,,,,,,,,,
adapter,candidate,chamfer,30,late-warm,5,12.396716999995988,3.4792559999987134,8.710285999979533,prefix-restore,2,28,2,28,,,,,,,,,,,,,,,
adapter,candidate,chamfer,30,late-warm,6,18.13286700000026,4.152485999999044,13.670085000005201,prefix-restore,2,28,2,28,,,,,,,,,,,,,,,
adapter,candidate,chamfer,30,late-warm,7,13.318027999994229,3.776661999996577,9.220556000000215,prefix-restore,2,28,2,28,,,,,,,,,,,,,,,
adapter,candidate,chamfer,30,late-warm,8,12.896195999994234,3.781600000002072,8.81623700002092,prefix-restore,2,28,2,28,,,,,,,,,,,,,,,
adapter,candidate,chamfer,30,late-warm,9,13.910146000001987,3.979425999998057,9.693833999997878,prefix-restore,2,28,2,28,,,,,,,,,,,,,,,
adapter,candidate,chamfer,30,late-warm,10,13.29791799999657,3.4369839999999385,9.571719999992638,prefix-restore,2,28,2,28,,,,,,,,,,,,,,,
adapter,candidate,chamfer,30,late-warm,11,13.691217999999935,3.6844639999981155,9.769629999987956,prefix-restore,2,28,2,28,,,,,,,,,,,,,,,
adapter,candidate,chamfer,30,late-warm,12,14.21709600000031,4.664934000000358,9.203841000016837,prefix-restore,2,28,2,28,,,,,,,,,,,,,,,
adapter,candidate,chamfer,30,late-warm,13,13.998508999997284,3.6405979999981355,9.836854999994102,prefix-restore,2,28,2,28,,,,,,,,,,,,,,,
adapter,candidate,chamfer,30,late-warm,14,13.597827999998117,3.9136970000035944,9.316382999983034,prefix-restore,2,28,2,28,,,,,,,,,,,,,,,
adapter,candidate,chamfer,30,late-warm,15,12.985690000001341,3.4571629999991274,9.22680300000502,prefix-restore,2,28,2,28,,,,,,,,,,,,,,,
adapter,candidate,chamfer,30,late-warm,16,13.337156000001414,3.8808589999971446,9.109359000030963,prefix-restore,2,28,2,28,,,,,,,,,,,,,,,
adapter,candidate,chamfer,30,late-warm,17,13.445930000001681,4.1116150000016205,9.034260999986145,prefix-restore,2,28,2,28,,,,,,,,,,,,,,,
adapter,candidate,chamfer,30,late-warm,18,16.843143999998574,3.7937679999959073,12.697046000001137,prefix-restore,2,28,2,28,,,,,,,,,,,,,,,
adapter,candidate,chamfer,30,late-warm,19,12.05441399999836,3.486207000001741,8.292472999972233,prefix-restore,2,28,2,28,,,,,,,,,,,,,,,
adapter,candidate,chamfer,30,late-warm,20,12.771248999997624,3.6468880000029458,8.806056999994325,prefix-restore,2,28,2,28,,,,,,,,,,,,,,,
adapter,candidate,chamfer,30,late-warm,21,13.303687999999966,4.112416000003577,8.86013599998114,prefix-restore,2,28,2,28,,,,,,,,,,,,,,,
adapter,candidate,chamfer,30,late-warm,22,12.999545000006037,3.814987999998266,8.853230999993684,prefix-restore,2,28,2,28,,,,,,,,,,,,,,,
adapter,candidate,chamfer,30,late-warm,23,14.095407000000705,3.692685000001802,10.094127000003937,prefix-restore,2,28,2,28,,,,,,,,,,,,,,,
adapter,candidate,chamfer,30,late-warm,24,13.424482000002172,3.8846730000004754,8.993469000022742,prefix-restore,2,28,2,28,,,,,,,,,,,,,,,
adapter,candidate,chamfer,30,late-warm,25,13.48618500000157,3.914857999996457,9.268259000040416,prefix-restore,2,28,2,28,,,,,,,,,,,,,,,
adapter,candidate,chamfer,30,late-warm,26,12.921657999999297,3.50826799999777,9.032054999981483,prefix-restore,2,28,2,28,,,,,,,,,,,,,,,
adapter,candidate,chamfer,30,late-warm,27,12.715668999997433,3.7283989999996265,8.72307299998647,prefix-restore,2,28,2,28,,,,,,,,,,,,,,,
adapter,candidate,chamfer,30,late-warm,28,14.234056000001146,4.267777000000933,9.613130999998248,prefix-restore,2,28,2,28,,,,,,,,,,,,,,,
adapter,candidate,chamfer,30,late-warm,29,13.48127700000623,3.702328999999736,9.509450999990804,prefix-restore,2,28,2,28,,,,,,,,,,,,,,,
adapter,candidate,chamfer,30,late-warm,30,17.514962000001105,7.401764999995066,9.780989999992016,prefix-restore,2,28,2,28,,,,,,,,,,,,,,,
adapter,candidate,chamfer,100,cold,0,103.23270100000082,25.234752999997,75.96772900001088,full-rebuild,100,0,100,0,,,,,,,,,,,,,,,
adapter,candidate,chamfer,100,warm-repeat,0,28.31509100000403,2.902249999999185,24.52837800002453,independent-reuse,1,80,1,99,,19,,,,,,,,,,,,,
adapter,candidate,chamfer,100,operation-warmup,0,29.16984099999536,2.613076000001456,25.6525329999713,independent-reuse,1,80,1,99,,19,,,,,,,,,,,,,
adapter,candidate,chamfer,100,operation-warm,1,48.67707099999825,2.7673779999968247,44.92171699996834,independent-reuse,1,80,1,99,,19,,,,,,,,,,,,,
adapter,candidate,chamfer,100,operation-warm,2,28.611485000001267,3.3536959999983083,24.37033300001349,independent-reuse,1,80,1,99,,19,,,,,,,,,,,,,
adapter,candidate,chamfer,100,operation-warm,3,32.77256199999829,3.0060759999978472,28.897616000002017,independent-reuse,1,80,1,99,,19,,,,,,,,,,,,,
adapter,candidate,chamfer,100,operation-warm,4,28.212326000000758,2.777733000002627,24.707453999988502,independent-reuse,1,80,1,99,,19,,,,,,,,,,,,,
adapter,candidate,chamfer,100,operation-warm,5,27.616042999994534,2.7157510000033653,24.32059100001061,independent-reuse,1,80,1,99,,19,,,,,,,,,,,,,
adapter,candidate,chamfer,100,operation-warm,6,36.78715899999952,4.204752999998163,31.715169000046444,independent-reuse,1,80,1,99,,19,,,,,,,,,,,,,
adapter,candidate,chamfer,100,operation-warm,7,29.84139800000412,3.3508829999991576,25.87106200002745,independent-reuse,1,80,1,99,,19,,,,,,,,,,,,,
adapter,candidate,chamfer,100,operation-warm,8,28.750553999998374,2.7973930000007385,25.170588999972097,independent-reuse,1,80,1,99,,19,,,,,,,,,,,,,
adapter,candidate,chamfer,100,operation-warm,9,27.57173600000533,3.0845229999977164,23.98567299998831,independent-reuse,1,80,1,99,,19,,,,,,,,,,,,,
adapter,candidate,chamfer,100,operation-warm,10,28.901399999995192,3.482289999999921,24.4674450000457,independent-reuse,1,80,1,99,,19,,,,,,,,,,,,,
adapter,candidate,chamfer,100,operation-warm,11,34.712069000001065,3.155720000002475,30.999622999996063,independent-reuse,1,80,1,99,,19,,,,,,,,,,,,,
adapter,candidate,chamfer,100,operation-warm,12,27.66033900000184,2.8474780000033206,24.111189000002923,independent-reuse,1,80,1,99,,19,,,,,,,,,,,,,
adapter,candidate,chamfer,100,operation-warm,13,27.904686000001675,2.8608490000042366,24.555038999940734,independent-reuse,1,80,1,99,,19,,,,,,,,,,,,,
adapter,candidate,chamfer,100,operation-warm,14,28.16707899999892,2.807928999995056,24.60860199999297,independent-reuse,1,80,1,99,,19,,,,,,,,,,,,,
adapter,candidate,chamfer,100,operation-warm,15,28.370062999994843,3.068017999998119,24.735029999981634,independent-reuse,1,80,1,99,,19,,,,,,,,,,,,,
adapter,candidate,chamfer,100,operation-warm,16,31.466094000003068,2.814057999996294,27.915609999996377,independent-reuse,1,80,1,99,,19,,,,,,,,,,,,,
adapter,candidate,chamfer,100,operation-warm,17,30.439534999997704,3.3343880000029458,26.510977000012645,independent-reuse,1,80,1,99,,19,,,,,,,,,,,,,
adapter,candidate,chamfer,100,operation-warm,18,33.311109000002034,2.907536999991862,29.687498000072083,independent-reuse,1,80,1,99,,19,,,,,,,,,,,,,
adapter,candidate,chamfer,100,operation-warm,19,28.209722999992664,2.8590059999987716,24.805591999858734,independent-reuse,1,80,1,99,,19,,,,,,,,,,,,,
adapter,candidate,chamfer,100,operation-warm,20,29.94647700000496,3.074078000005102,26.036320999992313,independent-reuse,1,80,1,99,,19,,,,,,,,,,,,,
adapter,candidate,chamfer,100,operation-warm,21,29.072346000000834,3.01972699999169,25.487592000106815,independent-reuse,1,80,1,99,,19,,,,,,,,,,,,,
adapter,candidate,chamfer,100,operation-warm,22,30.271243000010145,2.953957999998238,26.568399999974645,independent-reuse,1,80,1,99,,19,,,,,,,,,,,,,
adapter,candidate,chamfer,100,operation-warm,23,32.74821599999268,3.1126559999975143,29.10987499996554,independent-reuse,1,80,1,99,,19,,,,,,,,,,,,,
adapter,candidate,chamfer,100,operation-warm,24,28.567699999999604,3.014619000008679,24.80234500010556,independent-reuse,1,80,1,99,,19,,,,,,,,,,,,,
adapter,candidate,chamfer,100,operation-warm,25,28.65215700000408,2.7381440000026487,25.373338000063086,independent-reuse,1,80,1,99,,19,,,,,,,,,,,,,
adapter,candidate,chamfer,100,operation-warm,26,28.06617799999367,2.7620200000092154,24.459015000145882,independent-reuse,1,80,1,99,,19,,,,,,,,,,,,,
adapter,candidate,chamfer,100,operation-warm,27,27.56785099999979,2.812145000003511,24.258237999936682,independent-reuse,1,80,1,99,,19,,,,,,,,,,,,,
adapter,candidate,chamfer,100,operation-warm,28,33.7269329999981,2.9138270000112243,30.03908099999535,independent-reuse,1,80,1,99,,19,,,,,,,,,,,,,
adapter,candidate,chamfer,100,operation-warm,29,27.82685900000797,3.0177740000071935,24.253822999933618,independent-reuse,1,80,1,99,,19,,,,,,,,,,,,,
adapter,candidate,chamfer,100,operation-warm,30,30.199976000003517,5.997328999990714,23.43568199989386,independent-reuse,1,80,1,99,,19,,,,,,,,,,,,,
adapter,candidate,chamfer,100,early-warmup,0,33.61180099999183,3.0768819999939296,29.84552499995334,independent-reuse,1,80,1,99,,19,,,,,,,,,,,,,
adapter,candidate,chamfer,100,early-warm,1,30.241277999986778,4.150520999988657,25.365589999972144,independent-reuse,2,0,2,98,,98,,,,,,,,,,,,,
adapter,candidate,chamfer,100,early-warm,2,30.661678999997093,4.204763000001549,25.704418000066653,independent-reuse,2,0,2,98,,98,,,,,,,,,,,,,
adapter,candidate,chamfer,100,early-warm,3,29.957523000004585,3.9658349999954225,25.314998000016203,independent-reuse,2,0,2,98,,98,,,,,,,,,,,,,
adapter,candidate,chamfer,100,early-warm,4,32.24004400000558,4.044552000006661,27.459906999923987,independent-reuse,2,0,2,98,,98,,,,,,,,,,,,,
adapter,candidate,chamfer,100,early-warm,5,35.85600400000112,9.758556999993743,25.413473999942653,independent-reuse,2,0,2,98,,98,,,,,,,,,,,,,
adapter,candidate,chamfer,100,early-warm,6,29.86659600000712,4.6161189999984344,24.546297999972012,independent-reuse,2,0,2,98,,98,,,,,,,,,,,,,
adapter,candidate,chamfer,100,early-warm,7,33.40566099999705,4.026545999993687,28.76580100003048,independent-reuse,2,0,2,98,,98,,,,,,,,,,,,,
adapter,candidate,chamfer,100,early-warm,8,30.509951,4.96404099999927,24.836515000046347,independent-reuse,2,0,2,98,,98,,,,,,,,,,,,,
adapter,candidate,chamfer,100,early-warm,9,34.62565000000177,4.083591000002343,29.874175000062678,independent-reuse,2,0,2,98,,98,,,,,,,,,,,,,
adapter,candidate,chamfer,100,early-warm,10,30.618052999998326,4.514457000012044,25.354563000117196,independent-reuse,2,0,2,98,,98,,,,,,,,,,,,,
adapter,candidate,chamfer,100,early-warm,11,29.60300200000347,4.03411700000288,24.958024000021396,independent-reuse,2,0,2,98,,98,,,,,,,,,,,,,
adapter,candidate,chamfer,100,early-warm,12,31.35107099999732,4.048268000013195,26.451808000085293,independent-reuse,2,0,2,98,,98,,,,,,,,,,,,,
adapter,candidate,chamfer,100,early-warm,13,30.025224000011804,4.000266000002739,25.401153000071645,independent-reuse,2,0,2,98,,98,,,,,,,,,,,,,
adapter,candidate,chamfer,100,early-warm,14,30.785304000004544,3.974616999999853,26.045753999991575,independent-reuse,2,0,2,98,,98,,,,,,,,,,,,,
adapter,candidate,chamfer,100,early-warm,15,29.69637099999818,3.9876969999895664,25.018592999957036,independent-reuse,2,0,2,98,,98,,,,,,,,,,,,,
adapter,candidate,chamfer,100,early-warm,16,33.589277000006405,8.27671599999303,24.55655099998694,independent-reuse,2,0,2,98,,98,,,,,,,,,,,,,
adapter,candidate,chamfer,100,early-warm,17,28.905897000004188,3.9814079999923706,24.35470799994073,independent-reuse,2,0,2,98,,98,,,,,,,,,,,,,
adapter,candidate,chamfer,100,early-warm,18,34.26787399999739,4.05841299999156,29.479487000076915,independent-reuse,2,0,2,98,,98,,,,,,,,,,,,,
adapter,candidate,chamfer,100,early-warm,19,28.645225999993272,3.7649729999975534,24.282942000005278,independent-reuse,2,0,2,98,,98,,,,,,,,,,,,,
adapter,candidate,chamfer,100,early-warm,20,35.312899999989895,3.922809999989113,30.509504000045126,independent-reuse,2,0,2,98,,98,,,,,,,,,,,,,
adapter,candidate,chamfer,100,early-warm,21,30.102891000002273,4.101246999998693,25.307569999975385,independent-reuse,2,0,2,98,,98,,,,,,,,,,,,,
adapter,candidate,chamfer,100,early-warm,22,29.67032299999846,3.9888189999910537,24.987845000010566,independent-reuse,2,0,2,98,,98,,,,,,,,,,,,,
adapter,candidate,chamfer,100,early-warm,23,34.59124800001155,6.110249000004842,26.26789400006237,independent-reuse,2,0,2,98,,98,,,,,,,,,,,,,
adapter,candidate,chamfer,100,early-warm,24,30.885232999993605,4.084803000005195,25.9435510001058,independent-reuse,2,0,2,98,,98,,,,,,,,,,,,,
adapter,candidate,chamfer,100,early-warm,25,34.687882999991416,4.225413000007393,29.78495400000247,independent-reuse,2,0,2,98,,98,,,,,,,,,,,,,
adapter,candidate,chamfer,100,early-warm,26,29.909510999990744,4.077390999998897,24.991734999915934,independent-reuse,2,0,2,98,,98,,,,,,,,,,,,,
adapter,candidate,chamfer,100,early-warm,27,35.20941500000481,3.8927040000126,30.68409799989604,independent-reuse,2,0,2,98,,98,,,,,,,,,,,,,
adapter,candidate,chamfer,100,early-warm,28,29.43963699998858,3.947667000000365,24.76059100004204,independent-reuse,2,0,2,98,,98,,,,,,,,,,,,,
adapter,candidate,chamfer,100,early-warm,29,31.691953000001376,4.235398999997415,26.77572599996347,independent-reuse,2,0,2,98,,98,,,,,,,,,,,,,
adapter,candidate,chamfer,100,early-warm,30,32.14760599999863,4.188276999993832,27.20033299989882,independent-reuse,2,0,2,98,,98,,,,,,,,,,,,,
adapter,candidate,chamfer,100,late-warmup,0,28.84915200000978,3.1269069999980275,24.998085999992327,independent-reuse,1,80,1,99,,19,,,,,,,,,,,,,
adapter,candidate,chamfer,100,late-warm,1,39.18862900001113,2.902881999994861,35.21827699999267,independent-reuse,2,80,2,98,,18,,,,,,,,,,,,,
adapter,candidate,chamfer,100,late-warm,2,32.981526000003214,3.4604269999981625,28.606679000033182,independent-reuse,2,80,2,98,,18,,,,,,,,,,,,,
adapter,candidate,chamfer,100,late-warm,3,28.775141000005533,3.237552999999025,24.99304099995061,independent-reuse,2,80,2,98,,18,,,,,,,,,,,,,
adapter,candidate,chamfer,100,late-warm,4,34.56331599999976,3.906695999990916,29.839594999939436,independent-reuse,2,80,2,98,,18,,,,,,,,,,,,,
adapter,candidate,chamfer,100,late-warm,5,28.886027000000468,3.269920999999158,25.013294999924256,independent-reuse,2,80,2,98,,18,,,,,,,,,,,,,
adapter,candidate,chamfer,100,late-warm,6,38.04449400000158,3.4160199999896577,33.62754399992991,independent-reuse,2,80,2,98,,18,,,,,,,,,,,,,
adapter,candidate,chamfer,100,late-warm,7,29.926697000002605,3.390882000006968,25.99528100003954,independent-reuse,2,80,2,98,,18,,,,,,,,,,,,,
adapter,candidate,chamfer,100,late-warm,8,33.761244000008446,3.544592999998713,29.379643999986,independent-reuse,2,80,2,98,,18,,,,,,,,,,,,,
adapter,candidate,chamfer,100,late-warm,9,36.389443000007304,3.6585829999967245,32.05822200003604,independent-reuse,2,80,2,98,,18,,,,,,,,,,,,,
adapter,candidate,chamfer,100,late-warm,10,29.160980000000563,3.4689590000052704,24.847673999887775,independent-reuse,2,80,2,98,,18,,,,,,,,,,,,,
adapter,candidate,chamfer,100,late-warm,11,29.757182999994257,3.1027009999961592,26.096562000064296,independent-reuse,2,80,2,98,,18,,,,,,,,,,,,,
adapter,candidate,chamfer,100,late-warm,12,31.689770000011777,3.6925849999970524,27.21263300011924,independent-reuse,2,80,2,98,,18,,,,,,,,,,,,,
adapter,candidate,chamfer,100,late-warm,13,41.01624899999297,3.535600000002887,36.68490099992778,independent-reuse,2,80,2,98,,18,,,,,,,,,,,,,
adapter,candidate,chamfer,100,late-warm,14,32.890821000008145,3.357062000010046,28.5168550000526,independent-reuse,2,80,2,98,,18,,,,,,,,,,,,,
adapter,candidate,chamfer,100,late-warm,15,42.69673799999873,3.356461000003037,38.64974099994288,independent-reuse,2,80,2,98,,18,,,,,,,,,,,,,
adapter,candidate,chamfer,100,late-warm,16,35.12248499999987,3.6643130000011297,30.64021899999352,independent-reuse,2,80,2,98,,18,,,,,,,,,,,,,
adapter,candidate,chamfer,100,late-warm,17,57.47744299999613,4.944582000010996,51.64697599991632,independent-reuse,2,80,2,98,,18,,,,,,,,,,,,,
adapter,candidate,chamfer,100,late-warm,18,33.8483159999887,4.512364000009256,28.31571100000292,independent-reuse,2,80,2,98,,18,,,,,,,,,,,,,
adapter,candidate,chamfer,100,late-warm,19,31.030873000010615,3.1072370000038063,27.26654100000451,independent-reuse,2,80,2,98,,18,,,,,,,,,,,,,
adapter,candidate,chamfer,100,late-warm,20,32.82020400000329,4.174927000000025,27.634198999920045,independent-reuse,2,80,2,98,,18,,,,,,,,,,,,,
adapter,candidate,chamfer,100,late-warm,21,36.989114000010886,3.739414999989094,32.62125399991055,independent-reuse,2,80,2,98,,18,,,,,,,,,,,,,
adapter,candidate,chamfer,100,late-warm,22,36.03064599999925,4.445032999996329,30.5996090000408,independent-reuse,2,80,2,98,,18,,,,,,,,,,,,,
adapter,candidate,chamfer,100,late-warm,23,39.33074299999862,3.8439419999922393,34.82362899999134,independent-reuse,2,80,2,98,,18,,,,,,,,,,,,,
adapter,candidate,chamfer,100,late-warm,24,33.6125919999904,4.071583000011742,28.742458000037004,independent-reuse,2,80,2,98,,18,,,,,,,,,,,,,
adapter,candidate,chamfer,100,late-warm,25,31.32927999999083,3.4255750000011176,27.308078000045498,independent-reuse,2,80,2,98,,18,,,,,,,,,,,,,
adapter,candidate,chamfer,100,late-warm,26,31.36431299999822,3.419335000013234,27.09647299993958,independent-reuse,2,80,2,98,,18,,,,,,,,,,,,,
adapter,candidate,chamfer,100,late-warm,27,35.04289599999902,3.92943999999261,30.365862000049674,independent-reuse,2,80,2,98,,18,,,,,,,,,,,,,
adapter,candidate,chamfer,100,late-warm,28,38.957924000002095,9.072578000006615,28.97768499996164,independent-reuse,2,80,2,98,,18,,,,,,,,,,,,,
adapter,candidate,chamfer,100,late-warm,29,31.817160999999032,3.4759199999971315,27.748730000006617,independent-reuse,2,80,2,98,,18,,,,,,,,,,,,,
adapter,candidate,chamfer,100,late-warm,30,42.12262300000293,3.7062450000084937,37.19221999990987,independent-reuse,2,80,2,98,,18,,,,,,,,,,,,,
adapter,candidate,pattern,30,cold,0,42.196993999998085,13.907096000009915,27.77319600005285,full-rebuild,30,0,30,0,,,,,,,,,,,,,,,
adapter,candidate,pattern,30,warm-repeat,0,14.238192000004346,2.313267999998061,11.580997000055504,independent-reuse,1,28,1,29,,1,,,,,,,,,,,,,
adapter,candidate,pattern,30,operation-warmup,0,13.454927999991924,1.7678000000014435,11.360036999962176,independent-reuse,1,28,1,29,,1,,,,,,,,,,,,,
adapter,candidate,pattern,30,operation-warm,1,14.83986300000106,2.301850000003469,12.191104999947129,independent-reuse,1,28,1,29,,1,,,,,,,,,,,,,
adapter,candidate,pattern,30,operation-warm,2,13.178813999998965,1.7664370000129566,11.052189999973052,independent-reuse,1,28,1,29,,1,,,,,,,,,,,,,
adapter,candidate,pattern,30,operation-warm,3,14.733754000000772,2.1934979999932693,12.198411999997916,independent-reuse,1,28,1,29,,1,,,,,,,,,,,,,
adapter,candidate,pattern,30,operation-warm,4,13.364351999989594,1.7820709999941755,11.188672999996925,independent-reuse,1,28,1,29,,1,,,,,,,,,,,,,
adapter,candidate,pattern,30,operation-warm,5,13.72135699998762,1.8357510000059847,11.546126999979606,independent-reuse,1,28,1,29,,1,,,,,,,,,,,,,
adapter,candidate,pattern,30,operation-warm,6,11.937143000002834,1.7811000000074273,9.817257999951835,independent-reuse,1,28,1,29,,1,,,,,,,,,,,,,
adapter,candidate,pattern,30,operation-warm,7,14.803348999994341,2.3355909999954747,12.150913999968907,independent-reuse,1,28,1,29,,1,,,,,,,,,,,,,
adapter,candidate,pattern,30,operation-warm,8,12.908037999994121,1.889913000006345,10.670038000083878,independent-reuse,1,28,1,29,,1,,,,,,,,,,,,,
adapter,candidate,pattern,30,operation-warm,9,14.689527999988059,2.2064380000083474,12.129478000017116,independent-reuse,1,28,1,29,,1,,,,,,,,,,,,,
adapter,candidate,pattern,30,operation-warm,10,13.302148999995552,1.745305999997072,11.21611700001813,independent-reuse,1,28,1,29,,1,,,,,,,,,,,,,
adapter,candidate,pattern,30,operation-warm,11,14.192303000003449,2.219096000000718,11.674098999996204,independent-reuse,1,28,1,29,,1,,,,,,,,,,,,,
adapter,candidate,pattern,30,operation-warm,12,13.913174000001163,2.190543999997317,11.281431000010343,independent-reuse,1,28,1,29,,1,,,,,,,,,,,,,
adapter,candidate,pattern,30,operation-warm,13,13.913936000011745,2.3296620000037365,11.283754000032786,independent-reuse,1,28,1,29,,1,,,,,,,,,,,,,
adapter,candidate,pattern,30,operation-warm,14,11.851550000006682,1.6456369999941671,9.894552999990992,independent-reuse,1,28,1,29,,1,,,,,,,,,,,,,
adapter,candidate,pattern,30,operation-warm,15,16.58032200000889,1.733418999996502,14.467764999979408,independent-reuse,1,28,1,29,,1,,,,,,,,,,,,,
adapter,candidate,pattern,30,operation-warm,16,12.717172000004211,1.750994999994873,10.606519000051776,independent-reuse,1,28,1,29,,1,,,,,,,,,,,,,
adapter,candidate,pattern,30,operation-warm,17,12.579616000002716,2.4808979999943404,9.841575000013108,independent-reuse,1,28,1,29,,1,,,,,,,,,,,,,
adapter,candidate,pattern,30,operation-warm,18,11.938383999993675,1.575020999996923,10.050193999981275,independent-reuse,1,28,1,29,,1,,,,,,,,,,,,,
adapter,candidate,pattern,30,operation-warm,19,12.501157999999123,1.9329870000074152,10.221734999999171,independent-reuse,1,28,1,29,,1,,,,,,,,,,,,,
adapter,candidate,pattern,30,operation-warm,20,11.392806999996537,1.7444350000005215,9.293962000054307,independent-reuse,1,28,1,29,,1,,,,,,,,,,,,,
adapter,candidate,pattern,30,operation-warm,21,15.458851999996114,2.1266169999871636,13.034281000029296,independent-reuse,1,28,1,29,,1,,,,,,,,,,,,,
adapter,candidate,pattern,30,operation-warm,22,13.923530000000028,2.0527169999986654,11.509779000058188,independent-reuse,1,28,1,29,,1,,,,,,,,,,,,,
adapter,candidate,pattern,30,operation-warm,23,13.452243000007002,2.266347000011592,10.892324999993434,independent-reuse,1,28,1,29,,1,,,,,,,,,,,,,
adapter,candidate,pattern,30,operation-warm,24,13.932623000000603,1.829301999998279,11.755600999982562,independent-reuse,1,28,1,29,,1,,,,,,,,,,,,,
adapter,candidate,pattern,30,operation-warm,25,13.266503999999259,2.6416900000040187,10.361700999987079,independent-reuse,1,28,1,29,,1,,,,,,,,,,,,,
adapter,candidate,pattern,30,operation-warm,26,11.653426999997464,1.9410990000033053,9.385877000066102,independent-reuse,1,28,1,29,,1,,,,,,,,,,,,,
adapter,candidate,pattern,30,operation-warm,27,14.781987000009394,2.12149999999383,12.366344000038225,independent-reuse,1,28,1,29,,1,,,,,,,,,,,,,
adapter,candidate,pattern,30,operation-warm,28,11.910011999993003,1.6817809999920428,9.894251000019722,independent-reuse,1,28,1,29,,1,,,,,,,,,,,,,
adapter,candidate,pattern,30,operation-warm,29,14.123670000000857,2.697813999999198,11.101250000036089,independent-reuse,1,28,1,29,,1,,,,,,,,,,,,,
adapter,candidate,pattern,30,operation-warm,30,14.223820999992313,1.8410900000017136,11.832777000003261,independent-reuse,1,28,1,29,,1,,,,,,,,,,,,,
adapter,candidate,pattern,30,early-warmup,0,16.859230000001844,2.299656999995932,14.262807999984943,independent-reuse,1,28,1,29,,1,,,,,,,,,,,,,
adapter,candidate,pattern,30,early-warm,1,16.109517000004416,3.861548999993829,11.993936000028043,independent-reuse,2,0,2,28,,28,,,,,,,,,,,,,
adapter,candidate,pattern,30,early-warm,2,13.980566000012914,3.025024000002304,10.61148500003037,independent-reuse,2,0,2,28,,28,,,,,,,,,,,,,
adapter,candidate,pattern,30,early-warm,3,17.83709600000293,2.6784349999943515,14.881036000020686,independent-reuse,2,0,2,28,,28,,,,,,,,,,,,,
adapter,candidate,pattern,30,early-warm,4,13.781928000011249,3.0641729999915697,10.45912099997804,independent-reuse,2,0,2,28,,28,,,,,,,,,,,,,
adapter,candidate,pattern,30,early-warm,5,13.517191000006278,2.9107530000037514,10.400239000009606,independent-reuse,2,0,2,28,,28,,,,,,,,,,,,,
adapter,candidate,pattern,30,early-warm,6,13.565233000001172,2.8391149999952177,10.456463000024087,independent-reuse,2,0,2,28,,28,,,,,,,,,,,,,
adapter,candidate,pattern,30,early-warm,7,14.331221000000369,3.000717999995686,11.094439000080456,independent-reuse,2,0,2,28,,28,,,,,,,,,,,,,
adapter,candidate,pattern,30,early-warm,8,15.55788899998879,2.95430800000031,12.317998000013176,independent-reuse,2,0,2,28,,28,,,,,,,,,,,,,
adapter,candidate,pattern,30,early-warm,9,15.67170000000624,3.3220000000001164,12.118364000038127,independent-reuse,2,0,2,28,,28,,,,,,,,,,,,,
adapter,candidate,pattern,30,early-warm,10,18.536244000002625,3.137413000004017,15.122899999973015,independent-reuse,2,0,2,28,,28,,,,,,,,,,,,,
adapter,candidate,pattern,30,early-warm,11,12.878754000004847,2.8229619999910938,9.856472999992548,independent-reuse,2,0,2,28,,28,,,,,,,,,,,,,
adapter,candidate,pattern,30,early-warm,12,19.512466999993194,3.679405000002589,15.486290000015288,independent-reuse,2,0,2,28,,28,,,,,,,,,,,,,
adapter,candidate,pattern,30,early-warm,13,14.534245999995619,3.1952000000019325,11.091635000018869,independent-reuse,2,0,2,28,,28,,,,,,,,,,,,,
adapter,candidate,pattern,30,early-warm,14,18.143376000007265,7.5242379999981495,10.277699999991455,independent-reuse,2,0,2,28,,28,,,,,,,,,,,,,
adapter,candidate,pattern,30,early-warm,15,14.49717000000237,3.13405700000294,11.131552999955602,independent-reuse,2,0,2,28,,28,,,,,,,,,,,,,
adapter,candidate,pattern,30,early-warm,16,13.8461440000101,3.496791999990819,10.008863999988534,independent-reuse,2,0,2,28,,28,,,,,,,,,,,,,
adapter,candidate,pattern,30,early-warm,17,15.209688000002643,3.260476999988896,11.682750999971176,independent-reuse,2,0,2,28,,28,,,,,,,,,,,,,
adapter,candidate,pattern,30,early-warm,18,15.21052900000359,3.5390950000000885,11.335660000011558,independent-reuse,2,0,2,28,,28,,,,,,,,,,,,,
adapter,candidate,pattern,30,early-warm,19,13.680145000005723,3.2532459999929415,10.224786000020686,independent-reuse,2,0,2,28,,28,,,,,,,,,,,,,
adapter,candidate,pattern,30,early-warm,20,24.082546999998158,3.268698999992921,20.53157100005774,independent-reuse,2,0,2,28,,28,,,,,,,,,,,,,
adapter,candidate,pattern,30,early-warm,21,15.500904000000446,3.290022000001045,11.941020000056596,independent-reuse,2,0,2,28,,28,,,,,,,,,,,,,
adapter,candidate,pattern,30,early-warm,22,15.240843999999925,3.1866660000086995,11.772441000037361,independent-reuse,2,0,2,28,,28,,,,,,,,,,,,,
adapter,candidate,pattern,30,early-warm,23,14.9372999999905,3.3996059999917634,11.309202999953413,independent-reuse,2,0,2,28,,28,,,,,,,,,,,,,
adapter,candidate,pattern,30,early-warm,24,14.555156999995233,3.4079880000062985,10.72671999996237,independent-reuse,2,0,2,28,,28,,,,,,,,,,,,,
adapter,candidate,pattern,30,early-warm,25,18.278097000002163,6.629576999999699,11.395774000018719,independent-reuse,2,0,2,28,,28,,,,,,,,,,,,,
adapter,candidate,pattern,30,early-warm,26,15.026463000001968,3.4607379999943078,11.286525000017718,independent-reuse,2,0,2,28,,28,,,,,,,,,,,,,
adapter,candidate,pattern,30,early-warm,27,14.538561999986996,3.6603959999920335,10.655526000031387,independent-reuse,2,0,2,28,,28,,,,,,,,,,,,,
adapter,candidate,pattern,30,early-warm,28,15.46203599999717,3.6671060000080615,11.520747999966261,independent-reuse,2,0,2,28,,28,,,,,,,,,,,,,
adapter,candidate,pattern,30,early-warm,29,15.368095999991056,4.027906999996048,11.088360999972792,independent-reuse,2,0,2,28,,28,,,,,,,,,,,,,
adapter,candidate,pattern,30,early-warm,30,15.039182000007713,3.510190999993938,11.168230999974185,independent-reuse,2,0,2,28,,28,,,,,,,,,,,,,
adapter,candidate,pattern,30,late-warmup,0,13.619745000003604,2.3621899999998277,10.95154399999592,independent-reuse,1,28,1,29,,1,,,,,,,,,,,,,
adapter,candidate,pattern,30,late-warm,1,16.257677999994485,4.575377999994089,11.388509999989765,prefix-restore,2,28,2,28,,,,,,,,,,,,,,,
adapter,candidate,pattern,30,late-warm,2,16.72322699999495,4.8580220000003465,11.58718900004169,prefix-restore,2,28,2,28,,,,,,,,,,,,,,,
adapter,candidate,pattern,30,late-warm,3,15.991078999999445,4.766705000001821,10.873608999987482,prefix-restore,2,28,2,28,,,,,,,,,,,,,,,
adapter,candidate,pattern,30,late-warm,4,18.951016000006348,5.232313000000431,13.374286999940523,prefix-restore,2,28,2,28,,,,,,,,,,,,,,,
adapter,candidate,pattern,30,late-warm,5,16.462335000003804,4.796940000000177,11.454388000012841,prefix-restore,2,28,2,28,,,,,,,,,,,,,,,
adapter,candidate,pattern,30,late-warm,6,33.53152499999851,12.115494999990915,20.895201000006637,prefix-restore,2,28,2,28,,,,,,,,,,,,,,,
adapter,candidate,pattern,30,late-warm,7,17.591497999994317,5.764249999992899,11.599552999963635,prefix-restore,2,28,2,28,,,,,,,,,,,,,,,
adapter,candidate,pattern,30,late-warm,8,16.666441999987,5.2956279999925755,10.76174300002458,prefix-restore,2,28,2,28,,,,,,,,,,,,,,,
adapter,candidate,pattern,30,late-warm,9,15.656617000000551,4.9092579999996815,10.517451000006986,prefix-restore,2,28,2,28,,,,,,,,,,,,,,,
adapter,candidate,pattern,30,late-warm,10,15.510148000001209,4.821046999990358,10.439106999954674,prefix-restore,2,28,2,28,,,,,,,,,,,,,,,
adapter,candidate,pattern,30,late-warm,11,22.909308000002056,9.852237999992212,12.611115000006976,prefix-restore,2,28,2,28,,,,,,,,,,,,,,,
adapter,candidate,pattern,30,late-warm,12,17.202714999992168,5.95688899999368,10.969497000027332,prefix-restore,2,28,2,28,,,,,,,,,,,,,,,
adapter,candidate,pattern,30,late-warm,13,21.8607869999978,9.374421000000439,12.095539000001736,prefix-restore,2,28,2,28,,,,,,,,,,,,,,,
adapter,candidate,pattern,30,late-warm,14,17.581214000005275,5.613244000007398,11.705052999983309,prefix-restore,2,28,2,28,,,,,,,,,,,,,,,
adapter,candidate,pattern,30,late-warm,15,17.1888489999983,5.5927049999882,11.37125399998331,prefix-restore,2,28,2,28,,,,,,,,,,,,,,,
adapter,candidate,pattern,30,late-warm,16,19.789827000000514,5.8880670000071405,13.56474700004037,prefix-restore,2,28,2,28,,,,,,,,,,,,,,,
adapter,candidate,pattern,30,late-warm,17,17.094616000002134,5.87992399999348,10.966845999995712,prefix-restore,2,28,2,28,,,,,,,,,,,,,,,
adapter,candidate,pattern,30,late-warm,18,15.95852400000149,5.304331999999704,10.348432999977376,prefix-restore,2,28,2,28,,,,,,,,,,,,,,,
adapter,candidate,pattern,30,late-warm,19,17.927556000009645,5.461857999995118,12.224194000053103,prefix-restore,2,28,2,28,,,,,,,,,,,,,,,
adapter,candidate,pattern,30,late-warm,20,21.285178000005544,6.264821000004304,14.496410999985528,prefix-restore,2,28,2,28,,,,,,,,,,,,,,,
adapter,candidate,pattern,30,late-warm,21,17.582448000001023,4.998963999998523,12.345077000019955,prefix-restore,2,28,2,28,,,,,,,,,,,,,,,
adapter,candidate,pattern,30,late-warm,22,19.78556099999696,4.971793000004254,14.501959999994142,prefix-restore,2,28,2,28,,,,,,,,,,,,,,,
adapter,candidate,pattern,30,late-warm,23,15.438953999997466,4.610270999997738,10.572849000003771,prefix-restore,2,28,2,28,,,,,,,,,,,,,,,
adapter,candidate,pattern,30,late-warm,24,26.681197999991127,9.095095000011497,17.30751699997927,prefix-restore,2,28,2,28,,,,,,,,,,,,,,,
adapter,candidate,pattern,30,late-warm,25,16.733806000003824,5.976519999996526,10.540280999994138,prefix-restore,2,28,2,28,,,,,,,,,,,,,,,
adapter,candidate,pattern,30,late-warm,26,17.290110000001732,5.5135060000029625,11.471807000008994,prefix-restore,2,28,2,28,,,,,,,,,,,,,,,
adapter,candidate,pattern,30,late-warm,27,17.300224999999045,6.328767999992124,10.6778270000068,prefix-restore,2,28,2,28,,,,,,,,,,,,,,,
adapter,candidate,pattern,30,late-warm,28,17.4870249999949,5.349728999994113,11.78843900001084,prefix-restore,2,28,2,28,,,,,,,,,,,,,,,
adapter,candidate,pattern,30,late-warm,29,17.545593000002555,6.203350000010687,11.114004000002751,prefix-restore,2,28,2,28,,,,,,,,,,,,,,,
adapter,candidate,pattern,30,late-warm,30,19.037028999999166,6.085322999992059,12.589041999963229,prefix-restore,2,28,2,28,,,,,,,,,,,,,,,
adapter,candidate,pattern,100,cold,0,111.82189300000027,22.75132699999085,87.20731999992859,full-rebuild,100,0,100,0,,,,,,,,,,,,,,,
adapter,candidate,pattern,100,warm-repeat,0,40.17380499999854,2.9309329999960028,36.40386000004946,independent-reuse,1,80,1,99,,19,,,,,,,,,,,,,
adapter,candidate,pattern,100,operation-warmup,0,37.58390700000746,3.384899000011501,33.41530499997316,independent-reuse,1,80,1,99,,19,,,,,,,,,,,,,
adapter,candidate,pattern,100,operation-warm,1,32.5663210000057,2.4611189999995986,29.275623999972595,independent-reuse,1,80,1,99,,19,,,,,,,,,,,,,
adapter,candidate,pattern,100,operation-warm,2,39.00818699999945,3.009992000006605,35.13596000007237,independent-reuse,1,80,1,99,,19,,,,,,,,,,,,,
adapter,candidate,pattern,100,operation-warm,3,44.242794999998296,3.056922999996459,40.53222200006712,independent-reuse,1,80,1,99,,19,,,,,,,,,,,,,
adapter,candidate,pattern,100,operation-warm,4,31.52024199999869,2.5041239999991376,28.180334000033326,independent-reuse,1,80,1,99,,19,,,,,,,,,,,,,
adapter,candidate,pattern,100,operation-warm,5,33.91666499999701,2.873648000007961,30.3674989999854,independent-reuse,1,80,1,99,,19,,,,,,,,,,,,,
adapter,candidate,pattern,100,operation-warm,6,33.91491200000746,2.537054000000353,30.469290000139154,independent-reuse,1,80,1,99,,19,,,,,,,,,,,,,
adapter,candidate,pattern,100,operation-warm,7,43.205149000001256,9.792759999996633,32.763795000020764,independent-reuse,1,80,1,99,,19,,,,,,,,,,,,,
adapter,candidate,pattern,100,operation-warm,8,32.955944999994244,2.819336000000476,29.301647000014782,independent-reuse,1,80,1,99,,19,,,,,,,,,,,,,
adapter,candidate,pattern,100,operation-warm,9,37.75071300000127,2.9811290000070585,34.16267800006608,independent-reuse,1,80,1,99,,19,,,,,,,,,,,,,
adapter,candidate,pattern,100,operation-warm,10,32.980381000001216,2.693887999994331,29.496915000025183,independent-reuse,1,80,1,99,,19,,,,,,,,,,,,,
adapter,candidate,pattern,100,operation-warm,11,34.61727499999688,2.8197369999979855,31.10884700011229,independent-reuse,1,80,1,99,,19,,,,,,,,,,,,,
adapter,candidate,pattern,100,operation-warm,12,34.33907799998997,3.9297309999965364,29.574282999834395,independent-reuse,1,80,1,99,,19,,,,,,,,,,,,,
adapter,candidate,pattern,100,operation-warm,13,34.28377600001113,2.793187000002945,30.78803200008406,independent-reuse,1,80,1,99,,19,,,,,,,,,,,,,
adapter,candidate,pattern,100,operation-warm,14,32.95719600000302,3.129230999998981,29.006164999940665,independent-reuse,1,80,1,99,,19,,,,,,,,,,,,,
adapter,candidate,pattern,100,operation-warm,15,31.847764000005554,2.653137000001152,28.60468699997,independent-reuse,1,80,1,99,,19,,,,,,,,,,,,,
adapter,candidate,pattern,100,operation-warm,16,37.38951999999699,3.0254750000021886,33.41203700004553,independent-reuse,1,80,1,99,,19,,,,,,,,,,,,,
adapter,candidate,pattern,100,operation-warm,17,32.491087999995216,2.8477180000045337,29.058839999954216,independent-reuse,1,80,1,99,,19,,,,,,,,,,,,,
adapter,candidate,pattern,100,operation-warm,18,32.751548000000184,3.3328760000003967,28.480075999934343,independent-reuse,1,80,1,99,,19,,,,,,,,,,,,,
adapter,candidate,pattern,100,operation-warm,19,30.649055999994744,2.91867599998659,27.176322999977856,independent-reuse,1,80,1,99,,19,,,,,,,,,,,,,
adapter,candidate,pattern,100,operation-warm,20,30.059481999996933,2.876531999994768,26.432969000015873,independent-reuse,1,80,1,99,,19,,,,,,,,,,,,,
adapter,candidate,pattern,100,operation-warm,21,35.978956999999355,7.770889999999781,27.62235999997938,independent-reuse,1,80,1,99,,19,,,,,,,,,,,,,
adapter,candidate,pattern,100,operation-warm,22,29.454434999992372,2.6356309999973746,26.105326999837416,independent-reuse,1,80,1,99,,19,,,,,,,,,,,,,
adapter,candidate,pattern,100,operation-warm,23,42.615205000009155,2.6209490000037476,39.12742099989555,independent-reuse,1,80,1,99,,19,,,,,,,,,,,,,
adapter,candidate,pattern,100,operation-warm,24,31.960116000002017,2.8142989999905694,28.33089500006463,independent-reuse,1,80,1,99,,19,,,,,,,,,,,,,
adapter,candidate,pattern,100,operation-warm,25,32.99461599999631,3.0743579999980284,29.289066999961506,independent-reuse,1,80,1,99,,19,,,,,,,,,,,,,
adapter,candidate,pattern,100,operation-warm,26,30.866227000005892,2.702940999995917,27.359345000018948,independent-reuse,1,80,1,99,,19,,,,,,,,,,,,,
adapter,candidate,pattern,100,operation-warm,27,35.35743800000637,3.0006480000010924,31.74795900004392,independent-reuse,1,80,1,99,,19,,,,,,,,,,,,,
adapter,candidate,pattern,100,operation-warm,28,35.24840500000573,3.1319340000045486,31.285300999923493,independent-reuse,1,80,1,99,,19,,,,,,,,,,,,,
adapter,candidate,pattern,100,operation-warm,29,36.399941000010585,2.9831209999974817,32.803263999914634,independent-reuse,1,80,1,99,,19,,,,,,,,,,,,,
adapter,candidate,pattern,100,operation-warm,30,39.022440999993705,3.46844900000724,34.35558799999126,independent-reuse,1,80,1,99,,19,,,,,,,,,,,,,
adapter,candidate,pattern,100,early-warmup,0,33.35718000000634,3.1525450000044657,29.412969999961206,independent-reuse,1,80,1,99,,19,,,,,,,,,,,,,
adapter,candidate,pattern,100,early-warm,1,35.42900499999814,4.9484969999903115,29.718240000060177,independent-reuse,2,0,2,98,,98,,,,,,,,,,,,,
adapter,candidate,pattern,100,early-warm,2,34.20964699999604,4.631281000009039,28.79503200011095,independent-reuse,2,0,2,98,,98,,,,,,,,,,,,,
adapter,candidate,pattern,100,early-warm,3,34.12643299999763,3.8619590000016615,29.670468999858713,independent-reuse,2,0,2,98,,98,,,,,,,,,,,,,
adapter,candidate,pattern,100,early-warm,4,34.360032999989926,4.172755000006873,29.35181500001636,independent-reuse,2,0,2,98,,98,,,,,,,,,,,,,
adapter,candidate,pattern,100,early-warm,5,38.93938700000581,4.7314619999961,33.47204300000158,independent-reuse,2,0,2,98,,98,,,,,,,,,,,,,
adapter,candidate,pattern,100,early-warm,6,49.936879999993835,4.279313999999431,40.29222699991078,independent-reuse,2,0,2,98,,98,,,,,,,,,,,,,
adapter,candidate,pattern,100,early-warm,7,34.50400800000352,4.144662999999127,29.723330999942846,independent-reuse,2,0,2,98,,98,,,,,,,,,,,,,
adapter,candidate,pattern,100,early-warm,8,37.68036899999424,3.817561999996542,33.12082200005534,independent-reuse,2,0,2,98,,98,,,,,,,,,,,,,
adapter,candidate,pattern,100,early-warm,9,33.48286800000642,4.17078099999344,28.697524000046542,independent-reuse,2,0,2,98,,98,,,,,,,,,,,,,
adapter,candidate,pattern,100,early-warm,10,39.37129399999685,4.130571999994572,34.42401499998232,independent-reuse,2,0,2,98,,98,,,,,,,,,,,,,
adapter,candidate,pattern,100,early-warm,11,39.5678329999937,7.744439000001876,31.10266600000614,independent-reuse,2,0,2,98,,98,,,,,,,,,,,,,
adapter,candidate,pattern,100,early-warm,12,33.85505500000727,6.290991000001668,26.669662999993307,independent-reuse,2,0,2,98,,98,,,,,,,,,,,,,
adapter,candidate,pattern,100,early-warm,13,36.27896799999871,4.341549000004306,31.208917000010842,independent-reuse,2,0,2,98,,98,,,,,,,,,,,,,
adapter,candidate,pattern,100,early-warm,14,34.612890999997035,4.576090000002296,29.122677000093972,independent-reuse,2,0,2,98,,98,,,,,,,,,,,,,
adapter,candidate,pattern,100,early-warm,15,33.43885200000659,4.944862999996985,27.94002599992382,independent-reuse,2,0,2,98,,98,,,,,,,,,,,,,
adapter,candidate,pattern,100,early-warm,16,34.38110400000005,4.795910000000731,28.716763999967952,independent-reuse,2,0,2,98,,98,,,,,,,,,,,,,
adapter,candidate,pattern,100,early-warm,17,32.4538440000033,4.276291000001947,27.60025199998927,independent-reuse,2,0,2,98,,98,,,,,,,,,,,,,
adapter,candidate,pattern,100,early-warm,18,36.85586300000432,4.4918240000115475,31.511911999885342,independent-reuse,2,0,2,98,,98,,,,,,,,,,,,,
adapter,candidate,pattern,100,early-warm,19,32.729667000006884,4.602409999992233,27.55469499998435,independent-reuse,2,0,2,98,,98,,,,,,,,,,,,,
adapter,candidate,pattern,100,early-warm,20,55.10585899998841,5.2410669999953825,47.537256999945384,independent-reuse,2,0,2,98,,98,,,,,,,,,,,,,
adapter,candidate,pattern,100,early-warm,21,45.83764899999369,11.498557999992045,33.498379000026034,independent-reuse,2,0,2,98,,98,,,,,,,,,,,,,
adapter,candidate,pattern,100,early-warm,22,38.8982260000048,4.726335999992443,33.030697000038344,independent-reuse,2,0,2,98,,98,,,,,,,,,,,,,
adapter,candidate,pattern,100,early-warm,23,44.07499199999438,5.197591999996803,38.17856099984783,independent-reuse,2,0,2,98,,98,,,,,,,,,,,,,
adapter,candidate,pattern,100,early-warm,24,36.37007600000652,5.144192000007024,30.366210999971372,independent-reuse,2,0,2,98,,98,,,,,,,,,,,,,
adapter,candidate,pattern,100,early-warm,25,39.62430399999721,5.090021000010893,33.896971000009216,independent-reuse,2,0,2,98,,98,,,,,,,,,,,,,
adapter,candidate,pattern,100,early-warm,26,34.077980000001844,5.431463000000804,27.887893000020995,independent-reuse,2,0,2,98,,98,,,,,,,,,,,,,
adapter,candidate,pattern,100,early-warm,27,41.117683000004035,4.672315000003437,35.7912040000665,independent-reuse,2,0,2,98,,98,,,,,,,,,,,,,
adapter,candidate,pattern,100,early-warm,28,35.76884400000563,4.6685489999945275,30.291598000068916,independent-reuse,2,0,2,98,,98,,,,,,,,,,,,,
adapter,candidate,pattern,100,early-warm,29,41.74186000000918,6.168367999998736,34.89040300009947,independent-reuse,2,0,2,98,,98,,,,,,,,,,,,,
adapter,candidate,pattern,100,early-warm,30,34.47969200000807,5.391482999999425,28.336281999989296,independent-reuse,2,0,2,98,,98,,,,,,,,,,,,,
adapter,candidate,pattern,100,late-warmup,0,33.15610700000252,3.351093999997829,29.021711000066716,independent-reuse,1,80,1,99,,19,,,,,,,,,,,,,
adapter,candidate,pattern,100,late-warm,1,44.17663399998855,3.243261999989045,39.84074499999406,independent-reuse,2,80,2,98,,18,,,,,,,,,,,,,
adapter,candidate,pattern,100,late-warm,2,36.209224000005634,4.725764000002528,30.520265000028303,independent-reuse,2,80,2,98,,18,,,,,,,,,,,,,
adapter,candidate,pattern,100,late-warm,3,41.71659100000397,3.564623999991454,37.50548600005277,independent-reuse,2,80,2,98,,18,,,,,,,,,,,,,
adapter,candidate,pattern,100,late-warm,4,40.147349000006216,4.417593000005581,33.942503000056604,independent-reuse,2,80,2,98,,18,,,,,,,,,,,,,
adapter,candidate,pattern,100,late-warm,5,36.19352099999378,3.664342999996734,31.731690000015078,independent-reuse,2,80,2,98,,18,,,,,,,,,,,,,
adapter,candidate,pattern,100,late-warm,6,45.33743400000094,5.216543999995338,39.113235999888275,independent-reuse,2,80,2,98,,18,,,,,,,,,,,,,
adapter,candidate,pattern,100,late-warm,7,34.42822599998908,3.9690499999996973,29.737184999961755,independent-reuse,2,80,2,98,,18,,,,,,,,,,,,,
adapter,candidate,pattern,100,late-warm,8,42.42257999999856,3.783430999988923,37.33874200000719,independent-reuse,2,80,2,98,,18,,,,,,,,,,,,,
adapter,candidate,pattern,100,late-warm,9,36.950096000000485,3.2991649999894435,32.80651299995952,independent-reuse,2,80,2,98,,18,,,,,,,,,,,,,
adapter,candidate,pattern,100,late-warm,10,36.42783399998734,3.6617390000028536,31.813125000087894,independent-reuse,2,80,2,98,,18,,,,,,,,,,,,,
adapter,candidate,pattern,100,late-warm,11,35.542556999993394,3.941919000004418,30.953817999979947,independent-reuse,2,80,2,98,,18,,,,,,,,,,,,,
adapter,candidate,pattern,100,late-warm,12,35.09705899999244,4.0607770000060555,29.949524999930873,independent-reuse,2,80,2,98,,18,,,,,,,,,,,,,
adapter,candidate,pattern,100,late-warm,13,37.68856300000334,8.451868999996805,28.567428000023938,independent-reuse,2,80,2,98,,18,,,,,,,,,,,,,
adapter,candidate,pattern,100,late-warm,14,33.92954899999313,3.730682000008528,29.301015000179177,independent-reuse,2,80,2,98,,18,,,,,,,,,,,,,
adapter,candidate,pattern,100,late-warm,15,41.18925099998887,3.379856999992626,37.13601799997559,independent-reuse,2,80,2,98,,18,,,,,,,,,,,,,
adapter,candidate,pattern,100,late-warm,16,33.56846800001222,3.949970999994548,28.80488699999114,independent-reuse,2,80,2,98,,18,,,,,,,,,,,,,
adapter,candidate,pattern,100,late-warm,17,34.60132600000361,3.738884999998845,30.154620999994222,independent-reuse,2,80,2,98,,18,,,,,,,,,,,,,
adapter,candidate,pattern,100,late-warm,18,37.36358599999221,3.899844999992638,32.4835300000268,independent-reuse,2,80,2,98,,18,,,,,,,,,,,,,
adapter,candidate,pattern,100,late-warm,19,35.64626199999475,3.944201999998768,30.98522300008335,independent-reuse,2,80,2,98,,18,,,,,,,,,,,,,
adapter,candidate,pattern,100,late-warm,20,34.50933800000348,4.153666999991401,29.42856900006882,independent-reuse,2,80,2,98,,18,,,,,,,,,,,,,
adapter,candidate,pattern,100,late-warm,21,34.95599800000491,4.052354999992531,30.207370999880368,independent-reuse,2,80,2,98,,18,,,,,,,,,,,,,
adapter,candidate,pattern,100,late-warm,22,44.23153099999763,4.719204000008176,38.364897999956156,independent-reuse,2,80,2,98,,18,,,,,,,,,,,,,
adapter,candidate,pattern,100,late-warm,23,39.397635999994236,4.035688999996637,33.413480999923195,independent-reuse,2,80,2,98,,18,,,,,,,,,,,,,
adapter,candidate,pattern,100,late-warm,24,50.596793000004254,5.541075999994064,43.823242999918875,independent-reuse,2,80,2,98,,18,,,,,,,,,,,,,
adapter,candidate,pattern,100,late-warm,25,36.370008000012604,3.972634999998263,31.53157400006603,independent-reuse,2,80,2,98,,18,,,,,,,,,,,,,
adapter,candidate,pattern,100,late-warm,26,41.64896999999473,4.2643820000084816,36.30283799993049,independent-reuse,2,80,2,98,,18,,,,,,,,,,,,,
adapter,candidate,pattern,100,late-warm,27,36.15568200001144,4.195289999988745,31.311045999929775,independent-reuse,2,80,2,98,,18,,,,,,,,,,,,,
adapter,candidate,pattern,100,late-warm,28,41.82829499999934,4.862268999990192,35.9816659999924,independent-reuse,2,80,2,98,,18,,,,,,,,,,,,,
adapter,candidate,pattern,100,late-warm,29,40.82327799999621,9.79722700000275,30.451316000064253,independent-reuse,2,80,2,98,,18,,,,,,,,,,,,,
adapter,candidate,pattern,100,late-warm,30,36.790181999997,5.651270999995177,30.290043000044534,independent-reuse,2,80,2,98,,18,,,,,,,,,,,,,
adapter,candidate,parameter,30,cold,0,34.843693999995594,7.790307999996003,26.58645599996089,full-rebuild,30,0,30,0,,,,,,,,,,,,,,,
adapter,candidate,parameter,30,warm-repeat,0,14.763651999994181,0.604166000004625,13.965558999974746,independent-reuse,0,28,0,30,,2,,,,,,,,,,,,,
adapter,candidate,parameter,30,operation-warmup,0,8.095526999997674,0.47118599999521393,7.468494999979157,independent-reuse,0,28,0,30,,2,,,,,,,,,,,,,
adapter,candidate,parameter,30,operation-warm,1,10.98824199999217,1.5334980000043288,9.202254000047105,independent-reuse,1,2,1,29,,27,,,,,,,,,,,,,
adapter,candidate,parameter,30,operation-warm,2,10.323365999996895,1.046148000008543,9.052358000029926,independent-reuse,1,2,1,29,,27,,,,,,,,,,,,,
adapter,candidate,parameter,30,operation-warm,3,14.748038999998244,5.058883999998216,9.448892999993404,independent-reuse,1,2,1,29,,27,,,,,,,,,,,,,
adapter,candidate,parameter,30,operation-warm,4,13.359517999997479,1.8080110000009881,11.199998000040068,independent-reuse,1,2,1,29,,27,,,,,,,,,,,,,
adapter,candidate,parameter,30,operation-warm,5,11.121421999996528,1.6775150000030408,9.141908000019612,independent-reuse,1,2,1,29,,27,,,,,,,,,,,,,
adapter,candidate,parameter,30,operation-warm,6,11.913789999991423,1.7076400000078138,9.919611999983317,independent-reuse,1,2,1,29,,27,,,,,,,,,,,,,
adapter,candidate,parameter,30,operation-warm,7,13.797542999993311,1.5438439999998081,11.946037999994587,independent-reuse,1,2,1,29,,27,,,,,,,,,,,,,
adapter,candidate,parameter,30,operation-warm,8,14.5827019999997,3.812195000005886,10.487224000011338,independent-reuse,1,2,1,29,,27,,,,,,,,,,,,,
adapter,candidate,parameter,30,operation-warm,9,9.713040999995428,1.3337699999974575,8.173315999956685,independent-reuse,1,2,1,29,,27,,,,,,,,,,,,,
adapter,candidate,parameter,30,operation-warm,10,11.47857799999474,1.0410910000064177,10.162061999973957,independent-reuse,1,2,1,29,,27,,,,,,,,,,,,,
adapter,candidate,parameter,30,operation-warm,11,12.036032999996678,2.3090209999936633,9.270684999995865,independent-reuse,1,2,1,29,,27,,,,,,,,,,,,,
adapter,candidate,parameter,30,operation-warm,12,10.99912900000345,0.9975949999934528,9.79821700003231,independent-reuse,1,2,1,29,,27,,,,,,,,,,,,,
adapter,candidate,parameter,30,operation-warm,13,9.942534999994677,1.1574649999965914,8.566609999921639,independent-reuse,1,2,1,29,,27,,,,,,,,,,,,,
adapter,candidate,parameter,30,operation-warm,14,11.80920299999707,1.346397999994224,10.200532000002568,independent-reuse,1,2,1,29,,27,,,,,,,,,,,,,
adapter,candidate,parameter,30,operation-warm,15,13.736753000004683,1.0404399999970337,12.458740999994916,independent-reuse,1,2,1,29,,27,,,,,,,,,,,,,
adapter,candidate,parameter,30,operation-warm,16,10.845177999988664,1.5212909999972908,9.105827999941539,independent-reuse,1,2,1,29,,27,,,,,,,,,,,,,
adapter,candidate,parameter,30,operation-warm,17,9.216326000008848,1.2492530000017723,7.756818999972893,independent-reuse,1,2,1,29,,27,,,,,,,,,,,,,
adapter,candidate,parameter,30,operation-warm,18,10.258128000001307,1.0012810000043828,9.020744000023114,independent-reuse,1,2,1,29,,27,,,,,,,,,,,,,
adapter,candidate,parameter,30,operation-warm,19,9.740872999987914,1.0613109999976587,8.466251999998349,independent-reuse,1,2,1,29,,27,,,,,,,,,,,,,
adapter,candidate,parameter,30,operation-warm,20,18.089288000002853,4.50783699999738,13.223502000037115,independent-reuse,1,2,1,29,,27,,,,,,,,,,,,,
adapter,candidate,parameter,30,operation-warm,21,10.028814999997849,1.0214919999998529,8.745699999999488,independent-reuse,1,2,1,29,,27,,,,,,,,,,,,,
adapter,candidate,parameter,30,operation-warm,22,11.444857000009506,1.0719559999997728,10.106871000025421,independent-reuse,1,2,1,29,,27,,,,,,,,,,,,,
adapter,candidate,parameter,30,operation-warm,23,10.264286999998149,1.017946000007214,9.024554999981774,independent-reuse,1,2,1,29,,27,,,,,,,,,,,,,
adapter,candidate,parameter,30,operation-warm,24,10.014302999989013,1.0146009999880334,8.785916999986512,independent-reuse,1,2,1,29,,27,,,,,,,,,,,,,
adapter,candidate,parameter,30,operation-warm,25,9.936184999998659,1.0971340000105556,8.624749999988126,independent-reuse,1,2,1,29,,27,,,,,,,,,,,,,
adapter,candidate,parameter,30,operation-warm,26,10.294131999995443,1.064184999995632,9.021332000018447,independent-reuse,1,2,1,29,,27,,,,,,,,,,,,,
adapter,candidate,parameter,30,operation-warm,27,11.675703000000794,1.4028130000078818,10.044640000036452,independent-reuse,1,2,1,29,,27,,,,,,,,,,,,,
adapter,candidate,parameter,30,operation-warm,28,10.208474000013666,0.9999790000001667,8.962863999971887,independent-reuse,1,2,1,29,,27,,,,,,,,,,,,,
adapter,candidate,parameter,30,operation-warm,29,10.057197000001906,1.5870990000112215,8.233284000030835,independent-reuse,1,2,1,29,,27,,,,,,,,,,,,,
adapter,candidate,parameter,30,operation-warm,30,12.93954799999483,1.649873000002117,10.890577999918605,independent-reuse,1,2,1,29,,27,,,,,,,,,,,,,
adapter,candidate,parameter,30,early-warmup,0,9.905389000006835,0.524755999998888,8.88986200002546,independent-reuse,0,28,0,30,,2,,,,,,,,,,,,,
adapter,candidate,parameter,30,early-warm,1,13.647679000001517,1.5620420000050217,11.74892399997043,independent-reuse,1,0,1,29,,29,,,,,,,,,,,,,
adapter,candidate,parameter,30,early-warm,2,11.879369000002043,1.079278000004706,10.537743999972008,independent-reuse,1,0,1,29,,29,,,,,,,,,,,,,
adapter,candidate,parameter,30,early-warm,3,12.111346999998204,1.520209000009345,10.332211999950232,independent-reuse,1,0,1,29,,29,,,,,,,,,,,,,
adapter,candidate,parameter,30,early-warm,4,10.21938000000955,1.4501739999977872,8.524168999996618,independent-reuse,1,0,1,29,,29,,,,,,,,,,,,,
adapter,candidate,parameter,30,early-warm,5,10.054272000008496,1.1863979999907315,8.532591000010143,independent-reuse,1,0,1,29,,29,,,,,,,,,,,,,
adapter,candidate,parameter,30,early-warm,6,9.541523000007146,1.1534090000059223,8.16332000005059,independent-reuse,1,0,1,29,,29,,,,,,,,,,,,,
adapter,candidate,parameter,30,early-warm,7,10.392199000008986,1.2601590000122087,8.473202000008314,independent-reuse,1,0,1,29,,29,,,,,,,,,,,,,
adapter,candidate,parameter,30,early-warm,8,10.64260400000785,1.0866800000076182,9.267129000028945,independent-reuse,1,0,1,29,,29,,,,,,,,,,,,,
adapter,candidate,parameter,30,early-warm,9,10.531948000003467,1.0974850000056904,9.19779799997923,independent-reuse,1,0,1,29,,29,,,,,,,,,,,,,
adapter,candidate,parameter,30,early-warm,10,11.753559999997378,1.6313349999982165,9.887060000037309,independent-reuse,1,0,1,29,,29,,,,,,,,,,,,,
adapter,candidate,parameter,30,early-warm,11,10.941242000000784,1.176393999994616,9.529785999940941,independent-reuse,1,0,1,29,,29,,,,,,,,,,,,,
adapter,candidate,parameter,30,early-warm,12,11.718396999989636,1.0868289999925764,10.368783999947482,independent-reuse,1,0,1,29,,29,,,,,,,,,,,,,
adapter,candidate,parameter,30,early-warm,13,10.980811000001268,1.114621000000625,9.616909000047599,independent-reuse,1,0,1,29,,29,,,,,,,,,,,,,
adapter,candidate,parameter,30,early-warm,14,18.289437999992515,1.2814309999957914,16.675449000002118,independent-reuse,1,0,1,29,,29,,,,,,,,,,,,,
adapter,candidate,parameter,30,early-warm,15,10.22272500001418,1.2855379999964498,8.713492000038968,independent-reuse,1,0,1,29,,29,,,,,,,,,,,,,
adapter,candidate,parameter,30,early-warm,16,9.433462000000873,1.2229030000016792,7.996074000024237,independent-reuse,1,0,1,29,,29,,,,,,,,,,,,,
adapter,candidate,parameter,30,early-warm,17,10.503406000003451,1.1000090000015916,9.179552999979933,independent-reuse,1,0,1,29,,29,,,,,,,,,,,,,
adapter,candidate,parameter,30,early-warm,18,10.862194000001182,1.025647000002209,9.382715999992797,independent-reuse,1,0,1,29,,29,,,,,,,,,,,,,
adapter,candidate,parameter,30,early-warm,19,11.283504999999423,1.1138100000098348,9.88925400005246,independent-reuse,1,0,1,29,,29,,,,,,,,,,,,,
adapter,candidate,parameter,30,early-warm,20,10.214573000004748,1.047420000002603,8.736816999997245,independent-reuse,1,0,1,29,,29,,,,,,,,,,,,,
adapter,candidate,parameter,30,early-warm,21,11.174582000006922,1.2967849999986356,9.617927000042982,independent-reuse,1,0,1,29,,29,,,,,,,,,,,,,
adapter,candidate,parameter,30,early-warm,22,9.389234999995097,1.0257779999956256,8.138519999978598,independent-reuse,1,0,1,29,,29,,,,,,,,,,,,,
adapter,candidate,parameter,30,early-warm,23,10.846330000000307,1.3935490000003483,9.221262000050046,independent-reuse,1,0,1,29,,29,,,,,,,,,,,,,
adapter,candidate,parameter,30,early-warm,24,10.46957499999553,1.145027000005939,9.064111999949091,independent-reuse,1,0,1,29,,29,,,,,,,,,,,,,
adapter,candidate,parameter,30,early-warm,25,11.558528000008664,1.0902449999994133,10.246806000039214,independent-reuse,1,0,1,29,,29,,,,,,,,,,,,,
adapter,candidate,parameter,30,early-warm,26,13.626988000003621,1.0116969999944558,12.382285999934538,independent-reuse,1,0,1,29,,29,,,,,,,,,,,,,
adapter,candidate,parameter,30,early-warm,27,10.496335000003455,1.256894000005559,9.002556000035838,independent-reuse,1,0,1,29,,29,,,,,,,,,,,,,
adapter,candidate,parameter,30,early-warm,28,9.931819000004907,1.1095629999908851,8.550119999985327,independent-reuse,1,0,1,29,,29,,,,,,,,,,,,,
adapter,candidate,parameter,30,early-warm,29,9.204547999994247,0.9737790000071982,7.9839690000371775,independent-reuse,1,0,1,29,,29,,,,,,,,,,,,,
adapter,candidate,parameter,30,early-warm,30,9.977307000008295,1.0004200000112178,8.761826999980258,independent-reuse,1,0,1,29,,29,,,,,,,,,,,,,
adapter,candidate,parameter,30,late-warmup,0,11.591605999987223,0.4632549999951152,10.924814999991213,independent-reuse,0,28,0,30,,2,,,,,,,,,,,,,
adapter,candidate,parameter,30,late-warm,1,12.063331999990623,1.0364839999965625,10.828845999960322,independent-reuse,1,28,1,29,,1,,,,,,,,,,,,,
adapter,candidate,parameter,30,late-warm,2,9.218198000002303,0.766088000003947,8.261598999990383,independent-reuse,1,28,1,29,,1,,,,,,,,,,,,,
adapter,candidate,parameter,30,late-warm,3,9.822774000000209,0.7896639999962645,8.726740000027348,independent-reuse,1,28,1,29,,1,,,,,,,,,,,,,
adapter,candidate,parameter,30,late-warm,4,9.396816000007675,0.9397590000007767,8.222703000006732,independent-reuse,1,28,1,29,,1,,,,,,,,,,,,,
adapter,candidate,parameter,30,late-warm,5,13.887837000002037,0.8847459999960847,11.396842999994988,independent-reuse,1,28,1,29,,1,,,,,,,,,,,,,
adapter,candidate,parameter,30,late-warm,6,9.588873999993666,0.8713459999999031,8.491540999981225,independent-reuse,1,28,1,29,,1,,,,,,,,,,,,,
adapter,candidate,parameter,30,late-warm,7,9.808733999991091,0.9724780000105966,8.621487999989768,independent-reuse,1,28,1,29,,1,,,,,,,,,,,,,
adapter,candidate,parameter,30,late-warm,8,11.223192999997991,0.9610709999979008,9.98275400006969,independent-reuse,1,28,1,29,,1,,,,,,,,,,,,,
adapter,candidate,parameter,30,late-warm,9,12.810261999999057,1.356352999995579,10.936895000035292,independent-reuse,1,28,1,29,,1,,,,,,,,,,,,,
adapter,candidate,parameter,30,late-warm,10,11.105947999996715,0.8713559999887366,9.86414600002172,independent-reuse,1,28,1,29,,1,,,,,,,,,,,,,
adapter,candidate,parameter,30,late-warm,11,16.728510999993887,2.4851199999975506,14.015586999972584,independent-reuse,1,28,1,29,,1,,,,,,,,,,,,,
adapter,candidate,parameter,30,late-warm,12,10.585458000001381,0.8772150000004331,9.494709000005969,independent-reuse,1,28,1,29,,1,,,,,,,,,,,,,
adapter,candidate,parameter,30,late-warm,13,9.596936000001733,0.8466900000057649,8.516807999985758,independent-reuse,1,28,1,29,,1,,,,,,,,,,,,,
adapter,candidate,parameter,30,late-warm,14,8.88276500000211,0.8524780000007013,7.824029999959748,independent-reuse,1,28,1,29,,1,,,,,,,,,,,,,
adapter,candidate,parameter,30,late-warm,15,10.098566999993636,0.9547510000120383,8.938154999937979,independent-reuse,1,28,1,29,,1,,,,,,,,,,,,,
adapter,candidate,parameter,30,late-warm,16,12.90546500000346,0.7165139999997336,11.93108699998993,independent-reuse,1,28,1,29,,1,,,,,,,,,,,,,
adapter,candidate,parameter,30,late-warm,17,9.151217999999062,0.8071599999966566,8.160832999987178,independent-reuse,1,28,1,29,,1,,,,,,,,,,,,,
adapter,candidate,parameter,30,late-warm,18,9.269183999989764,0.7318470000027446,8.349926000024425,independent-reuse,1,28,1,29,,1,,,,,,,,,,,,,
adapter,candidate,parameter,30,late-warm,19,10.402153000002727,1.0491730000067037,9.127210000006016,independent-reuse,1,28,1,29,,1,,,,,,,,,,,,,
adapter,candidate,parameter,30,late-warm,20,10.024736999999732,0.7683120000001509,9.015885999979218,independent-reuse,1,28,1,29,,1,,,,,,,,,,,,,
adapter,candidate,parameter,30,late-warm,21,13.051795000006678,0.7722970000031637,12.085424000004423,independent-reuse,1,28,1,29,,1,,,,,,,,,,,,,
adapter,candidate,parameter,30,late-warm,22,9.560861000005389,1.0278900000121212,8.339482000024873,independent-reuse,1,28,1,29,,1,,,,,,,,,,,,,
adapter,candidate,parameter,30,late-warm,23,9.101201999990735,0.7331189999968046,8.193028999929084,independent-reuse,1,28,1,29,,1,,,,,,,,,,,,,
adapter,candidate,parameter,30,late-warm,24,9.720891000004485,0.9015720000024885,8.630154999962542,independent-reuse,1,28,1,29,,1,,,,,,,,,,,,,
adapter,candidate,parameter,30,late-warm,25,9.284126999991713,0.8090119999978924,8.296568999969168,independent-reuse,1,28,1,29,,1,,,,,,,,,,,,,
adapter,candidate,parameter,30,late-warm,26,13.177221999998437,1.370664999994915,11.570394999987911,independent-reuse,1,28,1,29,,1,,,,,,,,,,,,,
adapter,candidate,parameter,30,late-warm,27,9.260240999996313,0.7579969999933382,8.299453999992693,independent-reuse,1,28,1,29,,1,,,,,,,,,,,,,
adapter,candidate,parameter,30,late-warm,28,9.614102000006824,0.9304549999942537,8.468243999988772,independent-reuse,1,28,1,29,,1,,,,,,,,,,,,,
adapter,candidate,parameter,30,late-warm,29,8.946871000007377,0.805105999999796,7.934143000005861,independent-reuse,1,28,1,29,,1,,,,,,,,,,,,,
adapter,candidate,parameter,30,late-warm,30,10.117096000001766,0.8530889999965439,9.043167000025278,independent-reuse,1,28,1,29,,1,,,,,,,,,,,,,
adapter,candidate,parameter,100,cold,0,99.74260300000606,19.946819999997388,78.47225899992918,full-rebuild,100,0,100,0,,,,,,,,,,,,,,,
adapter,candidate,parameter,100,warm-repeat,0,34.722477999996045,1.2541999999957625,32.88351800007513,independent-reuse,0,80,0,100,,20,,,,,,,,,,,,,
adapter,candidate,parameter,100,operation-warmup,0,26.927834000001894,1.1455669999995735,25.2963260000397,independent-reuse,0,80,0,100,,20,,,,,,,,,,,,,
adapter,candidate,parameter,100,operation-warm,1,30.225447999997414,2.9903830000112066,26.52646199996525,independent-reuse,1,2,1,99,,97,,,,,,,,,,,,,
adapter,candidate,parameter,100,operation-warm,2,31.12703899999906,2.419185999999172,28.04177800004254,independent-reuse,1,2,1,99,,97,,,,,,,,,,,,,
adapter,candidate,parameter,100,operation-warm,3,28.246741000009933,1.8768730000010692,25.637811000065994,independent-reuse,1,2,1,99,,97,,,,,,,,,,,,,
adapter,candidate,parameter,100,operation-warm,4,28.492920000004233,1.9069080000044778,26.08196600001247,independent-reuse,1,2,1,99,,97,,,,,,,,,,,,,
adapter,candidate,parameter,100,operation-warm,5,33.08907000000181,2.0598579999932554,30.256250999911572,independent-reuse,1,2,1,99,,97,,,,,,,,,,,,,
adapter,candidate,parameter,100,operation-warm,6,29.591977999996743,2.4703730000037467,26.57122999992862,independent-reuse,1,2,1,99,,97,,,,,,,,,,,,,
adapter,candidate,parameter,100,operation-warm,7,36.55362300001434,1.952326999991783,33.93981899993378,independent-reuse,1,2,1,99,,97,,,,,,,,,,,,,
adapter,candidate,parameter,100,operation-warm,8,34.37963400001172,2.1397169999981998,31.64097500006028,independent-reuse,1,2,1,99,,97,,,,,,,,,,,,,
adapter,candidate,parameter,100,operation-warm,9,33.405544000008376,2.4472289999976056,30.295585999963805,independent-reuse,1,2,1,99,,97,,,,,,,,,,,,,
adapter,candidate,parameter,100,operation-warm,10,32.09976700000698,1.9595180000032997,29.583091000065906,independent-reuse,1,2,1,99,,97,,,,,,,,,,,,,
adapter,candidate,parameter,100,operation-warm,11,35.261014999996405,2.5031720000115456,32.15709899996,independent-reuse,1,2,1,99,,97,,,,,,,,,,,,,
adapter,candidate,parameter,100,operation-warm,12,62.87438700000348,4.207426000008127,57.5769460000447,independent-reuse,1,2,1,99,,97,,,,,,,,,,,,,
adapter,candidate,parameter,100,operation-warm,13,31.696632999999565,2.149042000004556,28.875648999979603,independent-reuse,1,2,1,99,,97,,,,,,,,,,,,,
adapter,candidate,parameter,100,operation-warm,14,29.530926999999792,1.9602889999951003,27.027014000050258,independent-reuse,1,2,1,99,,97,,,,,,,,,,,,,
adapter,candidate,parameter,100,operation-warm,15,35.32436600000074,2.3866799999959767,32.295180999994045,independent-reuse,1,2,1,99,,97,,,,,,,,,,,,,
adapter,candidate,parameter,100,operation-warm,16,30.944887999998173,2.290796000001137,27.976660999949672,independent-reuse,1,2,1,99,,97,,,,,,,,,,,,,
adapter,candidate,parameter,100,operation-warm,17,34.67535299999872,6.961941000001389,27.17219600005774,independent-reuse,1,2,1,99,,97,,,,,,,,,,,,,
adapter,candidate,parameter,100,operation-warm,18,30.961814000009326,2.3945410000014817,27.921084000117844,independent-reuse,1,2,1,99,,97,,,,,,,,,,,,,
adapter,candidate,parameter,100,operation-warm,19,34.63160700000299,1.9702840000099968,32.011005999927875,independent-reuse,1,2,1,99,,97,,,,,,,,,,,,,
adapter,candidate,parameter,100,operation-warm,20,34.73762600000191,2.242913000009139,31.654695000048378,independent-reuse,1,2,1,99,,97,,,,,,,,,,,,,
adapter,candidate,parameter,100,operation-warm,21,29.70792299999448,1.935603000005358,27.259372000044095,independent-reuse,1,2,1,99,,97,,,,,,,,,,,,,
adapter,candidate,parameter,100,operation-warm,22,30.115464000002248,2.5344499999919208,27.061752000139677,independent-reuse,1,2,1,99,,97,,,,,,,,,,,,,
adapter,candidate,parameter,100,operation-warm,23,26.705419999998412,1.8893439999956172,24.353665999995428,independent-reuse,1,2,1,99,,97,,,,,,,,,,,,,
adapter,candidate,parameter,100,operation-warm,24,34.498136999987764,7.107348999998067,26.805337000012514,independent-reuse,1,2,1,99,,97,,,,,,,,,,,,,
adapter,candidate,parameter,100,operation-warm,25,29.651689000005717,1.8323479999962728,27.286752000072738,independent-reuse,1,2,1,99,,97,,,,,,,,,,,,,
adapter,candidate,parameter,100,operation-warm,26,35.74870199999714,2.025647000002209,33.1573439999047,independent-reuse,1,2,1,99,,97,,,,,,,,,,,,,
adapter,candidate,parameter,100,operation-warm,27,29.717818000004627,1.8605600000009872,27.325022999983048,independent-reuse,1,2,1,99,,97,,,,,,,,,,,,,
adapter,candidate,parameter,100,operation-warm,28,27.595115000003716,1.8626940000103787,25.153530000025057,independent-reuse,1,2,1,99,,97,,,,,,,,,,,,,
adapter,candidate,parameter,100,operation-warm,29,28.496956000002683,1.9866089999995893,25.994284000029438,independent-reuse,1,2,1,99,,97,,,,,,,,,,,,,
adapter,candidate,parameter,100,operation-warm,30,27.890717999995104,1.9378260000084992,25.304676999992807,independent-reuse,1,2,1,99,,97,,,,,,,,,,,,,
adapter,candidate,parameter,100,early-warmup,0,29.88891500000318,1.1573459999926854,28.310630000007222,independent-reuse,0,80,0,100,,20,,,,,,,,,,,,,
adapter,candidate,parameter,100,early-warm,1,29.454593000002205,1.797815999991144,26.957296999942628,independent-reuse,1,0,1,99,,99,,,,,,,,,,,,,
adapter,candidate,parameter,100,early-warm,2,30.463695999991614,2.806137999999919,27.080155000046943,independent-reuse,1,0,1,99,,99,,,,,,,,,,,,,
adapter,candidate,parameter,100,early-warm,3,35.802762999999686,7.072045000008075,28.173430999959237,independent-reuse,1,0,1,99,,99,,,,,,,,,,,,,
adapter,candidate,parameter,100,early-warm,4,28.19135899998946,2.258467000006931,25.409881999978097,independent-reuse,1,0,1,99,,99,,,,,,,,,,,,,
adapter,candidate,parameter,100,early-warm,5,34.35912799999642,1.827210000003106,32.00309900008142,independent-reuse,1,0,1,99,,99,,,,,,,,,,,,,
adapter,candidate,parameter,100,early-warm,6,27.928585000001476,1.8189280000078725,25.61443999999028,independent-reuse,1,0,1,99,,99,,,,,,,,,,,,,
adapter,candidate,parameter,100,early-warm,7,28.820112000001245,2.4231540000037057,25.848212999975658,independent-reuse,1,0,1,99,,99,,,,,,,,,,,,,
adapter,candidate,parameter,100,early-warm,8,34.726808999999776,1.8366640000022016,26.766502999860677,independent-reuse,1,0,1,99,,99,,,,,,,,,,,,,
adapter,candidate,parameter,100,early-warm,9,36.15332900000794,2.4908760000107577,32.89198899989424,independent-reuse,1,0,1,99,,99,,,,,,,,,,,,,
adapter,candidate,parameter,100,early-warm,10,38.35488100000657,2.1273199999995995,35.583311999973375,independent-reuse,1,0,1,99,,99,,,,,,,,,,,,,
adapter,candidate,parameter,100,early-warm,11,28.755275000003166,1.817946999988635,26.41565000000992,independent-reuse,1,0,1,99,,99,,,,,,,,,,,,,
adapter,candidate,parameter,100,early-warm,12,29.551298000005772,2.301631999987876,26.45042299994384,independent-reuse,1,0,1,99,,99,,,,,,,,,,,,,
adapter,candidate,parameter,100,early-warm,13,29.40175299999828,1.9779249999992317,26.85721499999636,independent-reuse,1,0,1,99,,99,,,,,,,,,,,,,
adapter,candidate,parameter,100,early-warm,14,28.686209999999846,1.9390360000106739,26.249695000078646,independent-reuse,1,0,1,99,,99,,,,,,,,,,,,,
adapter,candidate,parameter,100,early-warm,15,37.86018700001296,8.00393299999996,29.194439000057173,independent-reuse,1,0,1,99,,99,,,,,,,,,,,,,
adapter,candidate,parameter,100,early-warm,16,29.770254999995814,2.459067000003415,26.74496800005727,independent-reuse,1,0,1,99,,99,,,,,,,,,,,,,
adapter,candidate,parameter,100,early-warm,17,34.37804199999664,1.8378150000062305,31.948756999961915,independent-reuse,1,0,1,99,,99,,,,,,,,,,,,,
adapter,candidate,parameter,100,early-warm,18,32.712756000008085,1.817494999995688,30.376785000044038,independent-reuse,1,0,1,99,,99,,,,,,,,,,,,,
adapter,candidate,parameter,100,early-warm,19,30.383994999996503,2.3334780000004685,27.45069299999159,independent-reuse,1,0,1,99,,99,,,,,,,,,,,,,
adapter,candidate,parameter,100,early-warm,20,29.964451000007102,2.3159909999958472,27.075730000025942,independent-reuse,1,0,1,99,,99,,,,,,,,,,,,,
adapter,candidate,parameter,100,early-warm,21,33.98715600000287,1.9507739999971818,31.492227000009734,independent-reuse,1,0,1,99,,99,,,,,,,,,,,,,
adapter,candidate,parameter,100,early-warm,22,35.398371999996016,7.028244999994058,27.780839999948512,independent-reuse,1,0,1,99,,99,,,,,,,,,,,,,
adapter,candidate,parameter,100,early-warm,23,28.068124000012176,1.8083500000066124,25.713316999987,independent-reuse,1,0,1,99,,99,,,,,,,,,,,,,
adapter,candidate,parameter,100,early-warm,24,34.767766000004485,1.8762819999974454,32.32611999993969,independent-reuse,1,0,1,99,,99,,,,,,,,,,,,,
adapter,candidate,parameter,100,early-warm,25,27.73358200000075,1.9645949999976438,25.295516999991378,independent-reuse,1,0,1,99,,99,,,,,,,,,,,,,
adapter,candidate,parameter,100,early-warm,26,26.68884600000456,1.8182149999920512,24.386107000013,independent-reuse,1,0,1,99,,99,,,,,,,,,,,,,
adapter,candidate,parameter,100,early-warm,27,31.45078500000818,2.279147000008379,28.58117200002016,independent-reuse,1,0,1,99,,99,,,,,,,,,,,,,
adapter,candidate,parameter,100,early-warm,28,28.771918999991613,1.9646350000111852,26.307441000055405,independent-reuse,1,0,1,99,,99,,,,,,,,,,,,,
adapter,candidate,parameter,100,early-warm,29,33.24571499999729,7.322065999993356,25.41808699995454,independent-reuse,1,0,1,99,,99,,,,,,,,,,,,,
adapter,candidate,parameter,100,early-warm,30,27.061589999997523,2.1118850000057137,24.438473000074737,independent-reuse,1,0,1,99,,99,,,,,,,,,,,,,
adapter,candidate,parameter,100,late-warmup,0,42.73268500000995,1.4458870000089519,40.67531399996369,independent-reuse,0,80,0,100,,20,,,,,,,,,,,,,
adapter,candidate,parameter,100,late-warm,1,47.46721299999626,9.443365999992238,37.15247200000158,independent-reuse,1,80,1,99,,19,,,,,,,,,,,,,
adapter,candidate,parameter,100,late-warm,2,28.50850399999763,1.976742999991984,25.98643399993307,independent-reuse,1,80,1,99,,19,,,,,,,,,,,,,
adapter,candidate,parameter,100,late-warm,3,28.48088299999654,1.6211100000073202,26.22531199999503,independent-reuse,1,80,1,99,,19,,,,,,,,,,,,,
adapter,candidate,parameter,100,late-warm,4,29.463965999995708,1.7396580000058748,27.148323999979766,independent-reuse,1,80,1,99,,19,,,,,,,,,,,,,
adapter,candidate,parameter,100,late-warm,5,27.837906000000658,1.5622830000065733,25.70691200006695,independent-reuse,1,80,1,99,,19,,,,,,,,,,,,,
adapter,candidate,parameter,100,late-warm,6,34.0806300000113,1.5493040000001201,31.801014000113355,independent-reuse,1,80,1,99,,19,,,,,,,,,,,,,
adapter,candidate,parameter,100,late-warm,7,27.337355000010575,1.4797300000063842,25.286299000043073,independent-reuse,1,80,1,99,,19,,,,,,,,,,,,,
adapter,candidate,parameter,100,late-warm,8,29.526689000005717,1.7896439999894938,27.20660000006319,independent-reuse,1,80,1,99,,19,,,,,,,,,,,,,
adapter,candidate,parameter,100,late-warm,9,27.776773999998113,1.8948329999984708,25.31109600001946,independent-reuse,1,80,1,99,,19,,,,,,,,,,,,,
adapter,candidate,parameter,100,late-warm,10,27.546368999988772,1.4368650000105845,25.63749800004007,independent-reuse,1,80,1,99,,19,,,,,,,,,,,,,
adapter,candidate,parameter,100,late-warm,11,31.864526000004844,1.600761000008788,29.70252500002971,independent-reuse,1,80,1,99,,19,,,,,,,,,,,,,
adapter,candidate,parameter,100,late-warm,12,27.544806000005337,1.863446000003023,25.202252999995835,independent-reuse,1,80,1,99,,19,,,,,,,,,,,,,
adapter,candidate,parameter,100,late-warm,13,28.39100600000529,1.671237000002293,26.096930999978213,independent-reuse,1,80,1,99,,19,,,,,,,,,,,,,
adapter,candidate,parameter,100,late-warm,14,32.53910799999721,5.784816999992472,26.25602300008177,independent-reuse,1,80,1,99,,19,,,,,,,,,,,,,
adapter,candidate,parameter,100,late-warm,15,29.135382000007667,1.7275209999934305,26.780217999985325,independent-reuse,1,80,1,99,,19,,,,,,,,,,,,,
adapter,candidate,parameter,100,late-warm,16,26.82225300000573,1.4952330000087386,24.813807000027737,independent-reuse,1,80,1,99,,19,,,,,,,,,,,,,
adapter,candidate,parameter,100,late-warm,17,28.29780600000231,1.574901999993017,26.123257000057492,independent-reuse,1,80,1,99,,19,,,,,,,,,,,,,
adapter,candidate,parameter,100,late-warm,18,28.807941000006394,2.2398189999948954,26.05547900008969,independent-reuse,1,80,1,99,,19,,,,,,,,,,,,,
adapter,candidate,parameter,100,late-warm,19,33.31893699998909,1.6052579999959562,31.026680000009947,independent-reuse,1,80,1,99,,19,,,,,,,,,,,,,
adapter,candidate,parameter,100,late-warm,20,27.185556999989785,1.5585769999888726,25.12830799994117,independent-reuse,1,80,1,99,,19,,,,,,,,,,,,,
adapter,candidate,parameter,100,late-warm,21,27.355972999997903,1.5502760000090348,25.22520700006862,independent-reuse,1,80,1,99,,19,,,,,,,,,,,,,
adapter,candidate,parameter,100,late-warm,22,28.62145099999907,1.895373000006657,26.205228000035277,independent-reuse,1,80,1,99,,19,,,,,,,,,,,,,
adapter,candidate,parameter,100,late-warm,23,27.633729000008316,1.5015630000125384,25.5812199999491,independent-reuse,1,80,1,99,,19,,,,,,,,,,,,,
adapter,candidate,parameter,100,late-warm,24,32.49489200000244,1.7814919999946142,30.168857000098797,independent-reuse,1,80,1,99,,19,,,,,,,,,,,,,
adapter,candidate,parameter,100,late-warm,25,27.88701899998705,1.6322179999988293,25.6488489999756,independent-reuse,1,80,1,99,,19,,,,,,,,,,,,,
adapter,candidate,parameter,100,late-warm,26,27.118026000011014,1.671275999993668,24.85095600009663,independent-reuse,1,80,1,99,,19,,,,,,,,,,,,,
adapter,candidate,parameter,100,late-warm,27,37.91955799999414,2.507490999996662,34.61706199996115,independent-reuse,1,80,1,99,,19,,,,,,,,,,,,,
adapter,candidate,parameter,100,late-warm,28,28.808411999998498,1.9895739999919897,26.294544999997015,independent-reuse,1,80,1,99,,19,,,,,,,,,,,,,
adapter,candidate,parameter,100,late-warm,29,27.537524999992456,1.785487999994075,25.162783999927342,independent-reuse,1,80,1,99,,19,,,,,,,,,,,,,
adapter,candidate,parameter,100,late-warm,30,28.509472999998252,1.566659999996773,26.394191999876057,independent-reuse,1,80,1,99,,19,,,,,,,,,,,,,
adapter,candidate,direct-edit,30,cold,0,40.74035900000308,16.48041999999259,23.502843000009307,full-rebuild,30,0,29,0,,,,,,,,,,,,,,,
adapter,candidate,direct-edit,30,warm-repeat,0,10.85973899999226,2.343806000004406,8.108330999981263,independent-reuse,1,28,1,28,,1,,,,,,,,,,,,,
adapter,candidate,direct-edit,30,operation-warmup,0,10.068402000004426,1.884476999999606,7.894409999993513,independent-reuse,1,28,1,28,,1,,,,,,,,,,,,,
adapter,candidate,direct-edit,30,operation-warm,1,10.316344999999274,1.9095139999990351,7.964336000019102,independent-reuse,1,28,1,28,,1,,,,,,,,,,,,,
adapter,candidate,direct-edit,30,operation-warm,2,10.239709000001312,1.802773999996134,8.097868999990169,independent-reuse,1,28,1,28,,1,,,,,,,,,,,,,
adapter,candidate,direct-edit,30,operation-warm,3,9.8628439999884,1.824756999994861,7.736743999936152,independent-reuse,1,28,1,28,,1,,,,,,,,,,,,,
adapter,candidate,direct-edit,30,operation-warm,4,10.082022999995388,1.9487839999928838,7.844635999965249,independent-reuse,1,28,1,28,,1,,,,,,,,,,,,,
adapter,candidate,direct-edit,30,operation-warm,5,10.88487600001099,2.368369999996503,8.251086999982363,independent-reuse,1,28,1,28,,1,,,,,,,,,,,,,
adapter,candidate,direct-edit,30,operation-warm,6,13.80088799999794,1.8715660000016214,11.606595999881392,independent-reuse,1,28,1,28,,1,,,,,,,,,,,,,
adapter,candidate,direct-edit,30,operation-warm,7,10.528202000001329,1.7972939999890514,8.409264999980223,independent-reuse,1,28,1,28,,1,,,,,,,,,,,,,
adapter,candidate,direct-edit,30,operation-warm,8,9.63176800000656,1.800680000000284,7.553791999976966,independent-reuse,1,28,1,28,,1,,,,,,,,,,,,,
adapter,candidate,direct-edit,30,operation-warm,9,10.35334000000148,1.7429830000037327,8.289988999968045,independent-reuse,1,28,1,28,,1,,,,,,,,,,,,,
adapter,candidate,direct-edit,30,operation-warm,10,11.001592000000528,1.740137999993749,8.90634799998952,independent-reuse,1,28,1,28,,1,,,,,,,,,,,,,
adapter,candidate,direct-edit,30,operation-warm,11,11.997625000003609,2.402402000006987,9.229495999970823,independent-reuse,1,28,1,28,,1,,,,,,,,,,,,,
adapter,candidate,direct-edit,30,operation-warm,12,10.502523000002839,1.798175000003539,8.400756000031834,independent-reuse,1,28,1,28,,1,,,,,,,,,,,,,
adapter,candidate,direct-edit,30,operation-warm,13,11.51014299999224,1.7299630000052275,9.451116000040201,independent-reuse,1,28,1,28,,1,,,,,,,,,,,,,
adapter,candidate,direct-edit,30,operation-warm,14,11.583783999987645,1.8595470000000205,9.371438999980455,independent-reuse,1,28,1,28,,1,,,,,,,,,,,,,
adapter,candidate,direct-edit,30,operation-warm,15,10.357205000007525,1.8724270000093384,8.21675499995763,independent-reuse,1,28,1,28,,1,,,,,,,,,,,,,
adapter,candidate,direct-edit,30,operation-warm,16,10.631066000001738,1.7787760000064736,8.541173999998136,independent-reuse,1,28,1,28,,1,,,,,,,,,,,,,
adapter,candidate,direct-edit,30,operation-warm,17,11.455591999998433,2.224804999990738,8.92150299991772,independent-reuse,1,28,1,28,,1,,,,,,,,,,,,,
adapter,candidate,direct-edit,30,operation-warm,18,10.931416999999783,1.892347000000882,8.69561499998963,independent-reuse,1,28,1,28,,1,,,,,,,,,,,,,
adapter,candidate,direct-edit,30,operation-warm,19,10.855922999995528,1.918526000008569,8.663995000024443,independent-reuse,1,28,1,28,,1,,,,,,,,,,,,,
adapter,candidate,direct-edit,30,operation-warm,20,11.372447000001557,2.18855999999505,8.855146000001696,independent-reuse,1,28,1,28,,1,,,,,,,,,,,,,
adapter,candidate,direct-edit,30,operation-warm,21,11.237134000009974,2.0916549999965355,8.862978999997722,independent-reuse,1,28,1,28,,1,,,,,,,,,,,,,
adapter,candidate,direct-edit,30,operation-warm,22,16.646842999994988,2.2798769999935757,13.070249000011245,independent-reuse,1,28,1,28,,1,,,,,,,,,,,,,
adapter,candidate,direct-edit,30,operation-warm,23,11.273880000007921,1.8094420000124956,8.808458999963477,independent-reuse,1,28,1,28,,1,,,,,,,,,,,,,
adapter,candidate,direct-edit,30,operation-warm,24,14.499184000000241,1.7831930000102147,12.368072000041138,independent-reuse,1,28,1,28,,1,,,,,,,,,,,,,
adapter,candidate,direct-edit,30,operation-warm,25,9.432610000003478,1.6431230000016512,7.551259000014397,independent-reuse,1,28,1,28,,1,,,,,,,,,,,,,
adapter,candidate,direct-edit,30,operation-warm,26,16.234544999999343,2.173637999992934,13.587679000018397,independent-reuse,1,28,1,28,,1,,,,,,,,,,,,,
adapter,candidate,direct-edit,30,operation-warm,27,9.45962999999756,1.5765529999916907,7.649839000034262,independent-reuse,1,28,1,28,,1,,,,,,,,,,,,,
adapter,candidate,direct-edit,30,operation-warm,28,9.951367000001483,1.72020799999882,7.883859000052325,independent-reuse,1,28,1,28,,1,,,,,,,,,,,,,
adapter,candidate,direct-edit,30,operation-warm,29,13.646856999999727,1.67126499999722,11.672419000024092,independent-reuse,1,28,1,28,,1,,,,,,,,,,,,,
adapter,candidate,direct-edit,30,operation-warm,30,10.045708000005106,1.6737790000042878,8.065600999994786,independent-reuse,1,28,1,28,,1,,,,,,,,,,,,,
adapter,candidate,direct-edit,30,early-warmup,0,9.764647000003606,1.6667779999988852,7.812419000038062,independent-reuse,1,28,1,28,,1,,,,,,,,,,,,,
adapter,candidate,direct-edit,30,early-warm,1,10.941672000000835,2.5743489999877056,8.153951000029338,independent-reuse,2,0,2,27,,28,,,,,,,,,,,,,
adapter,candidate,direct-edit,30,early-warm,2,12.561098999998649,2.6721850000030827,9.580440000005183,independent-reuse,2,0,2,27,,28,,,,,,,,,,,,,
adapter,candidate,direct-edit,30,early-warm,3,11.811354999998002,2.999286000005668,8.596416000000318,independent-reuse,2,0,2,27,,28,,,,,,,,,,,,,
adapter,candidate,direct-edit,30,early-warm,4,11.685817000005045,3.2087499999906868,8.212392000001273,independent-reuse,2,0,2,27,,28,,,,,,,,,,,,,
adapter,candidate,direct-edit,30,early-warm,5,10.938527000005706,2.3499730000039563,8.385449999987031,independent-reuse,2,0,2,27,,28,,,,,,,,,,,,,
adapter,candidate,direct-edit,30,early-warm,6,10.737544999996317,2.56866999999329,7.891017999994801,independent-reuse,2,0,2,27,,28,,,,,,,,,,,,,
adapter,candidate,direct-edit,30,early-warm,7,10.457385999994585,2.420499000014388,7.847584000002826,independent-reuse,2,0,2,27,,28,,,,,,,,,,,,,
adapter,candidate,direct-edit,30,early-warm,8,11.588510999994469,2.5006089999951655,8.783525000020745,independent-reuse,2,0,2,27,,28,,,,,,,,,,,,,
adapter,candidate,direct-edit,30,early-warm,9,10.870104000001447,2.3960519999964163,8.278176000021631,independent-reuse,2,0,2,27,,28,,,,,,,,,,,,,
adapter,candidate,direct-edit,30,early-warm,10,10.31250899999577,2.265186000004178,7.816899999947054,independent-reuse,2,0,2,27,,28,,,,,,,,,,,,,
adapter,candidate,direct-edit,30,early-warm,11,14.510400999992271,2.6317349999881117,11.671293000021251,independent-reuse,2,0,2,27,,28,,,,,,,,,,,,,
adapter,candidate,direct-edit,30,early-warm,12,11.353979999999865,2.382110999998986,8.716336999976193,independent-reuse,2,0,2,27,,28,,,,,,,,,,,,,
adapter,candidate,direct-edit,30,early-warm,13,10.82709999999497,2.485464999990654,8.124861999996938,independent-reuse,2,0,2,27,,28,,,,,,,,,,,,,
adapter,candidate,direct-edit,30,early-warm,14,10.741953000004287,2.413819000008516,8.095266999996966,independent-reuse,2,0,2,27,,28,,,,,,,,,,,,,
adapter,candidate,direct-edit,30,early-warm,15,10.589122999997926,2.4475899999961257,7.94307499997376,independent-reuse,2,0,2,27,,28,,,,,,,,,,,,,
adapter,candidate,direct-edit,30,early-warm,16,12.629522000002908,3.449840999994194,8.887210999950184,independent-reuse,2,0,2,27,,28,,,,,,,,,,,,,
adapter,candidate,direct-edit,30,early-warm,17,10.584065000002738,2.3671489999978803,7.984477999998489,independent-reuse,2,0,2,27,,28,,,,,,,,,,,,,
adapter,candidate,direct-edit,30,early-warm,18,10.417284999988624,2.3468080000020564,7.834232999957749,independent-reuse,2,0,2,27,,28,,,,,,,,,,,,,
adapter,candidate,direct-edit,30,early-warm,19,10.295373000000836,2.354368999993312,7.7476950000127545,independent-reuse,2,0,2,27,,28,,,,,,,,,,,,,
adapter,candidate,direct-edit,30,early-warm,20,10.883924999987357,2.3911649999936344,8.24722800005111,independent-reuse,2,0,2,27,,28,,,,,,,,,,,,,
adapter,candidate,direct-edit,30,early-warm,21,10.894671000001836,2.5503529999987222,8.140724000026239,independent-reuse,2,0,2,27,,28,,,,,,,,,,,,,
adapter,candidate,direct-edit,30,early-warm,22,11.950374000007287,2.7958809999981895,8.875354999996489,independent-reuse,2,0,2,27,,28,,,,,,,,,,,,,
adapter,candidate,direct-edit,30,early-warm,23,14.086756000004243,2.330242999989423,11.550909999976284,independent-reuse,2,0,2,27,,28,,,,,,,,,,,,,
adapter,candidate,direct-edit,30,early-warm,24,10.355302999989362,2.3566419999988284,7.769739999974263,independent-reuse,2,0,2,27,,28,,,,,,,,,,,,,
adapter,candidate,direct-edit,30,early-warm,25,10.595493000000715,2.467328999991878,7.889349999997648,independent-reuse,2,0,2,27,,28,,,,,,,,,,,,,
adapter,candidate,direct-edit,30,early-warm,26,10.962662999998429,2.5672990000020945,8.134172000020044,independent-reuse,2,0,2,27,,28,,,,,,,,,,,,,
adapter,candidate,direct-edit,30,early-warm,27,11.165317000006326,2.64548599999398,8.289775000012014,independent-reuse,2,0,2,27,,28,,,,,,,,,,,,,
adapter,candidate,direct-edit,30,early-warm,28,11.294470000008005,2.9746089999971446,8.063175999981468,independent-reuse,2,0,2,27,,28,,,,,,,,,,,,,
adapter,candidate,direct-edit,30,early-warm,29,11.422993000000133,2.489772000000812,8.725462000016705,independent-reuse,2,0,2,27,,28,,,,,,,,,,,,,
adapter,candidate,direct-edit,30,early-warm,30,10.544576999993296,2.500998999996227,7.783865999983391,independent-reuse,2,0,2,27,,28,,,,,,,,,,,,,
adapter,candidate,direct-edit,30,late-warmup,0,9.085680000003777,1.5441140000039013,7.351522000011755,independent-reuse,1,28,1,28,,1,,,,,,,,,,,,,
adapter,candidate,direct-edit,30,late-warm,1,10.611527000000933,2.6432720000011614,7.741626000002725,prefix-restore,2,28,2,27,,,,,,,,,,,,,,,
adapter,candidate,direct-edit,30,late-warm,2,12.162061000009999,3.5170819999912055,8.394126999963191,prefix-restore,2,28,2,27,,,,,,,,,,,,,,,
adapter,candidate,direct-edit,30,late-warm,3,11.318146000005072,3.007698999994318,8.097736000039731,prefix-restore,2,28,2,27,,,,,,,,,,,,,,,
adapter,candidate,direct-edit,30,late-warm,4,11.513288999994984,3.1363120000023628,8.100969999984954,prefix-restore,2,28,2,27,,,,,,,,,,,,,,,
adapter,candidate,direct-edit,30,late-warm,5,18.70317100000102,3.023942999992869,15.413321999934851,prefix-restore,2,28,2,27,,,,,,,,,,,,,,,
adapter,candidate,direct-edit,30,late-warm,6,11.833959000010509,3.1266369999939343,8.45765699997719,prefix-restore,2,28,2,27,,,,,,,,,,,,,,,
adapter,candidate,direct-edit,30,late-warm,7,11.538104999999632,3.3193259999970905,8.030146999997669,prefix-restore,2,28,2,27,,,,,,,,,,,,,,,
adapter,candidate,direct-edit,30,late-warm,8,11.781099999992875,3.2389949999924283,8.277925999995205,prefix-restore,2,28,2,27,,,,,,,,,,,,,,,
adapter,candidate,direct-edit,30,late-warm,9,11.373919000005117,2.9973919999902137,8.162554000038654,prefix-restore,2,28,2,27,,,,,,,,,,,,,,,
adapter,candidate,direct-edit,30,late-warm,10,15.605332999999519,3.1955199999938486,12.147182000015164,prefix-restore,2,28,2,27,,,,,,,,,,,,,,,
adapter,candidate,direct-edit,30,late-warm,11,11.322471999999834,3.084793999994872,8.018769000002067,prefix-restore,2,28,2,27,,,,,,,,,,,,,,,
adapter,candidate,direct-edit,30,late-warm,12,11.407961000004434,3.0325550000125077,8.134893999973428,prefix-restore,2,28,2,27,,,,,,,,,,,,,,,
adapter,candidate,direct-edit,30,late-warm,13,11.442882999996073,3.2284400000062305,8.01870900002541,prefix-restore,2,28,2,27,,,,,,,,,,,,,,,
adapter,candidate,direct-edit,30,late-warm,14,11.66074999999546,3.263643000012962,8.1427449999901,prefix-restore,2,28,2,27,,,,,,,,,,,,,,,
adapter,candidate,direct-edit,30,late-warm,15,14.856159000002663,3.1054149999981746,11.499168999958783,prefix-restore,2,28,2,27,,,,,,,,,,,,,,,
adapter,candidate,direct-edit,30,late-warm,16,12.327159000007669,3.7320250000047963,8.332734000025084,prefix-restore,2,28,2,27,,,,,,,,,,,,,,,
adapter,candidate,direct-edit,30,late-warm,17,11.193800000008196,2.9751699999906123,8.027061000000685,prefix-restore,2,28,2,27,,,,,,,,,,,,,,,
adapter,candidate,direct-edit,30,late-warm,18,11.901160000008531,3.8367210000142222,7.799692000015057,prefix-restore,2,28,2,27,,,,,,,,,,,,,,,
adapter,candidate,direct-edit,30,late-warm,19,11.683794000011403,3.0350000000034925,8.447701000011875,prefix-restore,2,28,2,27,,,,,,,,,,,,,,,
adapter,candidate,direct-edit,30,late-warm,20,15.612752999993972,3.3188950000039767,11.942831999986083,prefix-restore,2,28,2,27,,,,,,,,,,,,,,,
adapter,candidate,direct-edit,30,late-warm,21,11.448861999990186,3.4009079999959795,7.857819000040763,prefix-restore,2,28,2,27,,,,,,,,,,,,,,,
adapter,candidate,direct-edit,30,late-warm,22,12.08695899999293,2.9777139999932842,8.86964999997872,prefix-restore,2,28,2,27,,,,,,,,,,,,,,,
adapter,candidate,direct-edit,30,late-warm,23,12.260695999997552,3.166908000013791,8.895910000006552,prefix-restore,2,28,2,27,,,,,,,,,,,,,,,
adapter,candidate,direct-edit,30,late-warm,24,11.566154000000097,3.1288519999943674,8.19164299996919,prefix-restore,2,28,2,27,,,,,,,,,,,,,,,
adapter,candidate,direct-edit,30,late-warm,25,16.16591199999675,3.5669590000034077,12.390700999967521,prefix-restore,2,28,2,27,,,,,,,,,,,,,,,
adapter,candidate,direct-edit,30,late-warm,26,11.965523000006215,2.977885000000242,8.687399000031292,prefix-restore,2,28,2,27,,,,,,,,,,,,,,,
adapter,candidate,direct-edit,30,late-warm,27,12.169309000004432,3.021960999991279,8.519804000039585,prefix-restore,2,28,2,27,,,,,,,,,,,,,,,
adapter,candidate,direct-edit,30,late-warm,28,11.487756999995327,2.950403999988339,8.311541000002762,prefix-restore,2,28,2,27,,,,,,,,,,,,,,,
adapter,candidate,direct-edit,30,late-warm,29,11.782958999989205,3.106837999992422,8.484811999980593,prefix-restore,2,28,2,27,,,,,,,,,,,,,,,
adapter,candidate,direct-edit,30,late-warm,30,11.580394999997225,2.9632430000056047,8.377045999994152,prefix-restore,2,28,2,27,,,,,,,,,,,,,,,
adapter,candidate,direct-edit,100,cold,0,93.43273900001077,19.87891899999522,72.54110599994601,full-rebuild,100,0,99,0,,,,,,,,,,,,,,,
adapter,candidate,direct-edit,100,warm-repeat,0,26.86188100000436,2.22011900000507,24.063644999987446,independent-reuse,1,80,1,98,,19,,,,,,,,,,,,,
adapter,candidate,direct-edit,100,operation-warmup,0,26.09421999999904,2.1576459999923827,23.420818000115105,independent-reuse,1,80,1,98,,19,,,,,,,,,,,,,
adapter,candidate,direct-edit,100,operation-warm,1,30.988750000004075,2.4046159999998054,27.93586199982383,independent-reuse,1,80,1,98,,19,,,,,,,,,,,,,
adapter,candidate,direct-edit,100,operation-warm,2,27.28132999999798,2.783843999990495,23.94862600004126,independent-reuse,1,80,1,98,,19,,,,,,,,,,,,,
adapter,candidate,direct-edit,100,operation-warm,3,27.050174000003608,2.4507250000024214,24.079863999955705,independent-reuse,1,80,1,98,,19,,,,,,,,,,,,,
adapter,candidate,direct-edit,100,operation-warm,4,31.956962000011117,2.661091000001761,28.73198500002036,independent-reuse,1,80,1,98,,19,,,,,,,,,,,,,
adapter,candidate,direct-edit,100,operation-warm,5,29.82937099999981,2.5233339999977034,26.73186800008989,independent-reuse,1,80,1,98,,19,,,,,,,,,,,,,
adapter,candidate,direct-edit,100,operation-warm,6,29.15783399999782,2.867911000008462,25.71347799996147,independent-reuse,1,80,1,98,,19,,,,,,,,,,,,,
adapter,candidate,direct-edit,100,operation-warm,7,39.37851100000262,10.086175000004005,28.428168000027654,independent-reuse,1,80,1,98,,19,,,,,,,,,,,,,
adapter,candidate,direct-edit,100,operation-warm,8,29.30806900000607,3.287039000002551,25.32341500009352,independent-reuse,1,80,1,98,,19,,,,,,,,,,,,,
adapter,candidate,direct-edit,100,operation-warm,9,28.254370000009658,2.578447000007145,25.10550200007856,independent-reuse,1,80,1,98,,19,,,,,,,,,,,,,
adapter,candidate,direct-edit,100,operation-warm,10,27.962532000005012,2.742353000008734,24.662575999987894,independent-reuse,1,80,1,98,,19,,,,,,,,,,,,,
adapter,candidate,direct-edit,100,operation-warm,11,29.388971000007587,2.867889999994077,25.948854999965988,independent-reuse,1,80,1,98,,19,,,,,,,,,,,,,
adapter,candidate,direct-edit,100,operation-warm,12,33.19080199999735,2.511536000005435,30.10371499999019,independent-reuse,1,80,1,98,,19,,,,,,,,,,,,,
adapter,candidate,direct-edit,100,operation-warm,13,28.943132000000332,2.600400000010268,25.771220000009635,independent-reuse,1,80,1,98,,19,,,,,,,,,,,,,
adapter,candidate,direct-edit,100,operation-warm,14,32.03850500000408,3.555472000007285,27.826465999998618,independent-reuse,1,80,1,98,,19,,,,,,,,,,,,,
adapter,candidate,direct-edit,100,operation-warm,15,34.51213299999654,8.233616999990772,25.56331699997827,independent-reuse,1,80,1,98,,19,,,,,,,,,,,,,
adapter,candidate,direct-edit,100,operation-warm,16,29.37143400000059,3.2888610000081826,25.526780999964103,independent-reuse,1,80,1,98,,19,,,,,,,,,,,,,
adapter,candidate,direct-edit,100,operation-warm,17,27.846577999996953,2.511446000004071,24.80289100005757,independent-reuse,1,80,1,98,,19,,,,,,,,,,,,,
adapter,candidate,direct-edit,100,operation-warm,18,28.79570099999546,2.7010100000043167,25.497494999988703,independent-reuse,1,80,1,98,,19,,,,,,,,,,,,,
adapter,candidate,direct-edit,100,operation-warm,19,28.74771999999939,2.6701840000023367,25.523589999997057,independent-reuse,1,80,1,98,,19,,,,,,,,,,,,,
adapter,candidate,direct-edit,100,operation-warm,20,33.286516000007396,3.4931289999949513,29.237731000073836,independent-reuse,1,80,1,98,,19,,,,,,,,,,,,,
adapter,candidate,direct-edit,100,operation-warm,21,28.643702999994275,2.490114000000176,25.55567100000917,independent-reuse,1,80,1,98,,19,,,,,,,,,,,,,
adapter,candidate,direct-edit,100,operation-warm,22,28.77227600000333,2.7845549999910872,25.2677330000879,independent-reuse,1,80,1,98,,19,,,,,,,,,,,,,
adapter,candidate,direct-edit,100,operation-warm,23,30.86439300001075,3.043825000000652,27.221138999899267,independent-reuse,1,80,1,98,,19,,,,,,,,,,,,,
adapter,candidate,direct-edit,100,operation-warm,24,32.51073199999519,2.78431499999715,29.00506199998199,independent-reuse,1,80,1,98,,19,,,,,,,,,,,,,
adapter,candidate,direct-edit,100,operation-warm,25,38.26772499999788,2.481140999996569,35.10718499988434,independent-reuse,1,80,1,98,,19,,,,,,,,,,,,,
adapter,candidate,direct-edit,100,operation-warm,26,30.267697999996017,2.6400489999941783,27.046339000036824,independent-reuse,1,80,1,98,,19,,,,,,,,,,,,,
adapter,candidate,direct-edit,100,operation-warm,27,31.82320100000652,2.8017709999985527,28.418290999979945,independent-reuse,1,80,1,98,,19,,,,,,,,,,,,,
adapter,candidate,direct-edit,100,operation-warm,28,27.75109400000656,2.624495999989449,24.562596999981906,independent-reuse,1,80,1,98,,19,,,,,,,,,,,,,
adapter,candidate,direct-edit,100,operation-warm,29,29.107329000005848,3.3467880000098376,25.19588399998611,independent-reuse,1,80,1,98,,19,,,,,,,,,,,,,
adapter,candidate,direct-edit,100,operation-warm,30,38.61565599999449,2.983163999990211,34.959565999975894,independent-reuse,1,80,1,98,,19,,,,,,,,,,,,,
adapter,candidate,direct-edit,100,early-warmup,0,28.34145000000717,2.519427999999607,25.186387000067043,independent-reuse,1,80,1,98,,19,,,,,,,,,,,,,
adapter,candidate,direct-edit,100,early-warm,1,32.58223899999575,4.31967799999984,27.41837400001532,independent-reuse,2,0,2,97,,98,,,,,,,,,,,,,
adapter,candidate,direct-edit,100,early-warm,2,35.53102100000251,3.605045999996946,31.29633600001398,independent-reuse,2,0,2,97,,98,,,,,,,,,,,,,
adapter,candidate,direct-edit,100,early-warm,3,34.157552000004216,4.629883000001428,26.37122700008331,independent-reuse,2,0,2,97,,98,,,,,,,,,,,,,
adapter,candidate,direct-edit,100,early-warm,4,29.243892999991658,3.765467000004719,24.874064000003273,independent-reuse,2,0,2,97,,98,,,,,,,,,,,,,
adapter,candidate,direct-edit,100,early-warm,5,40.750278999999864,8.408125000001746,31.53748999997333,independent-reuse,2,0,2,97,,98,,,,,,,,,,,,,
adapter,candidate,direct-edit,100,early-warm,6,30.554664999988745,4.617563000007067,25.246188000033726,independent-reuse,2,0,2,97,,98,,,,,,,,,,,,,
adapter,candidate,direct-edit,100,early-warm,7,31.430968000000576,3.9497209999972256,26.8399589999608,independent-reuse,2,0,2,97,,98,,,,,,,,,,,,,
adapter,candidate,direct-edit,100,early-warm,8,30.876668000011705,4.255309000000125,25.904810999898473,independent-reuse,2,0,2,97,,98,,,,,,,,,,,,,
adapter,candidate,direct-edit,100,early-warm,9,32.71587499999441,4.507107000012184,27.52225000000908,independent-reuse,2,0,2,97,,98,,,,,,,,,,,,,
adapter,candidate,direct-edit,100,early-warm,10,36.316963999997824,9.283497000011266,26.471369999926537,independent-reuse,2,0,2,97,,98,,,,,,,,,,,,,
adapter,candidate,direct-edit,100,early-warm,11,30.36118500000157,3.9743579999922076,25.760569000049145,independent-reuse,2,0,2,97,,98,,,,,,,,,,,,,
adapter,candidate,direct-edit,100,early-warm,12,35.40992400000687,3.8918550000089454,30.916656000074,independent-reuse,2,0,2,97,,98,,,,,,,,,,,,,
adapter,candidate,direct-edit,100,early-warm,13,29.24710499998764,3.977562999993097,24.71609400003217,independent-reuse,2,0,2,97,,98,,,,,,,,,,,,,
adapter,candidate,direct-edit,100,early-warm,14,30.031419999999343,5.379583999994793,24.11902300006477,independent-reuse,2,0,2,97,,98,,,,,,,,,,,,,
adapter,candidate,direct-edit,100,early-warm,15,29.994764999995823,3.9719250000052853,25.404948999974295,independent-reuse,2,0,2,97,,98,,,,,,,,,,,,,
adapter,candidate,direct-edit,100,early-warm,16,29.828075999990688,4.635868999990635,24.661316999976407,independent-reuse,2,0,2,97,,98,,,,,,,,,,,,,
adapter,candidate,direct-edit,100,early-warm,17,29.17023899999913,3.954228000002331,24.656338000058895,independent-reuse,2,0,2,97,,98,,,,,,,,,,,,,
adapter,candidate,direct-edit,100,early-warm,18,32.3994010000024,3.7383739999932004,28.05349999992177,independent-reuse,2,0,2,97,,98,,,,,,,,,,,,,
adapter,candidate,direct-edit,100,early-warm,19,32.96731999999611,3.7639340000023367,28.664499000064097,independent-reuse,2,0,2,97,,98,,,,,,,,,,,,,
adapter,candidate,direct-edit,100,early-warm,20,28.851869000005536,3.630854000002728,24.690489000073285,independent-reuse,2,0,2,97,,98,,,,,,,,,,,,,
adapter,candidate,direct-edit,100,early-warm,21,38.76389199998812,3.9099330000026384,34.20143699993787,independent-reuse,2,0,2,97,,98,,,,,,,,,,,,,
adapter,candidate,direct-edit,100,early-warm,22,28.521314999990864,3.7859060000046156,24.215563999983715,independent-reuse,2,0,2,97,,98,,,,,,,,,,,,,
adapter,candidate,direct-edit,100,early-warm,23,29.018309999999474,3.8488610000058543,24.64160400000401,independent-reuse,2,0,2,97,,98,,,,,,,,,,,,,
adapter,candidate,direct-edit,100,early-warm,24,28.51791000000958,3.7924369999964256,24.19937600006233,independent-reuse,2,0,2,97,,98,,,,,,,,,,,,,
adapter,candidate,direct-edit,100,early-warm,25,28.52223500001128,3.5937189999967813,24.413743999990402,independent-reuse,2,0,2,97,,98,,,,,,,,,,,,,
adapter,candidate,direct-edit,100,early-warm,26,34.91731500001333,4.354649000000791,29.92625799991947,independent-reuse,2,0,2,97,,98,,,,,,,,,,,,,
adapter,candidate,direct-edit,100,early-warm,27,31.5981380000012,3.79620199999772,27.241935000012745,independent-reuse,2,0,2,97,,98,,,,,,,,,,,,,
adapter,candidate,direct-edit,100,early-warm,28,32.36938399999053,4.462770999991335,27.17772000018158,independent-reuse,2,0,2,97,,98,,,,,,,,,,,,,
adapter,candidate,direct-edit,100,early-warm,29,30.15046699999948,3.7725269999937154,25.75907500006724,independent-reuse,2,0,2,97,,98,,,,,,,,,,,,,
adapter,candidate,direct-edit,100,early-warm,30,29.066992999985814,3.6770740000065416,24.85842099992442,independent-reuse,2,0,2,97,,98,,,,,,,,,,,,,
adapter,candidate,direct-edit,100,late-warmup,0,33.1910060000082,2.5441550000105053,30.01932599992142,independent-reuse,1,80,1,98,,19,,,,,,,,,,,,,
adapter,candidate,direct-edit,100,late-warm,1,28.106532000005245,2.5761819999897853,24.87610899997526,independent-reuse,2,80,2,97,,18,,,,,,,,,,,,,
adapter,candidate,direct-edit,100,late-warm,2,30.016946999996435,2.989402000006521,26.435998999950243,independent-reuse,2,80,2,97,,18,,,,,,,,,,,,,
adapter,candidate,direct-edit,100,late-warm,3,31.845719000004465,2.7378350000071805,28.606275999860372,independent-reuse,2,80,2,97,,18,,,,,,,,,,,,,
adapter,candidate,direct-edit,100,late-warm,4,27.65448500000639,2.764253999979701,24.38669700018363,independent-reuse,2,80,2,97,,18,,,,,,,,,,,,,
adapter,candidate,direct-edit,100,late-warm,5,28.997838999988744,2.901079999981448,25.51417600014247,independent-reuse,2,80,2,97,,18,,,,,,,,,,,,,
adapter,candidate,direct-edit,100,late-warm,6,39.805624000000535,2.940769000008004,36.06175699972664,independent-reuse,2,80,2,97,,18,,,,,,,,,,,,,
adapter,candidate,direct-edit,100,late-warm,7,32.27726599999005,2.832817000016803,28.794671999901766,independent-reuse,2,80,2,97,,18,,,,,,,,,,,,,
adapter,candidate,direct-edit,100,late-warm,8,32.930374999996275,2.934320000000298,29.450739000021713,independent-reuse,2,80,2,97,,18,,,,,,,,,,,,,
adapter,candidate,direct-edit,100,late-warm,9,28.240924000012456,3.0253760000050534,24.66632400022354,independent-reuse,2,80,2,97,,18,,,,,,,,,,,,,
adapter,candidate,direct-edit,100,late-warm,10,30.366171000001486,2.7885609999939334,27.04479700003867,independent-reuse,2,80,2,97,,18,,,,,,,,,,,,,
adapter,candidate,direct-edit,100,late-warm,11,30.883445999992546,3.0242140000045765,27.278641000244534,independent-reuse,2,80,2,97,,18,,,,,,,,,,,,,
adapter,candidate,direct-edit,100,late-warm,12,29.001013000000967,3.190113000018755,25.287028000078863,independent-reuse,2,80,2,97,,18,,,,,,,,,,,,,
adapter,candidate,direct-edit,100,late-warm,13,35.1704740000132,2.761891000001924,31.836516000068514,independent-reuse,2,80,2,97,,18,,,,,,,,,,,,,
adapter,candidate,direct-edit,100,late-warm,14,29.065219999989495,2.6687110000057146,25.555239000183064,independent-reuse,2,80,2,97,,18,,,,,,,,,,,,,
adapter,candidate,direct-edit,100,late-warm,15,30.124287999991793,3.0691819999774452,26.184069999988424,independent-reuse,2,80,2,97,,18,,,,,,,,,,,,,
adapter,candidate,direct-edit,100,late-warm,16,29.532841000007465,3.1144100000092294,25.870992000069236,independent-reuse,2,80,2,97,,18,,,,,,,,,,,,,
adapter,candidate,direct-edit,100,late-warm,17,38.30010599998059,2.9876689999946393,34.36549399988144,independent-reuse,2,80,2,97,,18,,,,,,,,,,,,,
adapter,candidate,direct-edit,100,late-warm,18,35.9371589999937,2.767359999998007,32.47632700018585,independent-reuse,2,80,2,97,,18,,,,,,,,,,,,,
adapter,candidate,direct-edit,100,late-warm,19,33.152017999993404,3.1691609999979846,29.30755299993325,independent-reuse,2,80,2,97,,18,,,,,,,,,,,,,
adapter,candidate,direct-edit,100,late-warm,20,28.648265000025276,2.69584300002316,25.385493999929167,independent-reuse,2,80,2,97,,18,,,,,,,,,,,,,
adapter,candidate,direct-edit,100,late-warm,21,37.556042000011075,2.809001999994507,34.05464199994458,independent-reuse,2,80,2,97,,18,,,,,,,,,,,,,
adapter,candidate,direct-edit,100,late-warm,22,39.70941999999923,3.528409999998985,35.36837600017316,independent-reuse,2,80,2,97,,18,,,,,,,,,,,,,
adapter,candidate,direct-edit,100,late-warm,23,46.52801300000283,2.743253000022378,43.08170000012615,independent-reuse,2,80,2,97,,18,,,,,,,,,,,,,
adapter,candidate,direct-edit,100,late-warm,24,31.059130000008736,3.1005690000019968,27.36212200013688,independent-reuse,2,80,2,97,,18,,,,,,,,,,,,,
adapter,candidate,direct-edit,100,late-warm,25,29.41683699999703,2.7747010000166483,26.077041000069585,independent-reuse,2,80,2,97,,18,,,,,,,,,,,,,
adapter,candidate,direct-edit,100,late-warm,26,35.67511999999988,2.692055999999866,32.38511400020798,independent-reuse,2,80,2,97,,18,,,,,,,,,,,,,
adapter,candidate,direct-edit,100,late-warm,27,30.205029000004288,2.7660170000162907,26.560665999888442,independent-reuse,2,80,2,97,,18,,,,,,,,,,,,,
adapter,candidate,direct-edit,100,late-warm,28,28.25577499999781,2.8474090000090655,24.967287999927066,independent-reuse,2,80,2,97,,18,,,,,,,,,,,,,
adapter,candidate,direct-edit,100,late-warm,29,28.190277999994578,2.8865879999939352,24.86234000013792,independent-reuse,2,80,2,97,,18,,,,,,,,,,,,,
adapter,candidate,direct-edit,100,late-warm,30,30.111919000017224,2.8067689999879804,26.620802000077674,independent-reuse,2,80,2,97,,18,,,,,,,,,,,,,
sketch,baseline,constrained-radius,2,cold,0,64.11762199999998,,,full-rebuild,2,0,1,0,,,9.352720999999974,52.400607000000036,10,,,,,,,,,,
sketch,baseline,constrained-radius,2,warm,1,12.7791279999999,,,full-rebuild,2,0,1,0,,,0.822653000000173,10.053180999999995,12,,,,,,,,,,
sketch,baseline,constrained-radius,2,warm,2,9.387203,,,full-rebuild,2,0,1,0,,,0.356804000000011,8.35375299999987,11,,,,,,,,,,
sketch,baseline,constrained-radius,2,warm,3,5.808659000000034,,,full-rebuild,2,0,1,0,,,0.3390079999999216,4.93165399999998,12,,,,,,,,,,
sketch,baseline,constrained-radius,2,warm,4,6.303139999999985,,,full-rebuild,2,0,1,0,,,0.2811110000000099,5.36774800000012,11,,,,,,,,,,
sketch,baseline,constrained-radius,2,warm,5,6.486214999999902,,,full-rebuild,2,0,1,0,,,0.269553999999971,4.601850000000013,12,,,,,,,,,,
sketch,baseline,constrained-radius,2,warm,6,5.150973000000022,,,full-rebuild,2,0,1,0,,,0.3174260000000686,4.3016200000001845,11,,,,,,,,,,
sketch,baseline,constrained-radius,2,warm,7,6.118443999999954,,,full-rebuild,2,0,1,0,,,0.22295400000007248,5.30337099999997,12,,,,,,,,,,
sketch,baseline,constrained-radius,2,warm,8,5.246785999999929,,,full-rebuild,2,0,1,0,,,0.23729600000001483,4.384244000000081,11,,,,,,,,,,
sketch,baseline,constrained-radius,2,warm,9,4.4880289999998695,,,full-rebuild,2,0,1,0,,,0.19562400000017988,3.7650539999999637,12,,,,,,,,,,
sketch,baseline,constrained-radius,2,warm,10,4.725175000000036,,,full-rebuild,2,0,1,0,,,0.24804200000016863,4.010282999999845,11,,,,,,,,,,
sketch,baseline,constrained-radius,2,warm,11,4.6116239999998925,,,full-rebuild,2,0,1,0,,,0.31137699999999313,3.815119999999979,12,,,,,,,,,,
sketch,baseline,constrained-radius,2,warm,12,4.698695000000043,,,full-rebuild,2,0,1,0,,,0.1872009999999591,4.04779799999983,11,,,,,,,,,,
sketch,baseline,constrained-radius,2,warm,13,4.773375999999871,,,full-rebuild,2,0,1,0,,,0.17834700000003068,4.103663000000097,12,,,,,,,,,,
sketch,baseline,constrained-radius,2,warm,14,4.8336870000000545,,,full-rebuild,2,0,1,0,,,0.21908800000005613,4.104724000000033,11,,,,,,,,,,
sketch,baseline,constrained-radius,2,warm,15,4.479246000000103,,,full-rebuild,2,0,1,0,,,0.16815199999996366,3.845456000000013,12,,,,,,,,,,
sketch,baseline,constrained-radius,2,warm,16,4.4798269999998865,,,full-rebuild,2,0,1,0,,,0.19299999999998363,3.7456260000001294,11,,,,,,,,,,
sketch,baseline,constrained-radius,2,warm,17,4.1778730000000905,,,full-rebuild,2,0,1,0,,,0.17482199999994918,3.594248000000107,12,,,,,,,,,,
sketch,baseline,constrained-radius,2,warm,18,3.8746090000001914,,,full-rebuild,2,0,1,0,,,0.16790099999980157,3.259366,11,,,,,,,,,,
sketch,baseline,constrained-radius,2,warm,19,4.460217999999941,,,full-rebuild,2,0,1,0,,,0.15973900000017238,3.896972999999889,12,,,,,,,,,,
sketch,baseline,constrained-radius,2,warm,20,3.826996999999892,,,full-rebuild,2,0,1,0,,,0.17044499999997242,3.3076089999999567,11,,,,,,,,,,
sketch,baseline,constrained-radius,2,warm,21,3.8424509999999827,,,full-rebuild,2,0,1,0,,,0.13403100000004997,3.2944790000001376,12,,,,,,,,,,
sketch,baseline,constrained-radius,2,warm,22,4.065436000000091,,,full-rebuild,2,0,1,0,,,0.14354500000013104,3.5475189999999657,11,,,,,,,,,,
sketch,baseline,constrained-radius,2,warm,23,4.073438000000124,,,full-rebuild,2,0,1,0,,,0.13478199999985918,3.529602000000068,12,,,,,,,,,,
sketch,baseline,constrained-radius,2,warm,24,3.793198000000075,,,full-rebuild,2,0,1,0,,,0.1289839999999458,3.323774000000185,11,,,,,,,,,,
sketch,baseline,constrained-radius,2,warm,25,4.1477980000001935,,,full-rebuild,2,0,1,0,,,0.14047000000005028,3.66241100000002,12,,,,,,,,,,
sketch,baseline,constrained-radius,2,warm,26,3.8075589999998556,,,full-rebuild,2,0,1,0,,,0.13493199999993521,3.2049950000000536,11,,,,,,,,,,
sketch,baseline,constrained-radius,2,warm,27,4.0677180000000135,,,full-rebuild,2,0,1,0,,,0.14039100000013605,3.2276090000000295,12,,,,,,,,,,
sketch,baseline,constrained-radius,2,warm,28,4.191184000000021,,,full-rebuild,2,0,1,0,,,0.3555630000000747,3.3641640000000734,11,,,,,,,,,,
sketch,baseline,constrained-radius,2,warm,29,3.8070979999999963,,,full-rebuild,2,0,1,0,,,0.17239900000004127,3.258395000000064,12,,,,,,,,,,
sketch,baseline,constrained-radius,2,warm,30,3.733177000000069,,,full-rebuild,2,0,1,0,,,0.13139700000010635,3.2242939999998725,11,,,,,,,,,,
sketch,baseline,constrained-radius,100,cold,0,159.18973000000005,,,full-rebuild,100,0,99,0,,,0.23997000000008484,156.7028909999999,10,,,,,,,,,,
sketch,baseline,constrained-radius,100,warm,1,121.99869999999987,,,full-rebuild,100,0,99,0,,,0.23275899999998728,119.19962299999997,12,,,,,,,,,,
sketch,baseline,constrained-radius,100,warm,2,114.40882999999985,,,full-rebuild,100,0,99,0,,,0.3555029999997714,111.28260300000011,11,,,,,,,,,,
sketch,baseline,constrained-radius,100,warm,3,110.32202800000005,,,full-rebuild,100,0,99,0,,,0.24052100000017163,107.03905500000019,12,,,,,,,,,,
sketch,baseline,constrained-radius,100,warm,4,108.20085299999982,,,full-rebuild,100,0,99,0,,,0.25226800000018557,105.41370499999994,11,,,,,,,,,,
sketch,baseline,constrained-radius,100,warm,5,129.6959099999999,,,full-rebuild,100,0,99,0,,,0.37006499999961306,125.08266300000014,12,,,,,,,,,,
sketch,baseline,constrained-radius,100,warm,6,118.7058219999999,,,full-rebuild,100,0,99,0,,,0.4402400000003581,115.148729,11,,,,,,,,,,
sketch,baseline,constrained-radius,100,warm,7,111.6303170000001,,,full-rebuild,100,0,99,0,,,0.27218800000036936,108.49171100000012,12,,,,,,,,,,
sketch,baseline,constrained-radius,100,warm,8,115.47731500000009,,,full-rebuild,100,0,99,0,,,0.2711469999999281,111.88091299999996,11,,,,,,,,,,
sketch,baseline,constrained-radius,100,warm,9,109.59599600000001,,,full-rebuild,100,0,99,0,,,0.2938610000001063,106.71410600000036,12,,,,,,,,,,
sketch,baseline,constrained-radius,100,warm,10,101.02872100000059,,,full-rebuild,100,0,99,0,,,0.29665399999976216,98.26312400000006,11,,,,,,,,,,
sketch,baseline,constrained-radius,100,warm,11,97.2819440000003,,,full-rebuild,100,0,99,0,,,0.24087099999997008,94.48414799999955,12,,,,,,,,,,
sketch,baseline,constrained-radius,100,warm,12,102.14025799999945,,,full-rebuild,100,0,99,0,,,0.24295400000028167,99.50895299999956,11,,,,,,,,,,
sketch,baseline,constrained-radius,100,warm,13,102.21050300000024,,,full-rebuild,100,0,99,0,,,0.2535199999992983,99.45104600000013,12,,,,,,,,,,
sketch,baseline,constrained-radius,100,warm,14,106.26882800000021,,,full-rebuild,100,0,99,0,,,0.30841199999940727,103.59421800000018,11,,,,,,,,,,
sketch,baseline,constrained-radius,100,warm,15,108.60741499999949,,,full-rebuild,100,0,99,0,,,0.24975499999982276,105.46439199999986,12,,,,,,,,,,
sketch,baseline,constrained-radius,100,warm,16,101.04958299999998,,,full-rebuild,100,0,99,0,,,0.275604000000385,98.48142199999984,11,,,,,,,,,,
sketch,baseline,constrained-radius,100,warm,17,100.42428500000005,,,full-rebuild,100,0,99,0,,,0.28202300000066316,97.4810720000005,12,,,,,,,,,,
sketch,baseline,constrained-radius,100,warm,18,98.29271900000003,,,full-rebuild,100,0,99,0,,,0.2442559999999503,95.63252000000011,11,,,,,,,,,,
sketch,baseline,constrained-radius,100,warm,19,99.50450600000022,,,full-rebuild,100,0,99,0,,,0.3002710000000661,96.65451200000007,12,,,,,,,,,,
sketch,baseline,constrained-radius,100,warm,20,102.4825209999999,,,full-rebuild,100,0,99,0,,,0.2507159999995565,99.46114100000068,11,,,,,,,,,,
sketch,baseline,constrained-radius,100,warm,21,99.276073,,,full-rebuild,100,0,99,0,,,0.25954900000033376,96.53171800000018,12,,,,,,,,,,
sketch,baseline,constrained-radius,100,warm,22,101.32348299999921,,,full-rebuild,100,0,99,0,,,0.2425329999996393,98.5124479999995,11,,,,,,,,,,
sketch,baseline,constrained-radius,100,warm,23,103.77508899999975,,,full-rebuild,100,0,99,0,,,0.31049499999971886,100.03559200000018,12,,,,,,,,,,
sketch,baseline,constrained-radius,100,warm,24,103.06994200000008,,,full-rebuild,100,0,99,0,,,0.27895799999987503,100.06063900000026,11,,,,,,,,,,
sketch,baseline,constrained-radius,100,warm,25,97.82411599999978,,,full-rebuild,100,0,99,0,,,0.28161200000067765,94.45973100000083,12,,,,,,,,,,
sketch,baseline,constrained-radius,100,warm,26,96.63983999999982,,,full-rebuild,100,0,99,0,,,0.25273899999956484,91.4897979999987,11,,,,,,,,,,
sketch,baseline,constrained-radius,100,warm,27,95.77309099999911,,,full-rebuild,100,0,99,0,,,0.2424140000002808,93.06384900000012,12,,,,,,,,,,
sketch,baseline,constrained-radius,100,warm,28,93.57954099999915,,,full-rebuild,100,0,99,0,,,0.24441699999988487,90.8754970000009,11,,,,,,,,,,
sketch,baseline,constrained-radius,100,warm,29,95.97059700000136,,,full-rebuild,100,0,99,0,,,0.2705359999999928,93.12287699999979,12,,,,,,,,,,
sketch,baseline,constrained-radius,100,warm,30,97.08454700000038,,,full-rebuild,100,0,99,0,,,0.24533799999881012,94.50644199999988,11,,,,,,,,,,
sketch,candidate,constrained-radius,2,cold,0,61.38496699999996,,,full-rebuild,2,0,1,0,,,8.758291999999983,50.183622000000014,10,,,,,,,,,,
sketch,candidate,constrained-radius,2,warm,1,11.9645730000002,,,full-rebuild,2,0,1,0,,,0.7138110000000779,10.26559599999996,12,,,,,,,,,,
sketch,candidate,constrained-radius,2,warm,2,9.563568999999916,,,full-rebuild,2,0,1,0,,,0.33068600000001425,8.545873999999912,11,,,,,,,,,,
sketch,candidate,constrained-radius,2,warm,3,5.180427000000009,,,full-rebuild,2,0,1,0,,,0.22140199999989818,4.426136000000042,12,,,,,,,,,,
sketch,candidate,constrained-radius,2,warm,4,5.59653000000003,,,full-rebuild,2,0,1,0,,,0.3308260000001155,4.653387000000066,11,,,,,,,,,,
sketch,candidate,constrained-radius,2,warm,5,5.720677000000023,,,full-rebuild,2,0,1,0,,,0.2512770000000728,4.825865000000022,12,,,,,,,,,,
sketch,candidate,constrained-radius,2,warm,6,5.287648999999874,,,full-rebuild,2,0,1,0,,,0.21495299999992312,4.435600000000022,11,,,,,,,,,,
sketch,candidate,constrained-radius,2,warm,7,5.2927760000000035,,,full-rebuild,2,0,1,0,,,0.1804299999998875,4.6049339999999575,12,,,,,,,,,,
sketch,candidate,constrained-radius,2,warm,8,5.046006000000034,,,full-rebuild,2,0,1,0,,,0.20680000000015752,4.183412000000089,11,,,,,,,,,,
sketch,candidate,constrained-radius,2,warm,9,5.1422000000000025,,,full-rebuild,2,0,1,0,,,0.25670500000001084,4.195179999999937,12,,,,,,,,,,
sketch,candidate,constrained-radius,2,warm,10,4.7771020000000135,,,full-rebuild,2,0,1,0,,,0.21626399999991008,4.072115000000167,11,,,,,,,,,,
sketch,candidate,constrained-radius,2,warm,11,4.562401000000136,,,full-rebuild,2,0,1,0,,,0.2753229999998439,3.8542379999998957,12,,,,,,,,,,
sketch,candidate,constrained-radius,2,warm,12,4.484733000000006,,,full-rebuild,2,0,1,0,,,0.1739500000001044,3.8725059999999303,11,,,,,,,,,,
sketch,candidate,constrained-radius,2,warm,13,4.932215000000042,,,full-rebuild,2,0,1,0,,,0.19060500000000502,4.3205679999998665,12,,,,,,,,,,
sketch,candidate,constrained-radius,2,warm,14,4.801499000000149,,,full-rebuild,2,0,1,0,,,0.20459699999992154,4.125075000000152,11,,,,,,,,,,
sketch,candidate,constrained-radius,2,warm,15,4.512586000000056,,,full-rebuild,2,0,1,0,,,0.16025100000001657,3.9705229999999574,12,,,,,,,,,,
sketch,candidate,constrained-radius,2,warm,16,4.27174500000001,,,full-rebuild,2,0,1,0,,,0.15372100000013234,3.6403980000000047,11,,,,,,,,,,
sketch,candidate,constrained-radius,2,warm,17,3.962020000000166,,,full-rebuild,2,0,1,0,,,0.1451879999999619,3.4336379999999735,12,,,,,,,,,,
sketch,candidate,constrained-radius,2,warm,18,3.8566219999997884,,,full-rebuild,2,0,1,0,,,0.16154199999982666,3.3185359999999946,11,,,,,,,,,,
sketch,candidate,constrained-radius,2,warm,19,4.173056999999972,,,full-rebuild,2,0,1,0,,,0.14334500000018124,3.6168830000001435,12,,,,,,,,,,
sketch,candidate,constrained-radius,2,warm,20,3.7553709999999683,,,full-rebuild,2,0,1,0,,,0.12761199999999917,3.297162999999955,11,,,,,,,,,,
sketch,candidate,constrained-radius,2,warm,21,4.165645999999924,,,full-rebuild,2,0,1,0,,,0.12822200000005068,3.6804890000000796,12,,,,,,,,,,
sketch,candidate,constrained-radius,2,warm,22,4.2094220000001314,,,full-rebuild,2,0,1,0,,,0.12894299999993564,3.2289109999999255,11,,,,,,,,,,
sketch,candidate,constrained-radius,2,warm,23,3.8439740000001166,,,full-rebuild,2,0,1,0,,,0.1230950000001485,3.326688000000104,12,,,,,,,,,,
sketch,candidate,constrained-radius,2,warm,24,3.8218409999999494,,,full-rebuild,2,0,1,0,,,0.11726500000008855,3.380969999999934,11,,,,,,,,,,
sketch,candidate,constrained-radius,2,warm,25,3.6030229999998937,,,full-rebuild,2,0,1,0,,,0.12296500000002197,3.0876190000001316,12,,,,,,,,,,
sketch,candidate,constrained-radius,2,warm,26,3.9914940000001025,,,full-rebuild,2,0,1,0,,,0.21617399999990994,3.225256000000172,11,,,,,,,,,,
sketch,candidate,constrained-radius,2,warm,27,3.8454750000000786,,,full-rebuild,2,0,1,0,,,0.14028000000007523,3.2595369999999093,12,,,,,,,,,,
sketch,candidate,constrained-radius,2,warm,28,3.995781000000079,,,full-rebuild,2,0,1,0,,,0.12848299999996016,3.4740179999998873,11,,,,,,,,,,
sketch,candidate,constrained-radius,2,warm,29,4.033147000000099,,,full-rebuild,2,0,1,0,,,0.19645399999990332,3.4259770000001026,12,,,,,,,,,,
sketch,candidate,constrained-radius,2,warm,30,3.830101999999897,,,full-rebuild,2,0,1,0,,,0.12406599999985701,3.2442239999998037,11,,,,,,,,,,
sketch,candidate,constrained-radius,100,cold,0,189.6402189999999,,,full-rebuild,100,0,99,0,,,0.23048500000004424,187.12569899999994,10,,,,,,,,,,
sketch,candidate,constrained-radius,100,warm,1,34.33824500000014,,,independent-reuse,2,0,1,98,,98,0.2320079999999507,31.79066499999999,12,,,,,,,,,,
sketch,candidate,constrained-radius,100,warm,2,33.3100129999998,,,independent-reuse,2,0,1,98,,98,0.23204800000030446,30.764145999999982,11,,,,,,,,,,
sketch,candidate,constrained-radius,100,warm,3,32.312096999999994,,,independent-reuse,2,0,1,98,,98,0.2705759999998918,29.52153300000009,12,,,,,,,,,,
sketch,candidate,constrained-radius,100,warm,4,30.78250399999979,,,independent-reuse,2,0,1,98,,98,0.26401599999962855,28.49598500000002,11,,,,,,,,,,
sketch,candidate,constrained-radius,100,warm,5,31.335062000000107,,,independent-reuse,2,0,1,98,,98,0.29916899999989255,28.966030000000046,12,,,,,,,,,,
sketch,candidate,constrained-radius,100,warm,6,34.38116900000023,,,independent-reuse,2,0,1,98,,98,0.24270400000023074,31.780178999999862,11,,,,,,,,,,
sketch,candidate,constrained-radius,100,warm,7,34.07775400000037,,,independent-reuse,2,0,1,98,,98,0.2979159999999865,31.32459599999993,12,,,,,,,,,,
sketch,candidate,constrained-radius,100,warm,8,30.880370000000312,,,independent-reuse,2,0,1,98,,98,0.4017919999996593,28.100081000000046,11,,,,,,,,,,
sketch,candidate,constrained-radius,100,warm,9,30.068312999999762,,,independent-reuse,2,0,1,98,,98,0.2362239999997655,27.701344000000063,12,,,,,,,,,,
sketch,candidate,constrained-radius,100,warm,10,30.704655999999886,,,independent-reuse,2,0,1,98,,98,0.23728600000004008,28.210185999999794,11,,,,,,,,,,
sketch,candidate,constrained-radius,100,warm,11,31.353428999999778,,,independent-reuse,2,0,1,98,,98,0.2326389999998355,28.885118000000148,12,,,,,,,,,,
sketch,candidate,constrained-radius,100,warm,12,31.540359999999964,,,independent-reuse,2,0,1,98,,98,0.24480700000003708,28.99427199999991,11,,,,,,,,,,
sketch,candidate,constrained-radius,100,warm,13,34.58136800000011,,,independent-reuse,2,0,1,98,,98,0.24192300000049727,32.03919700000006,12,,,,,,,,,,
sketch,candidate,constrained-radius,100,warm,14,31.287970999999743,,,independent-reuse,2,0,1,98,,98,0.32082100000025093,28.699690000000373,11,,,,,,,,,,
sketch,candidate,constrained-radius,100,warm,15,30.72492599999987,,,independent-reuse,2,0,1,98,,98,0.26923400000032416,28.19692599999962,12,,,,,,,,,,
sketch,candidate,constrained-radius,100,warm,16,30.93265799999972,,,independent-reuse,2,0,1,98,,98,0.23083599999972648,28.37974099999974,11,,,,,,,,,,
sketch,candidate,constrained-radius,100,warm,17,31.18046999999933,,,independent-reuse,2,0,1,98,,98,0.22755099999994854,28.608232999999927,12,,,,,,,,,,
sketch,candidate,constrained-radius,100,warm,18,34.354269000000386,,,independent-reuse,2,0,1,98,,98,0.24890299999970011,31.351036000000022,11,,,,,,,,,,
sketch,candidate,constrained-radius,100,warm,19,30.455433000000085,,,independent-reuse,2,0,1,98,,98,0.27826699999968696,28.00997599999937,12,,,,,,,,,,
sketch,candidate,constrained-radius,100,warm,20,30.28570899999977,,,independent-reuse,2,0,1,98,,98,0.2685029999993276,27.548424999999952,11,,,,,,,,,,
sketch,candidate,constrained-radius,100,warm,21,31.085157000000436,,,independent-reuse,2,0,1,98,,98,0.3165739999994912,28.398678999999902,12,,,,,,,,,,
sketch,candidate,constrained-radius,100,warm,22,30.07589299999927,,,independent-reuse,2,0,1,98,,98,0.23644400000011956,27.4346230000001,11,,,,,,,,,,
sketch,candidate,constrained-radius,100,warm,23,32.799817999999505,,,independent-reuse,2,0,1,98,,98,0.255432999999357,30.200141000000258,12,,,,,,,,,,
sketch,candidate,constrained-radius,100,warm,24,30.13394100000005,,,independent-reuse,2,0,1,98,,98,0.23771599999963655,27.546581999999944,11,,,,,,,,,,
sketch,candidate,constrained-radius,100,warm,25,32.96277199999986,,,independent-reuse,2,0,1,98,,98,0.25070599999980914,30.188293000000158,12,,,,,,,,,,
sketch,candidate,constrained-radius,100,warm,26,30.150966000000153,,,independent-reuse,2,0,1,98,,98,0.29775599999993574,27.72106299999996,11,,,,,,,,,,
sketch,candidate,constrained-radius,100,warm,27,30.928342000000157,,,independent-reuse,2,0,1,98,,98,0.2451679999994667,28.483517000000575,12,,,,,,,,,,
sketch,candidate,constrained-radius,100,warm,28,33.05064399999992,,,independent-reuse,2,0,1,98,,98,0.2695140000005267,28.31581499999993,11,,,,,,,,,,
sketch,candidate,constrained-radius,100,warm,29,29.881944000000658,,,independent-reuse,2,0,1,98,,98,0.2403600000006918,27.555535000000418,12,,,,,,,,,,
sketch,candidate,constrained-radius,100,warm,30,33.164434999999685,,,independent-reuse,2,0,1,98,,98,0.2682919999997466,30.653008999999656,11,,,,,,,,,,
complex,baseline,cold import sync,2,cold-or-first,0,5159.798323,,,,,,,,,,,,,4885.792965999975,274.00535700002456,,,,,,,,
complex,baseline,offset -6 sync,2,cold-or-first,1,2164.9477530000013,,,,,,,,,,,,,2071.876602000132,93.07115099986913,,,,,,,,
complex,baseline,offset -7 sync (second edit),2,cold-or-first,2,2104.502353,,,,,,,,,,,,,2018.2565610000947,86.24579199990512,,,,,,,,
complex,baseline,undo to import sync,2,cold-or-first,3,1729.8879639999996,,,,,,,,,,,,,1630.6958749998412,99.19208900015838,,,,,,,,
complex,baseline,warm offset sample 1,2,warm,4,1408.664768999999,,,,,,,,,,,,,1327.3417150001587,81.32305399984034,,,,,,,,
complex,baseline,warm offset sample 2,2,warm,5,1423.7510309999998,,,,,,,,,,,,,1344.765606000099,78.98542499990072,,,,,,,,
complex,baseline,warm offset sample 3,2,warm,6,1415.8597410000002,,,,,,,,,,,,,1353.0707229999061,62.789018000094075,,,,,,,,
complex,baseline,warm offset sample 4,2,warm,7,1297.3244989999985,,,,,,,,,,,,,1231.6254160003264,65.6990829996721,,,,,,,,
complex,baseline,warm offset sample 5,2,warm,8,1310.6731609999988,,,,,,,,,,,,,1236.8358110004956,73.8373499995032,,,,,,,,
complex,baseline,warm offset sample 6,2,warm,9,1300.5811710000016,,,,,,,,,,,,,1239.793157999742,60.788013000259525,,,,,,,,
complex,baseline,warm offset sample 7,2,warm,10,1285.298727999998,,,,,,,,,,,,,1225.5359359997456,59.762792000252375,,,,,,,,
complex,baseline,warm offset sample 8,2,warm,11,1296.7317690000018,,,,,,,,,,,,,1238.078441000438,58.65332799956377,,,,,,,,
complex,baseline,warm offset sample 9,2,warm,12,1311.2556250000016,,,,,,,,,,,,,1249.6061050004027,61.64951999959885,,,,,,,,
complex,baseline,warm offset sample 10,2,warm,13,1367.8123059999998,,,,,,,,,,,,,1305.3058559999372,62.506450000062614,,,,,,,,
complex,baseline,warm offset sample 11,2,warm,14,1467.4963910000006,,,,,,,,,,,,,1390.0226930001954,77.47369799980515,,,,,,,,
complex,baseline,warm offset sample 12,2,warm,15,1435.7917820000002,,,,,,,,,,,,,1372.4688460002544,63.32293599974582,,,,,,,,
complex,baseline,warm offset sample 13,2,warm,16,1351.7207390000003,,,,,,,,,,,,,1294.0782650001274,57.64247399987289,,,,,,,,
complex,baseline,warm offset sample 14,2,warm,17,1425.8449899999978,,,,,,,,,,,,,1355.4213949993864,70.42359500061139,,,,,,,,
complex,baseline,warm offset sample 15,2,warm,18,1347.0358960000012,,,,,,,,,,,,,1275.2024570000322,71.83343899996908,,,,,,,,
complex,baseline,warm offset sample 16,2,warm,19,1338.0228009999992,,,,,,,,,,,,,1279.4554050005463,58.567395999452856,,,,,,,,
complex,baseline,warm offset sample 17,2,warm,20,1353.9075230000017,,,,,,,,,,,,,1293.6148200001044,60.2927029998973,,,,,,,,
complex,baseline,warm offset sample 18,2,warm,21,1401.5741359999956,,,,,,,,,,,,,1334.835011000483,66.73912499951257,,,,,,,,
complex,baseline,warm offset sample 19,2,warm,22,1366.0453409999973,,,,,,,,,,,,,1305.7416679996822,60.30367300031503,,,,,,,,
complex,baseline,warm offset sample 20,2,warm,23,1395.1703139999954,,,,,,,,,,,,,1335.0260059997963,60.14430800019909,,,,,,,,
complex,baseline,warm offset sample 21,2,warm,24,1347.9503909999985,,,,,,,,,,,,,1287.2168960002746,60.733494999723916,,,,,,,,
complex,baseline,warm offset sample 22,2,warm,25,1323.895881000004,,,,,,,,,,,,,1259.3138030000118,64.58207799999218,,,,,,,,
complex,baseline,warm offset sample 23,2,warm,26,1311.2127069999988,,,,,,,,,,,,,1254.0927850005537,57.11992199944507,,,,,,,,
complex,baseline,warm offset sample 24,2,warm,27,1318.5352239999993,,,,,,,,,,,,,1254.9132899997712,63.621934000228066,,,,,,,,
complex,baseline,warm offset sample 25,2,warm,28,1311.4183649999977,,,,,,,,,,,,,1256.7428910001545,54.675473999843234,,,,,,,,
complex,baseline,warm offset sample 26,2,warm,29,1309.3237850000005,,,,,,,,,,,,,1253.149920000069,56.17386499993154,,,,,,,,
complex,baseline,warm offset sample 27,2,warm,30,1321.8222499999974,,,,,,,,,,,,,1263.9198370007362,57.90241299926129,,,,,,,,
complex,baseline,warm offset sample 28,2,warm,31,1314.573712999998,,,,,,,,,,,,,1250.42835299969,64.14536000030785,,,,,,,,
complex,baseline,warm offset sample 29,2,warm,32,1309.727055999996,,,,,,,,,,,,,1252.450407000113,57.27664899988304,,,,,,,,
complex,baseline,warm offset sample 30,2,warm,33,1316.670607,,,,,,,,,,,,,1262.446872999266,54.22373400073411,,,,,,,,
complex,candidate,cold import sync,2,cold-or-first,0,5010.880813,,,,,,,,,,,,,4735.6492570000155,275.23155599998427,,,,,,,,
complex,candidate,offset -6 sync,2,cold-or-first,1,2147.763989000001,,,,,,,,,,,,,2058.9457670000047,88.81822199999624,,,,,,,,
complex,candidate,offset -7 sync (second edit),2,cold-or-first,2,2056.924360000001,,,,,,,,,,,,,1966.8460330000034,90.07832699999744,,,,,,,,
complex,candidate,undo to import sync,2,cold-or-first,3,1640.4856870000003,,,,,,,,,,,,,1539.0435680001137,101.44211899988659,,,,,,,,
complex,candidate,warm offset sample 1,2,warm,4,1320.1270240000013,,,,,,,,,,,,,1252.7567670000208,67.37025699998048,,,,,,,,
complex,candidate,warm offset sample 2,2,warm,5,1326.0551210000012,,,,,,,,,,,,,1250.3555319999923,75.69958900000893,,,,,,,,
complex,candidate,warm offset sample 3,2,warm,6,1379.6537509999998,,,,,,,,,,,,,1311.4541749998516,68.19957600014823,,,,,,,,
complex,candidate,warm offset sample 4,2,warm,7,1359.804818999999,,,,,,,,,,,,,1290.2485720000805,69.55624699991859,,,,,,,,
complex,candidate,warm offset sample 5,2,warm,8,1352.835819,,,,,,,,,,,,,1278.6395919999377,74.19622700006221,,,,,,,,
complex,candidate,warm offset sample 6,2,warm,9,1307.6201839999994,,,,,,,,,,,,,1249.7406440005216,57.879539999477856,,,,,,,,
complex,candidate,warm offset sample 7,2,warm,10,1326.6690220000019,,,,,,,,,,,,,1268.634809000021,58.03421299998081,,,,,,,,
complex,candidate,warm offset sample 8,2,warm,11,1357.478954000002,,,,,,,,,,,,,1289.671753999668,67.80720000033398,,,,,,,,
complex,candidate,warm offset sample 9,2,warm,12,1466.6379229999984,,,,,,,,,,,,,1390.0657750002647,76.57214799973372,,,,,,,,
complex,candidate,warm offset sample 10,2,warm,13,1402.7320010000003,,,,,,,,,,,,,1337.2146530001482,65.51734799985206,,,,,,,,
complex,candidate,warm offset sample 11,2,warm,14,1453.7290150000008,,,,,,,,,,,,,1378.739467999956,74.9895470000447,,,,,,,,
complex,candidate,warm offset sample 12,2,warm,15,1413.6573229999995,,,,,,,,,,,,,1355.571126999912,58.08619600008751,,,,,,,,
complex,candidate,warm offset sample 13,2,warm,16,1404.161666,,,,,,,,,,,,,1340.9415259997986,63.220140000201354,,,,,,,,
complex,candidate,warm offset sample 14,2,warm,17,1396.1780360000012,,,,,,,,,,,,,1334.5860790002043,61.59195699979682,,,,,,,,
complex,candidate,warm offset sample 15,2,warm,18,1396.5976249999985,,,,,,,,,,,,,1317.200388999856,79.39723600014258,,,,,,,,
complex,candidate,warm offset sample 16,2,warm,19,1405.9435319999975,,,,,,,,,,,,,1345.6679670001758,60.275564999821654,,,,,,,,
complex,candidate,warm offset sample 17,2,warm,20,1375.5110879999993,,,,,,,,,,,,,1314.89275500011,60.61833299988939,,,,,,,,
complex,candidate,warm offset sample 18,2,warm,21,1370.1738560000013,,,,,,,,,,,,,1304.5261170000958,65.64773899990541,,,,,,,,
complex,candidate,warm offset sample 19,2,warm,22,1350.1020930000013,,,,,,,,,,,,,1290.6328980003964,59.46919499960495,,,,,,,,
complex,candidate,warm offset sample 20,2,warm,23,1355.2532659999997,,,,,,,,,,,,,1295.761690000094,59.49157599990576,,,,,,,,
complex,candidate,warm offset sample 21,2,warm,24,1306.2886560000043,,,,,,,,,,,,,1248.9315409997798,57.35711500022444,,,,,,,,
complex,candidate,warm offset sample 22,2,warm,25,1347.571097,,,,,,,,,,,,,1277.6060209995048,69.96507600049517,,,,,,,,
complex,candidate,warm offset sample 23,2,warm,26,1365.0430359999955,,,,,,,,,,,,,1302.7310820004786,62.311953999516845,,,,,,,,
complex,candidate,warm offset sample 24,2,warm,27,1377.2493599999943,,,,,,,,,,,,,1319.6285369995821,57.6208230004122,,,,,,,,
complex,candidate,warm offset sample 25,2,warm,28,1382.4892369999943,,,,,,,,,,,,,1322.2294140000377,60.25982299995667,,,,,,,,
complex,candidate,warm offset sample 26,2,warm,29,1365.047692,,,,,,,,,,,,,1306.5033110002696,58.54438099973049,,,,,,,,
complex,candidate,warm offset sample 27,2,warm,30,1342.8009879999954,,,,,,,,,,,,,1284.5343389999325,58.2666490000629,,,,,,,,
complex,candidate,warm offset sample 28,2,warm,31,1371.0039350000006,,,,,,,,,,,,,1306.2608430000764,64.74309199992422,,,,,,,,
complex,candidate,warm offset sample 29,2,warm,32,1359.3315870000006,,,,,,,,,,,,,1301.904789999884,57.426797000116494,,,,,,,,
complex,candidate,warm offset sample 30,2,warm,33,1384.5522899999996,,,,,,,,,,,,,1326.991017000022,57.56127299997752,,,,,,,,
browser,baseline,unique-width,1,warm,1,,,,,,,,,,,,,,,,12,56.60000000055879,205.29999999981374,16.200000000186265,1.7999999998137355,3.2000000001862645,281.30000000074506,153.20000000018626
browser,baseline,unique-width,1,warm,2,,,,,,,,,,,,,,,,12.1,27.40000000037253,115.29999999981374,125,1.2999999998137355,8.799999999813735,276.5,411
browser,baseline,unique-width,1,warm,3,,,,,,,,,,,,,,,,12.2,24.5,120.59999999962747,9.200000000186265,1.7000000001862645,8,162.29999999981374,264.19999999925494
browser,baseline,unique-width,1,warm,4,,,,,,,,,,,,,,,,12.3,41.90000000037253,136.8999999994412,122.90000000037253,1.2999999998137355,12.099999999627471,313.79999999981374,409.5
browser,baseline,unique-width,1,warm,5,,,,,,,,,,,,,,,,12.4,25,114.3999999994412,7.400000000372529,1.2999999998137355,7.2999999998137355,154.09999999962747,266.09999999962747
browser,baseline,unique-width,1,warm,6,,,,,,,,,,,,,,,,12.5,24.299999999813735,3.099999999627471,115.1000000005588,1.5,6.199999999254942,148.69999999925494,255.1000000005588
browser,baseline,unique-width,1,warm,7,,,,,,,,,,,,,,,,12.6,27.59999999962747,123,6,1,5.2999999998137355,161.8999999994412,279.20000000018626
browser,baseline,unique-width,1,warm,8,,,,,,,,,,,,,,,,12.7,22.5,2.6000000005587935,116.19999999925494,1.099999999627471,5.6000000005587935,146.90000000037253,262.59999999962747
browser,baseline,unique-width,1,warm,9,,,,,,,,,,,,,,,,12.8,26.5,135.90000000037253,8,1.5,10,180.40000000037253,313.5
browser,baseline,unique-width,1,warm,10,,,,,,,,,,,,,,,,12.9,24.09999999962747,122.29999999981374,6.400000000372529,1.2000000001862645,11.700000000186265,164.5,289.90000000037253
browser,baseline,unique-width,1,warm,11,,,,,,,,,,,,,,,,13,33.700000000186265,4.599999999627471,106,1.7000000001862645,2.7000000001862645,147,251.5
browser,baseline,unique-width,1,warm,12,,,,,,,,,,,,,,,,13.1,25.09999999962747,101.1000000005588,128,1.2000000001862645,12.099999999627471,266.29999999981374,371.79999999981374
browser,baseline,unique-width,1,warm,13,,,,,,,,,,,,,,,,13.2,23,2.3999999994412065,3.900000000372529,0.599999999627471,3.2999999998137355,32.59999999962747,138.1000000005588
browser,baseline,unique-width,1,warm,14,,,,,,,,,,,,,,,,13.3,26,117.79999999981374,167.09999999962747,1.5,6.5,317.3999999994412,421.29999999981374
browser,baseline,unique-width,1,warm,15,,,,,,,,,,,,,,,,13.4,26.200000000186265,111.8999999994412,154.90000000037253,1.7999999998137355,8.700000000186265,301.70000000018626,557.8000000007451
browser,baseline,unique-width,1,warm,16,,,,,,,,,,,,,,,,13.5,26,123.20000000018626,10.900000000372529,1.2000000001862645,4,164.1000000005588,309.6000000005588
browser,baseline,unique-width,1,warm,17,,,,,,,,,,,,,,,,13.6,28.09999999962747,127.5,7.1000000005587935,1.400000000372529,2.3999999994412065,165.09999999962747,270.90000000037253
browser,baseline,unique-width,1,warm,18,,,,,,,,,,,,,,,,13.7,24.399999999441206,105.30000000074506,6.2999999998137355,1.2000000001862645,12.299999999813735,148.29999999981374,260.79999999981374
browser,baseline,unique-width,1,warm,19,,,,,,,,,,,,,,,,13.8,24.199999999254942,2.2000000001862645,119.90000000037253,1.2999999998137355,2.2000000001862645,148.5,270.3999999994412
browser,baseline,unique-width,1,warm,20,,,,,,,,,,,,,,,,13.9,26.59999999962747,139.70000000018626,6.5,1.2000000001862645,7.099999999627471,179.8999999994412,326.6000000005588
browser,baseline,unique-width,1,warm,21,,,,,,,,,,,,,,,,14,25.300000000745058,153.79999999981374,6.7000000001862645,1.1000000005587935,8.5,194.30000000074506,328.29999999981374
browser,baseline,unique-width,1,warm,22,,,,,,,,,,,,,,,,14.1,26.59999999962747,106.70000000018626,6.7000000001862645,1.2999999998137355,5.599999999627471,145.59999999962747,262.8999999994412
browser,baseline,unique-width,1,warm,23,,,,,,,,,,,,,,,,14.2,27.59999999962747,148.29999999981374,123.5,1.2999999998137355,11.299999999813735,310.69999999925494,409.40000000037253
browser,baseline,unique-width,1,warm,24,,,,,,,,,,,,,,,,14.3,22.399999999441206,143.20000000018626,6.7999999998137355,1.099999999627471,6.300000000745058,178.70000000018626,304.3999999994412
browser,baseline,unique-width,1,warm,25,,,,,,,,,,,,,,,,14.4,24.40000000037253,2.2999999998137355,124.1000000005588,1.400000000372529,12.899999999441206,163.70000000018626,273.30000000074506
browser,baseline,unique-width,1,warm,26,,,,,,,,,,,,,,,,14.5,23.5,131,7.2999999998137355,1.3999999994412065,2.400000000372529,164.20000000018626,311.29999999981374
browser,baseline,unique-width,1,warm,27,,,,,,,,,,,,,,,,14.6,26.199999999254942,105,7.2000000001862645,1.3999999994412065,8.600000000558794,147,256.6000000005588
browser,baseline,unique-width,1,warm,28,,,,,,,,,,,,,,,,14.7,26,128.40000000037253,6.2999999998137355,1.2000000001862645,4.7999999998137355,165.5,274.59999999962747
browser,baseline,unique-width,1,warm,29,,,,,,,,,,,,,,,,14.8,26.700000000186265,170.70000000018626,7.2999999998137355,1.2000000001862645,7.400000000372529,212.1000000005588,319
browser,baseline,unique-width,1,warm,30,,,,,,,,,,,,,,,,14.9,26.700000000186265,118,6.900000000372529,1.2000000001862645,12.200000000186265,163.80000000074506,300.59999999962747
browser,candidate,unique-width,1,warm,1,,,,,,,,,,,,,,,,12,47.799999999813735,203.79999999981374,11.700000000186265,3.3999999994412065,3.7000000001862645,267,176.79999999981374
browser,candidate,unique-width,1,warm,2,,,,,,,,,,,,,,,,12.1,27.40000000037253,126.8999999994412,9.400000000372529,1.5,2.8999999994412065,166.59999999962747,292.29999999981374
browser,candidate,unique-width,1,warm,3,,,,,,,,,,,,,,,,12.2,23.600000000558794,133,162.3999999994412,1.599999999627471,10,329,525.6000000005588
browser,candidate,unique-width,1,warm,4,,,,,,,,,,,,,,,,12.3,25.299999999813735,122.59999999962747,9.900000000372529,1.900000000372529,9.099999999627471,166.8999999994412,294.5
browser,candidate,unique-width,1,warm,5,,,,,,,,,,,,,,,,12.4,26.299999999813735,129.29999999981374,7.2999999998137355,1.2999999998137355,5.7999999998137355,168.69999999925494,289.29999999981374
browser,candidate,unique-width,1,warm,6,,,,,,,,,,,,,,,,12.5,30.700000000186265,147.79999999981374,115.29999999981374,1.2000000001862645,2.2999999998137355,296.09999999962747,227
browser,candidate,unique-width,1,warm,7,,,,,,,,,,,,,,,,12.6,27.59999999962747,119.90000000037253,6.8999999994412065,1.2000000001862645,7.7999999998137355,162.19999999925494,268.59999999962747
browser,candidate,unique-width,1,warm,8,,,,,,,,,,,,,,,,12.7,24.299999999813735,136.09999999962747,6.400000000372529,1.099999999627471,16,182.79999999981374,297
browser,candidate,unique-width,1,warm,9,,,,,,,,,,,,,,,,12.8,21.799999999813735,2.599999999627471,134.40000000037253,1.6000000005587935,2.7999999998137355,161.59999999962747,280.29999999981374
browser,candidate,unique-width,1,warm,10,,,,,,,,,,,,,,,,12.9,23.5,135.1000000005588,119.5,1.300000000745058,6.8999999994412065,285,388.1000000005588
browser,candidate,unique-width,1,warm,11,,,,,,,,,,,,,,,,13,24.59999999962747,123.6000000005588,6.7999999998137355,1,7.7000000001862645,162.70000000018626,285.29999999981374
browser,candidate,unique-width,1,warm,12,,,,,,,,,,,,,,,,13.1,22.299999999813735,2.5,3.900000000372529,0.5,3.2999999998137355,32,121.80000000074506
browser,candidate,unique-width,1,warm,13,,,,,,,,,,,,,,,,13.2,29.09999999962747,163.70000000018626,130.09999999962747,1.7999999998137355,7,329.8999999994412,591
browser,candidate,unique-width,1,warm,14,,,,,,,,,,,,,,,,13.3,18.09999999962747,139.5,6.2000000001862645,1.1000000005587935,10.700000000186265,174.5,302.09999999962747
browser,candidate,unique-width,1,warm,15,,,,,,,,,,,,,,,,13.4,24.799999999813735,129.5,7.800000000745058,1.1000000005587935,6,168.1000000005588,324.80000000074506
browser,candidate,unique-width,1,warm,16,,,,,,,,,,,,,,,,13.5,24.40000000037253,153,7.7999999998137355,1.2000000001862645,10.600000000558794,195.80000000074506,347.70000000018626
browser,candidate,unique-width,1,warm,17,,,,,,,,,,,,,,,,13.6,24.5,123.40000000037253,5.7999999998137355,1,6.2000000001862645,159.90000000037253,162.79999999981374
browser,candidate,unique-width,1,warm,18,,,,,,,,,,,,,,,,13.7,22.09999999962747,3.400000000372529,143.40000000037253,1.300000000745058,11,179.90000000037253,302.20000000018626
browser,candidate,unique-width,1,warm,19,,,,,,,,,,,,,,,,13.8,23.399999999441206,2.2000000001862645,118.29999999981374,1.5,2.2000000001862645,146.09999999962747,278.09999999962747
browser,candidate,unique-width,1,warm,20,,,,,,,,,,,,,,,,13.9,24.399999999441206,121.40000000037253,6.099999999627471,1.2000000001862645,10,161.8999999994412,258.40000000037253
browser,candidate,unique-width,1,warm,21,,,,,,,,,,,,,,,,14,22.59999999962747,147.80000000074506,9.299999999813735,1.2000000001862645,6.2999999998137355,186,155.70000000018626
browser,candidate,unique-width,1,warm,22,,,,,,,,,,,,,,,,14.1,30.100000000558794,111,158.3999999994412,1.2999999998137355,3,302.5,397.79999999981374
browser,candidate,unique-width,1,warm,23,,,,,,,,,,,,,,,,14.2,36.60000000055879,133.29999999981374,7.2999999998137355,1.3999999994412065,6.2000000001862645,183.40000000037253,268.79999999981374
browser,candidate,unique-width,1,warm,24,,,,,,,,,,,,,,,,14.3,22.799999999813735,2.400000000372529,119.5,1.400000000372529,2.2000000001862645,146.90000000037253,255.40000000037253
browser,candidate,unique-width,1,warm,25,,,,,,,,,,,,,,,,14.4,24.200000000186265,131.8999999994412,173.79999999981374,1.199999999254942,6.400000000372529,336.29999999981374,436.70000000018626
browser,candidate,unique-width,1,warm,26,,,,,,,,,,,,,,,,14.5,25.40000000037253,117.19999999925494,8.400000000372529,1,9.099999999627471,160.09999999962747,292
browser,candidate,unique-width,1,warm,27,,,,,,,,,,,,,,,,14.6,35.09999999962747,138.79999999981374,146,1.599999999627471,6.2000000001862645,326.09999999962747,401.8999999994412
browser,candidate,unique-width,1,warm,28,,,,,,,,,,,,,,,,14.7,25.799999999813735,114,6.400000000372529,1.2000000001862645,5.099999999627471,151.29999999981374,293.79999999981374
browser,candidate,unique-width,1,warm,29,,,,,,,,,,,,,,,,14.8,24.800000000745058,128.79999999981374,7.7999999998137355,1.5,4.900000000372529,166.30000000074506,271.20000000018626
browser,candidate,unique-width,1,warm,30,,,,,,,,,,,,,,,,14.9,22.300000000745058,2.7999999998137355,113.70000000018626,1.300000000745058,6.099999999627471,144.90000000037253,271.8999999994412
browser,baseline,unique-width-isolated,100,warm,1,,,,,,,,,,,,,,,,12,320.09999999962747,238.70000000018626,256.79999999981374,3.7000000001862645,3.2000000001862645,818.7999999998137,914.6000000005588
browser,baseline,unique-width-isolated,100,warm,2,,,,,,,,,,,,,,,,12.1,318.79999999981374,243.70000000018626,201.3999999994412,3.099999999627471,3,766.8999999994412,885.2999999998137
browser,baseline,unique-width-isolated,100,warm,3,,,,,,,,,,,,,,,,12.2,312.1000000005588,311.29999999981374,165.29999999981374,3.400000000372529,2.900000000372529,791.6000000005588,888.8999999994412
browser,baseline,unique-width-isolated,100,warm,4,,,,,,,,,,,,,,,,12.3,291.6000000005588,261.20000000018626,179.3999999994412,3.599999999627471,3.2999999998137355,735.5,873.8999999994412
browser,baseline,unique-width-isolated,100,warm,5,,,,,,,,,,,,,,,,12.4,305.29999999981374,254.79999999981374,187,3.199999999254942,2.400000000372529,749.5,876.2999999998137
browser,baseline,unique-width-isolated,100,warm,6,,,,,,,,,,,,,,,,12.5,268.90000000037253,185.59999999962747,185.30000000074506,3.6000000005587935,3.5,643.3000000007451,728.7999999998137
browser,baseline,unique-width-isolated,100,warm,7,,,,,,,,,,,,,,,,12.6,305.59999999962747,193.90000000037253,171.59999999962747,3.2999999998137355,2.900000000372529,674,774.7999999998137
browser,baseline,unique-width-isolated,100,warm,8,,,,,,,,,,,,,,,,12.7,283.40000000037253,292.5,204.09999999962747,5.099999999627471,4.2999999998137355,784.2999999998137,907.2000000001863
browser,baseline,unique-width-isolated,100,warm,9,,,,,,,,,,,,,,,,12.8,308.90000000037253,245.20000000018626,233.8999999994412,3,2.7000000001862645,790.7000000001863,935.7999999998137
browser,baseline,unique-width-isolated,100,warm,10,,,,,,,,,,,,,,,,12.9,263.70000000018626,223.20000000018626,169.79999999981374,3.099999999627471,2.599999999627471,659.2999999998137,813.6000000005588
browser,baseline,unique-width-isolated,100,warm,11,,,,,,,,,,,,,,,,13,284.5,217.29999999981374,173.5,3.699999999254942,2.7000000001862645,678,763.2999999998137
browser,baseline,unique-width-isolated,100,warm,12,,,,,,,,,,,,,,,,13.1,336.1000000005588,283.3999999994412,161.1000000005588,3.1000000005587935,2.7000000001862645,783.3000000007451,911.7999999998137
browser,baseline,unique-width-isolated,100,warm,13,,,,,,,,,,,,,,,,13.2,291.90000000037253,220.3999999994412,210.40000000037253,3.2999999998137355,2.7000000001862645,725.4000000003725,815.8999999994412
browser,baseline,unique-width-isolated,100,warm,14,,,,,,,,,,,,,,,,13.3,264.20000000018626,283,187.29999999981374,3,2.7000000001862645,737.2000000001863,879.2000000001863
browser,baseline,unique-width-isolated,100,warm,15,,,,,,,,,,,,,,,,13.4,289.6000000005588,208.8999999994412,181.1000000005588,3.1000000005587935,2.3999999994412065,682,769.7000000001863
browser,baseline,unique-width-isolated,100,warm,16,,,,,,,,,,,,,,,,13.5,271.29999999981374,239,183.40000000037253,3,2.2000000001862645,695.9000000003725,808.9000000003725
browser,baseline,unique-width-isolated,100,warm,17,,,,,,,,,,,,,,,,13.6,277.30000000074506,222.29999999981374,184.59999999962747,3,3.2000000001862645,687.4000000003725,757.7000000001863
browser,baseline,unique-width-isolated,100,warm,18,,,,,,,,,,,,,,,,13.7,276.5,213,199.09999999962747,3,2.7999999998137355,691.3999999994412,782.1999999992549
browser,baseline,unique-width-isolated,100,warm,19,,,,,,,,,,,,,,,,13.8,265.09999999962747,228.59999999962747,183.20000000018626,6.8999999994412065,4.7000000001862645,681.5999999996275,814.5999999996275
browser,baseline,unique-width-isolated,100,warm,20,,,,,,,,,,,,,,,,13.9,252.29999999981374,246.6000000005588,164.09999999962747,3.2999999998137355,3,666,803.1000000005588
browser,baseline,unique-width-isolated,100,warm,21,,,,,,,,,,,,,,,,14,266.1000000005588,216.69999999925494,202.1000000005588,3,2.2000000001862645,687.1000000005588,788.3000000007451
browser,baseline,unique-width-isolated,100,warm,22,,,,,,,,,,,,,,,,14.1,270.09999999962747,245,174.40000000037253,3,2.599999999627471,692.0999999996275,793.7999999998137
browser,baseline,unique-width-isolated,100,warm,23,,,,,,,,,,,,,,,,14.2,272.79999999981374,250.40000000037253,179.09999999962747,3.2999999998137355,2.400000000372529,704.7000000001863,825
browser,baseline,unique-width-isolated,100,warm,24,,,,,,,,,,,,,,,,14.3,280.59999999962747,218.90000000037253,184,3.5,2.7999999998137355,686.2999999998137,799.8999999994412
browser,baseline,unique-width-isolated,100,warm,25,,,,,,,,,,,,,,,,14.4,308.1000000005588,232.79999999981374,235.5,3.400000000372529,3.2000000001862645,779.6000000005588,911.7999999998137
browser,baseline,unique-width-isolated,100,warm,26,,,,,,,,,,,,,,,,14.5,280.09999999962747,213.40000000037253,194,3.599999999627471,2.599999999627471,690.0999999996275,806.3999999994412
browser,baseline,unique-width-isolated,100,warm,27,,,,,,,,,,,,,,,,14.6,258.1000000005588,213.8999999994412,176.70000000018626,3,2.7999999998137355,651.5,753
browser,baseline,unique-width-isolated,100,warm,28,,,,,,,,,,,,,,,,14.7,243.70000000018626,242.5,206.70000000018626,3.1000000005587935,2.3999999994412065,695.2999999998137,816.5999999996275
browser,baseline,unique-width-isolated,100,warm,29,,,,,,,,,,,,,,,,14.8,271,279,180,3.099999999627471,3.1000000005587935,733.1000000005588,812.5
browser,baseline,unique-width-isolated,100,warm,30,,,,,,,,,,,,,,,,14.9,288.1000000005588,254.3999999994412,191.6000000005588,3.2999999998137355,2.8999999994412065,737,856.5
browser,candidate,unique-width-isolated,100,warm,1,,,,,,,,,,,,,,,,12,210.29999999981374,226.90000000037253,194,3.400000000372529,3.599999999627471,634.7999999998137,757
browser,candidate,unique-width-isolated,100,warm,2,,,,,,,,,,,,,,,,12.1,194.8999999994412,251.6000000005588,200.19999999925494,3.699999999254942,3.400000000372529,650.0999999996275,799.2000000001863
browser,candidate,unique-width-isolated,100,warm,3,,,,,,,,,,,,,,,,12.2,203.29999999981374,201.6000000005588,232.09999999962747,3.5,3.5,640.5,761.6000000005588
browser,candidate,unique-width-isolated,100,warm,4,,,,,,,,,,,,,,,,12.3,184.40000000037253,224.70000000018626,192.69999999925494,3.5,15.900000000372529,617.7000000001863,875.7000000001863
browser,candidate,unique-width-isolated,100,warm,5,,,,,,,,,,,,,,,,12.4,172,209.29999999981374,204.20000000018626,11,4,589.5,724.7999999998137
browser,candidate,unique-width-isolated,100,warm,6,,,,,,,,,,,,,,,,12.5,193.29999999981374,247.70000000018626,222.5,3.900000000372529,3,666.5,809.2000000001863
browser,candidate,unique-width-isolated,100,warm,7,,,,,,,,,,,,,,,,12.6,186.3999999994412,201.1000000005588,203.79999999981374,4.2000000001862645,3,594.2999999998137,753
browser,candidate,unique-width-isolated,100,warm,8,,,,,,,,,,,,,,,,12.7,170.5,198,174.69999999925494,3.2999999998137355,3.6000000005587935,546.7999999998137,671.5
browser,candidate,unique-width-isolated,100,warm,9,,,,,,,,,,,,,,,,12.8,179.79999999981374,238.90000000037253,183.5,3.400000000372529,2.599999999627471,604.7999999998137,704.6999999992549
browser,candidate,unique-width-isolated,100,warm,10,,,,,,,,,,,,,,,,12.9,183.70000000018626,203.59999999962747,190,4.2999999998137355,4,581.2999999998137,744.7999999998137
browser,candidate,unique-width-isolated,100,warm,11,,,,,,,,,,,,,,,,13,189.09999999962747,208,32.10000000055879,3.5,8.599999999627471,437.79999999981374,554.2999999998137
browser,candidate,unique-width-isolated,100,warm,12,,,,,,,,,,,,,,,,13.1,178.1000000005588,223.29999999981374,191.29999999981374,4,3.6000000005587935,596.3000000007451,754.8000000007451
browser,candidate,unique-width-isolated,100,warm,13,,,,,,,,,,,,,,,,13.2,170.70000000018626,244.90000000037253,33,3.7000000001862645,10.700000000186265,459.30000000074506,562
browser,candidate,unique-width-isolated,100,warm,14,,,,,,,,,,,,,,,,13.3,177.5,211.59999999962747,208.29999999981374,3.199999999254942,3.400000000372529,600.7999999998137,709.2000000001863
browser,candidate,unique-width-isolated,100,warm,15,,,,,,,,,,,,,,,,13.4,185.90000000037253,234.69999999925494,217,4,8.700000000186265,646.2999999998137,779.6999999992549
browser,candidate,unique-width-isolated,100,warm,16,,,,,,,,,,,,,,,,13.5,192.29999999981374,191.09999999962747,30.40000000037253,3.099999999627471,8.700000000186265,422.5,536
browser,candidate,unique-width-isolated,100,warm,17,,,,,,,,,,,,,,,,13.6,184.59999999962747,230.70000000018626,185.09999999962747,3.099999999627471,24.100000000558794,624.5,719.1999999992549
browser,candidate,unique-width-isolated,100,warm,18,,,,,,,,,,,,,,,,13.7,191.29999999981374,211.09999999962747,209.90000000037253,3.2000000001862645,4.2000000001862645,616.5,741.5999999996275
browser,candidate,unique-width-isolated,100,warm,19,,,,,,,,,,,,,,,,13.8,172.5,185.59999999962747,184.6000000005588,3.1000000005587935,3.599999999627471,546.2999999998137,635.4000000003725
browser,candidate,unique-width-isolated,100,warm,20,,,,,,,,,,,,,,,,13.9,173,193.8999999994412,196.5,3.099999999627471,3.2000000001862645,566.5999999996275,685
browser,candidate,unique-width-isolated,100,warm,21,,,,,,,,,,,,,,,,14,172.79999999981374,214.20000000018626,218.29999999981374,3.400000000372529,3,608.2999999998137,755.7999999998137
browser,candidate,unique-width-isolated,100,warm,22,,,,,,,,,,,,,,,,14.1,236.70000000018626,263.70000000018626,222.09999999962747,3,2.7999999998137355,725.2999999998137,809.9000000003725
browser,candidate,unique-width-isolated,100,warm,23,,,,,,,,,,,,,,,,14.2,204.79999999981374,276.6000000005588,232,3.1000000005587935,2.8999999994412065,716.2999999998137,846.9000000003725
browser,candidate,unique-width-isolated,100,warm,24,,,,,,,,,,,,,,,,14.3,198.70000000018626,230.20000000018626,34.200000000186265,3.400000000372529,8.700000000186265,471.80000000074506,590.2000000001863
browser,candidate,unique-width-isolated,100,warm,25,,,,,,,,,,,,,,,,14.4,175.59999999962747,268.79999999981374,32.700000000186265,3.8999999994412065,9,486.09999999962747,612.5
browser,candidate,unique-width-isolated,100,warm,26,,,,,,,,,,,,,,,,14.5,188.90000000037253,210.29999999981374,30.299999999813735,3,8,437.5,547.8999999994412
browser,candidate,unique-width-isolated,100,warm,27,,,,,,,,,,,,,,,,14.6,179.79999999981374,210.40000000037253,197.09999999962747,2.8999999994412065,2.7999999998137355,590.0999999996275,725.8999999994412
browser,candidate,unique-width-isolated,100,warm,28,,,,,,,,,,,,,,,,14.7,194.5,222.1000000005588,32.39999999944121,3,9.400000000372529,458.40000000037253,563.5
browser,candidate,unique-width-isolated,100,warm,29,,,,,,,,,,,,,,,,14.8,177.20000000018626,216.79999999981374,215.70000000018626,3.2999999998137355,2.8999999994412065,612.5999999996275,733.7000000001863
browser,candidate,unique-width-isolated,100,warm,30,,,,,,,,,,,,,,,,14.9,187.1000000005588,228.79999999981374,28.5,2.900000000372529,8.200000000186265,452.6000000005588,575.4000000003725
browser,baseline,initial-creation,1,cold-worker,0,,,,,,,,,,,,,,,,30,16.09999999962747,272,11.600000000558794,4.1000000005587935,22.5,322.20000000018626,15.299999999813735
browser,baseline,initial-creation,1,cold-worker,1,,,,,,,,,,,,,,,,30,15.799999999813735,235.29999999981374,16,4.7999999998137355,17,284.09999999962747,13.600000000558794
browser,baseline,initial-creation,1,cold-worker,2,,,,,,,,,,,,,,,,30,16.600000000558794,231.5,9.899999999441206,3.7000000001862645,19.100000000558794,277.1000000005588,157.5
browser,baseline,initial-creation,1,cold-worker,3,,,,,,,,,,,,,,,,30,16,200,10.099999999627471,4.2000000001862645,19.90000000037253,246,132.70000000018626
browser,baseline,initial-creation,1,cold-worker,4,,,,,,,,,,,,,,,,30,15.900000000372529,237.90000000037253,13.099999999627471,4,28.09999999962747,295,21.09999999962747
browser,baseline,initial-creation,1,cold-worker,5,,,,,,,,,,,,,,,,30,15.399999999441206,254.1000000005588,10.700000000186265,4.1000000005587935,18.09999999962747,298.29999999981374,139.79999999981374
browser,candidate,initial-creation,1,cold-worker,0,,,,,,,,,,,,,,,,30,16.5,254.59999999962747,10.5,4,17.40000000037253,299,26.700000000186265
browser,candidate,initial-creation,1,cold-worker,1,,,,,,,,,,,,,,,,30,15.700000000186265,219.29999999981374,12,5.099999999627471,18.700000000186265,265.70000000018626,181.1000000005588
browser,candidate,initial-creation,1,cold-worker,2,,,,,,,,,,,,,,,,30,16.299999999813735,228.79999999981374,10.900000000372529,3.7999999998137355,21.700000000186265,277.70000000018626,28
browser,candidate,initial-creation,1,cold-worker,3,,,,,,,,,,,,,,,,30,18.600000000558794,228.09999999962747,12.900000000372529,6.1000000005587935,20.899999999441206,280.5,14
browser,candidate,initial-creation,1,cold-worker,4,,,,,,,,,,,,,,,,30,18.09999999962747,210.29999999981374,10.100000000558794,3.900000000372529,21.5,260,23.09999999962747
browser,candidate,initial-creation,1,cold-worker,5,,,,,,,,,,,,,,,,30,15,234.40000000037253,10.899999999441206,4.3999999994412065,21.600000000558794,281.90000000037253,177.90000000037253
